[error] Failed to fetch Firebase Project from Studio Workspace because WORKSPACE_SLUG environment variable is empty
[error] Failed to fetch Firebase Project from Studio Workspace because WORKSPACE_SLUG environment variable is empty
[debug] [2026-01-28T05:25:21.915Z] > command requires scopes: ["email","openid","https://www.googleapis.com/auth/cloudplatformprojects.readonly","https://www.googleapis.com/auth/firebase","https://www.googleapis.com/auth/cloud-platform","https://www.googleapis.com/auth/userinfo.email"]
[debug] [2026-01-28T05:25:21.919Z] > authorizing via signed-in user (ai729776@gmail.com)
[debug] [2026-01-28T05:25:21.924Z] Checked if tokens are valid: false, expires at: 1769514165728
[debug] [2026-01-28T05:25:21.925Z] Checked if tokens are valid: false, expires at: 1769514165728
[debug] [2026-01-28T05:25:21.929Z] > refreshing access token with scopes: []
[debug] [2026-01-28T05:25:21.939Z] >>> [apiv2][query] POST https://www.googleapis.com/oauth2/v3/token [none]
[debug] [2026-01-28T05:25:21.939Z] >>> [apiv2][body] POST https://www.googleapis.com/oauth2/v3/token [omitted]
[error] Failed to fetch Firebase Project from Studio Workspace because WORKSPACE_SLUG environment variable is empty
[error] Failed to fetch Firebase Project from Studio Workspace because WORKSPACE_SLUG environment variable is empty
[debug] [2026-01-28T05:25:22.111Z] > command requires scopes: ["email","openid","https://www.googleapis.com/auth/cloudplatformprojects.readonly","https://www.googleapis.com/auth/firebase","https://www.googleapis.com/auth/cloud-platform","https://www.googleapis.com/auth/userinfo.email"]
[debug] [2026-01-28T05:25:22.111Z] > authorizing via signed-in user (ai729776@gmail.com)
[debug] [2026-01-28T05:25:22.111Z] Checked if tokens are valid: false, expires at: 1769514165728
[debug] [2026-01-28T05:25:22.112Z] Checked if tokens are valid: false, expires at: 1769514165728
[debug] [2026-01-28T05:25:22.112Z] > refreshing access token with scopes: []
[debug] [2026-01-28T05:25:22.114Z] >>> [apiv2][query] POST https://www.googleapis.com/oauth2/v3/token [none]
[debug] [2026-01-28T05:25:22.114Z] >>> [apiv2][body] POST https://www.googleapis.com/oauth2/v3/token [omitted]
[debug] [2026-01-28T05:25:22.222Z] <<< [apiv2][status] POST https://www.googleapis.com/oauth2/v3/token 200
[debug] [2026-01-28T05:25:22.223Z] <<< [apiv2][body] POST https://www.googleapis.com/oauth2/v3/token [omitted]
[debug] [2026-01-28T05:25:22.267Z] >>> [apiv2][query] GET https://cloudbilling.googleapis.com/v1/projects/zaqeen-aa745/billingInfo [none]
[debug] [2026-01-28T05:25:22.309Z] <<< [apiv2][status] POST https://www.googleapis.com/oauth2/v3/token 200
[debug] [2026-01-28T05:25:22.310Z] <<< [apiv2][body] POST https://www.googleapis.com/oauth2/v3/token [omitted]
[debug] [2026-01-28T05:25:22.328Z] >>> [apiv2][query] GET https://cloudbilling.googleapis.com/v1/projects/zaqeen-aa745/billingInfo [none]
[debug] [2026-01-28T05:25:22.590Z] <<< [apiv2][status] GET https://cloudbilling.googleapis.com/v1/projects/zaqeen-aa745/billingInfo 200
[debug] [2026-01-28T05:25:22.597Z] <<< [apiv2][body] GET https://cloudbilling.googleapis.com/v1/projects/zaqeen-aa745/billingInfo {"name":"projects/zaqeen-aa745/billingInfo","projectId":"zaqeen-aa745","billingAccountName":"","billingEnabled":false}
[debug] [2026-01-28T05:25:22.617Z] Checked if tokens are valid: true, expires at: 1769581521310
[debug] [2026-01-28T05:25:22.619Z] Checked if tokens are valid: true, expires at: 1769581521310
[debug] [2026-01-28T05:25:22.621Z] Checked if tokens are valid: true, expires at: 1769581521310
[debug] [2026-01-28T05:25:22.621Z] Checked if tokens are valid: true, expires at: 1769581521310
[debug] [2026-01-28T05:25:22.622Z] Checked if tokens are valid: true, expires at: 1769581521310
[debug] [2026-01-28T05:25:22.622Z] Checked if tokens are valid: true, expires at: 1769581521310
[debug] [2026-01-28T05:25:22.622Z] Checked if tokens are valid: true, expires at: 1769581521310
[debug] [2026-01-28T05:25:22.622Z] Checked if tokens are valid: true, expires at: 1769581521310
[debug] [2026-01-28T05:25:22.623Z] Checked if tokens are valid: true, expires at: 1769581521310
[debug] [2026-01-28T05:25:22.623Z] Checked if tokens are valid: true, expires at: 1769581521310
[debug] [2026-01-28T05:25:22.623Z] Checked if tokens are valid: true, expires at: 1769581521310
[debug] [2026-01-28T05:25:22.624Z] Checked if tokens are valid: true, expires at: 1769581521310
[debug] [2026-01-28T05:25:22.696Z] Checked if tokens are valid: true, expires at: 1769581521310
[debug] [2026-01-28T05:25:22.700Z] Checked if tokens are valid: true, expires at: 1769581521310
[debug] [2026-01-28T05:25:22.701Z] Checked if tokens are valid: true, expires at: 1769581521310
[debug] [2026-01-28T05:25:22.701Z] Checked if tokens are valid: true, expires at: 1769581521310
[debug] [2026-01-28T05:25:22.701Z] >>> [apiv2][query] GET https://serviceusage.googleapis.com/v1/projects/zaqeen-aa745/services/storage.googleapis.com [none]
[debug] [2026-01-28T05:25:22.701Z] >>> [apiv2][(partial)header] GET https://serviceusage.googleapis.com/v1/projects/zaqeen-aa745/services/storage.googleapis.com x-goog-quota-user=projects/zaqeen-aa745
[debug] [2026-01-28T05:25:22.709Z] >>> [apiv2][query] GET https://serviceusage.googleapis.com/v1/projects/zaqeen-aa745/services/firebasedataconnect.googleapis.com [none]
[debug] [2026-01-28T05:25:22.709Z] >>> [apiv2][(partial)header] GET https://serviceusage.googleapis.com/v1/projects/zaqeen-aa745/services/firebasedataconnect.googleapis.com x-goog-quota-user=projects/zaqeen-aa745
[debug] [2026-01-28T05:25:22.712Z] >>> [apiv2][query] GET https://serviceusage.googleapis.com/v1/projects/zaqeen-aa745/services/identitytoolkit.googleapis.com [none]
[debug] [2026-01-28T05:25:22.712Z] >>> [apiv2][(partial)header] GET https://serviceusage.googleapis.com/v1/projects/zaqeen-aa745/services/identitytoolkit.googleapis.com x-goog-quota-user=projects/zaqeen-aa745
[debug] [2026-01-28T05:25:22.715Z] >>> [apiv2][query] GET https://serviceusage.googleapis.com/v1/projects/zaqeen-aa745/services/fcm.googleapis.com [none]
[debug] [2026-01-28T05:25:22.715Z] >>> [apiv2][(partial)header] GET https://serviceusage.googleapis.com/v1/projects/zaqeen-aa745/services/fcm.googleapis.com x-goog-quota-user=projects/zaqeen-aa745
[debug] [2026-01-28T05:25:22.718Z] >>> [apiv2][query] GET https://serviceusage.googleapis.com/v1/projects/zaqeen-aa745/services/cloudfunctions.googleapis.com [none]
[debug] [2026-01-28T05:25:22.718Z] >>> [apiv2][(partial)header] GET https://serviceusage.googleapis.com/v1/projects/zaqeen-aa745/services/cloudfunctions.googleapis.com x-goog-quota-user=projects/zaqeen-aa745
[debug] [2026-01-28T05:25:22.723Z] >>> [apiv2][query] GET https://serviceusage.googleapis.com/v1/projects/zaqeen-aa745/services/firebaseremoteconfig.googleapis.com [none]
[debug] [2026-01-28T05:25:22.723Z] >>> [apiv2][(partial)header] GET https://serviceusage.googleapis.com/v1/projects/zaqeen-aa745/services/firebaseremoteconfig.googleapis.com x-goog-quota-user=projects/zaqeen-aa745
[debug] [2026-01-28T05:25:22.726Z] >>> [apiv2][query] GET https://serviceusage.googleapis.com/v1/projects/zaqeen-aa745/services/firebaseapphosting.googleapis.com [none]
[debug] [2026-01-28T05:25:22.726Z] >>> [apiv2][(partial)header] GET https://serviceusage.googleapis.com/v1/projects/zaqeen-aa745/services/firebaseapphosting.googleapis.com x-goog-quota-user=projects/zaqeen-aa745
[debug] [2026-01-28T05:25:22.730Z] >>> [apiv2][query] GET https://serviceusage.googleapis.com/v1/projects/zaqeen-aa745/services/firebaseio.com [none]
[debug] [2026-01-28T05:25:22.730Z] >>> [apiv2][(partial)header] GET https://serviceusage.googleapis.com/v1/projects/zaqeen-aa745/services/firebaseio.com x-goog-quota-user=projects/zaqeen-aa745
[debug] [2026-01-28T05:25:23.350Z] <<< [apiv2][status] GET https://cloudbilling.googleapis.com/v1/projects/zaqeen-aa745/billingInfo 200
[debug] [2026-01-28T05:25:23.351Z] <<< [apiv2][body] GET https://cloudbilling.googleapis.com/v1/projects/zaqeen-aa745/billingInfo {"name":"projects/zaqeen-aa745/billingInfo","projectId":"zaqeen-aa745","billingAccountName":"","billingEnabled":false}
[debug] [2026-01-28T05:25:23.355Z] Checked if tokens are valid: true, expires at: 1769581521310
[debug] [2026-01-28T05:25:23.355Z] Checked if tokens are valid: true, expires at: 1769581521310
[debug] [2026-01-28T05:25:23.356Z] Checked if tokens are valid: true, expires at: 1769581521310
[debug] [2026-01-28T05:25:23.356Z] Checked if tokens are valid: true, expires at: 1769581521310
[debug] [2026-01-28T05:25:23.363Z] Checked if tokens are valid: true, expires at: 1769581521310
[debug] [2026-01-28T05:25:23.364Z] Checked if tokens are valid: true, expires at: 1769581521310
[debug] [2026-01-28T05:25:23.364Z] Checked if tokens are valid: true, expires at: 1769581521310
[debug] [2026-01-28T05:25:23.364Z] Checked if tokens are valid: true, expires at: 1769581521310
[debug] [2026-01-28T05:25:23.364Z] Checked if tokens are valid: true, expires at: 1769581521310
[debug] [2026-01-28T05:25:23.364Z] Checked if tokens are valid: true, expires at: 1769581521310
[debug] [2026-01-28T05:25:23.365Z] Checked if tokens are valid: true, expires at: 1769581521310
[debug] [2026-01-28T05:25:23.368Z] Checked if tokens are valid: true, expires at: 1769581521310
[debug] [2026-01-28T05:25:23.405Z] Checked if tokens are valid: true, expires at: 1769581521310
[debug] [2026-01-28T05:25:23.406Z] Checked if tokens are valid: true, expires at: 1769581521310
[debug] [2026-01-28T05:25:23.406Z] Checked if tokens are valid: true, expires at: 1769581521310
[debug] [2026-01-28T05:25:23.406Z] Checked if tokens are valid: true, expires at: 1769581521310
[debug] [2026-01-28T05:25:23.407Z] >>> [apiv2][query] GET https://serviceusage.googleapis.com/v1/projects/zaqeen-aa745/services/storage.googleapis.com [none]
[debug] [2026-01-28T05:25:23.407Z] >>> [apiv2][(partial)header] GET https://serviceusage.googleapis.com/v1/projects/zaqeen-aa745/services/storage.googleapis.com x-goog-quota-user=projects/zaqeen-aa745
[debug] [2026-01-28T05:25:23.420Z] >>> [apiv2][query] GET https://serviceusage.googleapis.com/v1/projects/zaqeen-aa745/services/firebasedataconnect.googleapis.com [none]
[debug] [2026-01-28T05:25:23.420Z] >>> [apiv2][(partial)header] GET https://serviceusage.googleapis.com/v1/projects/zaqeen-aa745/services/firebasedataconnect.googleapis.com x-goog-quota-user=projects/zaqeen-aa745
[debug] [2026-01-28T05:25:23.424Z] >>> [apiv2][query] GET https://serviceusage.googleapis.com/v1/projects/zaqeen-aa745/services/identitytoolkit.googleapis.com [none]
[debug] [2026-01-28T05:25:23.424Z] >>> [apiv2][(partial)header] GET https://serviceusage.googleapis.com/v1/projects/zaqeen-aa745/services/identitytoolkit.googleapis.com x-goog-quota-user=projects/zaqeen-aa745
[debug] [2026-01-28T05:25:23.429Z] >>> [apiv2][query] GET https://serviceusage.googleapis.com/v1/projects/zaqeen-aa745/services/fcm.googleapis.com [none]
[debug] [2026-01-28T05:25:23.431Z] >>> [apiv2][(partial)header] GET https://serviceusage.googleapis.com/v1/projects/zaqeen-aa745/services/fcm.googleapis.com x-goog-quota-user=projects/zaqeen-aa745
[debug] [2026-01-28T05:25:23.436Z] >>> [apiv2][query] GET https://serviceusage.googleapis.com/v1/projects/zaqeen-aa745/services/cloudfunctions.googleapis.com [none]
[debug] [2026-01-28T05:25:23.436Z] >>> [apiv2][(partial)header] GET https://serviceusage.googleapis.com/v1/projects/zaqeen-aa745/services/cloudfunctions.googleapis.com x-goog-quota-user=projects/zaqeen-aa745
[debug] [2026-01-28T05:25:23.439Z] >>> [apiv2][query] GET https://serviceusage.googleapis.com/v1/projects/zaqeen-aa745/services/firebaseremoteconfig.googleapis.com [none]
[debug] [2026-01-28T05:25:23.439Z] >>> [apiv2][(partial)header] GET https://serviceusage.googleapis.com/v1/projects/zaqeen-aa745/services/firebaseremoteconfig.googleapis.com x-goog-quota-user=projects/zaqeen-aa745
[debug] [2026-01-28T05:25:23.444Z] >>> [apiv2][query] GET https://serviceusage.googleapis.com/v1/projects/zaqeen-aa745/services/firebaseapphosting.googleapis.com [none]
[debug] [2026-01-28T05:25:23.444Z] >>> [apiv2][(partial)header] GET https://serviceusage.googleapis.com/v1/projects/zaqeen-aa745/services/firebaseapphosting.googleapis.com x-goog-quota-user=projects/zaqeen-aa745
[debug] [2026-01-28T05:25:23.448Z] >>> [apiv2][query] GET https://serviceusage.googleapis.com/v1/projects/zaqeen-aa745/services/firebaseio.com [none]
[debug] [2026-01-28T05:25:23.449Z] >>> [apiv2][(partial)header] GET https://serviceusage.googleapis.com/v1/projects/zaqeen-aa745/services/firebaseio.com x-goog-quota-user=projects/zaqeen-aa745
[debug] [2026-01-28T05:25:23.882Z] <<< [apiv2][status] GET https://serviceusage.googleapis.com/v1/projects/zaqeen-aa745/services/storage.googleapis.com 200
[debug] [2026-01-28T05:25:23.889Z] <<< [apiv2][body] GET https://serviceusage.googleapis.com/v1/projects/zaqeen-aa745/services/storage.googleapis.com [omitted]
[debug] [2026-01-28T05:25:23.913Z] <<< [apiv2][status] GET https://serviceusage.googleapis.com/v1/projects/zaqeen-aa745/services/firebasedataconnect.googleapis.com 200
[debug] [2026-01-28T05:25:23.913Z] <<< [apiv2][body] GET https://serviceusage.googleapis.com/v1/projects/zaqeen-aa745/services/firebasedataconnect.googleapis.com [omitted]
[debug] [2026-01-28T05:25:23.989Z] <<< [apiv2][status] GET https://serviceusage.googleapis.com/v1/projects/zaqeen-aa745/services/cloudfunctions.googleapis.com 200
[debug] [2026-01-28T05:25:23.989Z] <<< [apiv2][body] GET https://serviceusage.googleapis.com/v1/projects/zaqeen-aa745/services/cloudfunctions.googleapis.com [omitted]
[debug] [2026-01-28T05:25:24.002Z] <<< [apiv2][status] GET https://serviceusage.googleapis.com/v1/projects/zaqeen-aa745/services/firebaseapphosting.googleapis.com 200
[debug] [2026-01-28T05:25:24.003Z] <<< [apiv2][body] GET https://serviceusage.googleapis.com/v1/projects/zaqeen-aa745/services/firebaseapphosting.googleapis.com [omitted]
[debug] [2026-01-28T05:25:24.005Z] <<< [apiv2][status] GET https://serviceusage.googleapis.com/v1/projects/zaqeen-aa745/services/firebaseremoteconfig.googleapis.com 200
[debug] [2026-01-28T05:25:24.005Z] <<< [apiv2][body] GET https://serviceusage.googleapis.com/v1/projects/zaqeen-aa745/services/firebaseremoteconfig.googleapis.com [omitted]
[debug] [2026-01-28T05:25:24.019Z] <<< [apiv2][status] GET https://serviceusage.googleapis.com/v1/projects/zaqeen-aa745/services/fcm.googleapis.com 200
[debug] [2026-01-28T05:25:24.019Z] <<< [apiv2][body] GET https://serviceusage.googleapis.com/v1/projects/zaqeen-aa745/services/fcm.googleapis.com [omitted]
[debug] [2026-01-28T05:25:24.037Z] <<< [apiv2][status] GET https://serviceusage.googleapis.com/v1/projects/zaqeen-aa745/services/identitytoolkit.googleapis.com 200
[debug] [2026-01-28T05:25:24.037Z] <<< [apiv2][body] GET https://serviceusage.googleapis.com/v1/projects/zaqeen-aa745/services/identitytoolkit.googleapis.com [omitted]
[debug] [2026-01-28T05:25:24.076Z] <<< [apiv2][status] GET https://serviceusage.googleapis.com/v1/projects/zaqeen-aa745/services/firebaseio.com 403
[debug] [2026-01-28T05:25:24.076Z] <<< [apiv2][body] GET https://serviceusage.googleapis.com/v1/projects/zaqeen-aa745/services/firebaseio.com [omitted]
[debug] [2026-01-28T05:25:24.565Z] <<< [apiv2][status] GET https://serviceusage.googleapis.com/v1/projects/zaqeen-aa745/services/firebasedataconnect.googleapis.com 200
[debug] [2026-01-28T05:25:24.566Z] <<< [apiv2][body] GET https://serviceusage.googleapis.com/v1/projects/zaqeen-aa745/services/firebasedataconnect.googleapis.com [omitted]
[debug] [2026-01-28T05:25:24.578Z] <<< [apiv2][status] GET https://serviceusage.googleapis.com/v1/projects/zaqeen-aa745/services/storage.googleapis.com 200
[debug] [2026-01-28T05:25:24.579Z] <<< [apiv2][body] GET https://serviceusage.googleapis.com/v1/projects/zaqeen-aa745/services/storage.googleapis.com [omitted]
[debug] [2026-01-28T05:25:24.609Z] <<< [apiv2][status] GET https://serviceusage.googleapis.com/v1/projects/zaqeen-aa745/services/identitytoolkit.googleapis.com 200
[debug] [2026-01-28T05:25:24.609Z] <<< [apiv2][body] GET https://serviceusage.googleapis.com/v1/projects/zaqeen-aa745/services/identitytoolkit.googleapis.com [omitted]
[debug] [2026-01-28T05:25:24.631Z] <<< [apiv2][status] GET https://serviceusage.googleapis.com/v1/projects/zaqeen-aa745/services/fcm.googleapis.com 200
[debug] [2026-01-28T05:25:24.632Z] <<< [apiv2][body] GET https://serviceusage.googleapis.com/v1/projects/zaqeen-aa745/services/fcm.googleapis.com [omitted]
[debug] [2026-01-28T05:25:24.647Z] <<< [apiv2][status] GET https://serviceusage.googleapis.com/v1/projects/zaqeen-aa745/services/firebaseremoteconfig.googleapis.com 200
[debug] [2026-01-28T05:25:24.647Z] <<< [apiv2][body] GET https://serviceusage.googleapis.com/v1/projects/zaqeen-aa745/services/firebaseremoteconfig.googleapis.com [omitted]
[debug] [2026-01-28T05:25:24.673Z] <<< [apiv2][status] GET https://serviceusage.googleapis.com/v1/projects/zaqeen-aa745/services/cloudfunctions.googleapis.com 200
[debug] [2026-01-28T05:25:24.673Z] <<< [apiv2][body] GET https://serviceusage.googleapis.com/v1/projects/zaqeen-aa745/services/cloudfunctions.googleapis.com [omitted]
[debug] [2026-01-28T05:25:24.675Z] <<< [apiv2][status] GET https://serviceusage.googleapis.com/v1/projects/zaqeen-aa745/services/firebaseio.com 403
[debug] [2026-01-28T05:25:24.675Z] <<< [apiv2][body] GET https://serviceusage.googleapis.com/v1/projects/zaqeen-aa745/services/firebaseio.com [omitted]
[debug] [2026-01-28T05:25:24.708Z] <<< [apiv2][status] GET https://serviceusage.googleapis.com/v1/projects/zaqeen-aa745/services/firebaseapphosting.googleapis.com 200
[debug] [2026-01-28T05:25:24.708Z] <<< [apiv2][body] GET https://serviceusage.googleapis.com/v1/projects/zaqeen-aa745/services/firebaseapphosting.googleapis.com [omitted]
[error] Failed to fetch Firebase Project from Studio Workspace because WORKSPACE_SLUG environment variable is empty
[error] Failed to fetch Firebase Project from Studio Workspace because WORKSPACE_SLUG environment variable is empty
[error] Failed to fetch Firebase Project from Studio Workspace because WORKSPACE_SLUG environment variable is empty
[debug] [2026-01-28T05:25:24.724Z] > command requires scopes: ["email","openid","https://www.googleapis.com/auth/cloudplatformprojects.readonly","https://www.googleapis.com/auth/firebase","https://www.googleapis.com/auth/cloud-platform","https://www.googleapis.com/auth/userinfo.email"]
[debug] [2026-01-28T05:25:24.724Z] > authorizing via signed-in user (ai729776@gmail.com)
[debug] [2026-01-28T05:25:24.725Z] Checked if tokens are valid: true, expires at: 1769581521310
[debug] [2026-01-28T05:25:24.725Z] Checked if tokens are valid: true, expires at: 1769581521310
[debug] [2026-01-28T05:25:24.728Z] >>> [apiv2][query] GET https://cloudbilling.googleapis.com/v1/projects/zaqeen-aa745/billingInfo [none]
[debug] [2026-01-28T05:25:24.949Z] <<< [apiv2][status] GET https://cloudbilling.googleapis.com/v1/projects/zaqeen-aa745/billingInfo 200
[debug] [2026-01-28T05:25:24.949Z] <<< [apiv2][body] GET https://cloudbilling.googleapis.com/v1/projects/zaqeen-aa745/billingInfo {"name":"projects/zaqeen-aa745/billingInfo","projectId":"zaqeen-aa745","billingAccountName":"","billingEnabled":false}
[error] Failed to fetch Firebase Project from Studio Workspace because WORKSPACE_SLUG environment variable is empty
[debug] [2026-01-28T05:25:24.960Z] > command requires scopes: ["email","openid","https://www.googleapis.com/auth/cloudplatformprojects.readonly","https://www.googleapis.com/auth/firebase","https://www.googleapis.com/auth/cloud-platform","https://www.googleapis.com/auth/userinfo.email"]
[debug] [2026-01-28T05:25:24.961Z] > authorizing via signed-in user (ai729776@gmail.com)
[error] Failed to fetch Firebase Project from Studio Workspace because WORKSPACE_SLUG environment variable is empty
[error] Failed to fetch Firebase Project from Studio Workspace because WORKSPACE_SLUG environment variable is empty
[error] Failed to fetch Firebase Project from Studio Workspace because WORKSPACE_SLUG environment variable is empty
[debug] [2026-01-28T05:25:25.046Z] > command requires scopes: ["email","openid","https://www.googleapis.com/auth/cloudplatformprojects.readonly","https://www.googleapis.com/auth/firebase","https://www.googleapis.com/auth/cloud-platform","https://www.googleapis.com/auth/userinfo.email"]
[debug] [2026-01-28T05:25:25.047Z] > authorizing via signed-in user (ai729776@gmail.com)
[debug] [2026-01-28T05:25:25.047Z] Checked if tokens are valid: true, expires at: 1769581521310
[debug] [2026-01-28T05:25:25.047Z] Checked if tokens are valid: true, expires at: 1769581521310
[debug] [2026-01-28T05:25:25.047Z] >>> [apiv2][query] GET https://cloudbilling.googleapis.com/v1/projects/zaqeen-aa745/billingInfo [none]
[error] Failed to fetch Firebase Project from Studio Workspace because WORKSPACE_SLUG environment variable is empty
[error] Failed to fetch Firebase Project from Studio Workspace because WORKSPACE_SLUG environment variable is empty
[error] Failed to fetch Firebase Project from Studio Workspace because WORKSPACE_SLUG environment variable is empty
[debug] [2026-01-28T05:25:25.060Z] > command requires scopes: ["email","openid","https://www.googleapis.com/auth/cloudplatformprojects.readonly","https://www.googleapis.com/auth/firebase","https://www.googleapis.com/auth/cloud-platform","https://www.googleapis.com/auth/userinfo.email"]
[debug] [2026-01-28T05:25:25.062Z] > authorizing via signed-in user (ai729776@gmail.com)
[debug] [2026-01-28T05:25:25.062Z] Checked if tokens are valid: true, expires at: 1769581521310
[debug] [2026-01-28T05:25:25.062Z] Checked if tokens are valid: true, expires at: 1769581521310
[debug] [2026-01-28T05:25:25.063Z] >>> [apiv2][query] GET https://cloudbilling.googleapis.com/v1/projects/zaqeen-aa745/billingInfo [none]
[debug] [2026-01-28T05:25:25.274Z] <<< [apiv2][status] GET https://cloudbilling.googleapis.com/v1/projects/zaqeen-aa745/billingInfo 200
[debug] [2026-01-28T05:25:25.274Z] <<< [apiv2][body] GET https://cloudbilling.googleapis.com/v1/projects/zaqeen-aa745/billingInfo {"name":"projects/zaqeen-aa745/billingInfo","projectId":"zaqeen-aa745","billingAccountName":"","billingEnabled":false}
[error] Failed to fetch Firebase Project from Studio Workspace because WORKSPACE_SLUG environment variable is empty
[debug] [2026-01-28T05:25:25.283Z] > command requires scopes: ["email","openid","https://www.googleapis.com/auth/cloudplatformprojects.readonly","https://www.googleapis.com/auth/firebase","https://www.googleapis.com/auth/cloud-platform","https://www.googleapis.com/auth/userinfo.email"]
[debug] [2026-01-28T05:25:25.283Z] > authorizing via signed-in user (ai729776@gmail.com)
[debug] [2026-01-28T05:25:26.043Z] <<< [apiv2][status] GET https://cloudbilling.googleapis.com/v1/projects/zaqeen-aa745/billingInfo 200
[debug] [2026-01-28T05:25:26.043Z] <<< [apiv2][body] GET https://cloudbilling.googleapis.com/v1/projects/zaqeen-aa745/billingInfo {"name":"projects/zaqeen-aa745/billingInfo","projectId":"zaqeen-aa745","billingAccountName":"","billingEnabled":false}
[error] Failed to fetch Firebase Project from Studio Workspace because WORKSPACE_SLUG environment variable is empty
[debug] [2026-01-28T05:25:26.046Z] > command requires scopes: ["email","openid","https://www.googleapis.com/auth/cloudplatformprojects.readonly","https://www.googleapis.com/auth/firebase","https://www.googleapis.com/auth/cloud-platform","https://www.googleapis.com/auth/userinfo.email"]
[debug] [2026-01-28T05:25:26.047Z] > authorizing via signed-in user (ai729776@gmail.com)
[error] Failed to fetch Firebase Project from Studio Workspace because WORKSPACE_SLUG environment variable is empty
[error] Failed to fetch Firebase Project from Studio Workspace because WORKSPACE_SLUG environment variable is empty
[error] Failed to fetch Firebase Project from Studio Workspace because WORKSPACE_SLUG environment variable is empty
[error] Failed to fetch Firebase Project from Studio Workspace because WORKSPACE_SLUG environment variable is empty
[debug] [2026-01-28T05:31:06.047Z] > command requires scopes: ["email","openid","https://www.googleapis.com/auth/cloudplatformprojects.readonly","https://www.googleapis.com/auth/firebase","https://www.googleapis.com/auth/cloud-platform","https://www.googleapis.com/auth/userinfo.email"]
[debug] [2026-01-28T05:31:06.048Z] > authorizing via signed-in user (ai729776@gmail.com)
[debug] [2026-01-28T05:31:06.050Z] Checked if tokens are valid: true, expires at: 1769581521310
[debug] [2026-01-28T05:31:06.051Z] Checked if tokens are valid: true, expires at: 1769581521310
[debug] [2026-01-28T05:31:06.051Z] > command requires scopes: ["email","openid","https://www.googleapis.com/auth/cloudplatformprojects.readonly","https://www.googleapis.com/auth/firebase","https://www.googleapis.com/auth/cloud-platform","https://www.googleapis.com/auth/userinfo.email"]
[debug] [2026-01-28T05:31:06.052Z] > authorizing via signed-in user (ai729776@gmail.com)
[debug] [2026-01-28T05:31:06.052Z] Checked if tokens are valid: true, expires at: 1769581521310
[debug] [2026-01-28T05:31:06.052Z] Checked if tokens are valid: true, expires at: 1769581521310
[debug] [2026-01-28T05:31:06.054Z] >>> [apiv2][query] GET https://cloudbilling.googleapis.com/v1/projects/zaqeen-aa745/billingInfo [none]
[debug] [2026-01-28T05:31:06.122Z] >>> [apiv2][query] GET https://cloudbilling.googleapis.com/v1/projects/zaqeen-aa745/billingInfo [none]
[debug] [2026-01-28T05:31:06.376Z] <<< [apiv2][status] GET https://cloudbilling.googleapis.com/v1/projects/zaqeen-aa745/billingInfo 200
[debug] [2026-01-28T05:31:06.378Z] <<< [apiv2][body] GET https://cloudbilling.googleapis.com/v1/projects/zaqeen-aa745/billingInfo {"name":"projects/zaqeen-aa745/billingInfo","projectId":"zaqeen-aa745","billingAccountName":"","billingEnabled":false}
[debug] [2026-01-28T05:31:06.391Z] Checked if tokens are valid: true, expires at: 1769581521310
[debug] [2026-01-28T05:31:06.391Z] Checked if tokens are valid: true, expires at: 1769581521310
[debug] [2026-01-28T05:31:06.392Z] Checked if tokens are valid: true, expires at: 1769581521310
[debug] [2026-01-28T05:31:06.392Z] Checked if tokens are valid: true, expires at: 1769581521310
[debug] [2026-01-28T05:31:06.419Z] Checked if tokens are valid: true, expires at: 1769581521310
[debug] [2026-01-28T05:31:06.419Z] Checked if tokens are valid: true, expires at: 1769581521310
[debug] [2026-01-28T05:31:06.420Z] Checked if tokens are valid: true, expires at: 1769581521310
[debug] [2026-01-28T05:31:06.420Z] Checked if tokens are valid: true, expires at: 1769581521310
[debug] [2026-01-28T05:31:06.420Z] >>> [apiv2][query] GET https://serviceusage.googleapis.com/v1/projects/zaqeen-aa745/services/firebasedataconnect.googleapis.com [none]
[debug] [2026-01-28T05:31:06.421Z] >>> [apiv2][(partial)header] GET https://serviceusage.googleapis.com/v1/projects/zaqeen-aa745/services/firebasedataconnect.googleapis.com x-goog-quota-user=projects/zaqeen-aa745
[debug] [2026-01-28T05:31:06.424Z] >>> [apiv2][query] GET https://serviceusage.googleapis.com/v1/projects/zaqeen-aa745/services/cloudfunctions.googleapis.com [none]
[debug] [2026-01-28T05:31:06.425Z] >>> [apiv2][(partial)header] GET https://serviceusage.googleapis.com/v1/projects/zaqeen-aa745/services/cloudfunctions.googleapis.com x-goog-quota-user=projects/zaqeen-aa745
[debug] [2026-01-28T05:31:06.430Z] >>> [apiv2][query] GET https://serviceusage.googleapis.com/v1/projects/zaqeen-aa745/services/firebaseapphosting.googleapis.com [none]
[debug] [2026-01-28T05:31:06.430Z] >>> [apiv2][(partial)header] GET https://serviceusage.googleapis.com/v1/projects/zaqeen-aa745/services/firebaseapphosting.googleapis.com x-goog-quota-user=projects/zaqeen-aa745
[debug] [2026-01-28T05:31:06.433Z] >>> [apiv2][query] GET https://serviceusage.googleapis.com/v1/projects/zaqeen-aa745/services/firebaseio.com [none]
[debug] [2026-01-28T05:31:06.433Z] >>> [apiv2][(partial)header] GET https://serviceusage.googleapis.com/v1/projects/zaqeen-aa745/services/firebaseio.com x-goog-quota-user=projects/zaqeen-aa745
[debug] [2026-01-28T05:31:07.146Z] <<< [apiv2][status] GET https://cloudbilling.googleapis.com/v1/projects/zaqeen-aa745/billingInfo 200
[debug] [2026-01-28T05:31:07.148Z] <<< [apiv2][body] GET https://cloudbilling.googleapis.com/v1/projects/zaqeen-aa745/billingInfo {"name":"projects/zaqeen-aa745/billingInfo","projectId":"zaqeen-aa745","billingAccountName":"","billingEnabled":false}
[debug] [2026-01-28T05:31:07.151Z] Checked if tokens are valid: true, expires at: 1769581521310
[debug] [2026-01-28T05:31:07.152Z] Checked if tokens are valid: true, expires at: 1769581521310
[debug] [2026-01-28T05:31:07.152Z] Checked if tokens are valid: true, expires at: 1769581521310
[debug] [2026-01-28T05:31:07.152Z] Checked if tokens are valid: true, expires at: 1769581521310
[debug] [2026-01-28T05:31:07.166Z] Checked if tokens are valid: true, expires at: 1769581521310
[debug] [2026-01-28T05:31:07.166Z] Checked if tokens are valid: true, expires at: 1769581521310
[debug] [2026-01-28T05:31:07.166Z] Checked if tokens are valid: true, expires at: 1769581521310
[debug] [2026-01-28T05:31:07.167Z] Checked if tokens are valid: true, expires at: 1769581521310
[debug] [2026-01-28T05:31:07.167Z] >>> [apiv2][query] GET https://serviceusage.googleapis.com/v1/projects/zaqeen-aa745/services/firebasedataconnect.googleapis.com [none]
[debug] [2026-01-28T05:31:07.167Z] >>> [apiv2][(partial)header] GET https://serviceusage.googleapis.com/v1/projects/zaqeen-aa745/services/firebasedataconnect.googleapis.com x-goog-quota-user=projects/zaqeen-aa745
[debug] [2026-01-28T05:31:07.170Z] >>> [apiv2][query] GET https://serviceusage.googleapis.com/v1/projects/zaqeen-aa745/services/cloudfunctions.googleapis.com [none]
[debug] [2026-01-28T05:31:07.170Z] >>> [apiv2][(partial)header] GET https://serviceusage.googleapis.com/v1/projects/zaqeen-aa745/services/cloudfunctions.googleapis.com x-goog-quota-user=projects/zaqeen-aa745
[debug] [2026-01-28T05:31:07.173Z] >>> [apiv2][query] GET https://serviceusage.googleapis.com/v1/projects/zaqeen-aa745/services/firebaseapphosting.googleapis.com [none]
[debug] [2026-01-28T05:31:07.173Z] >>> [apiv2][(partial)header] GET https://serviceusage.googleapis.com/v1/projects/zaqeen-aa745/services/firebaseapphosting.googleapis.com x-goog-quota-user=projects/zaqeen-aa745
[debug] [2026-01-28T05:31:07.176Z] >>> [apiv2][query] GET https://serviceusage.googleapis.com/v1/projects/zaqeen-aa745/services/firebaseio.com [none]
[debug] [2026-01-28T05:31:07.176Z] >>> [apiv2][(partial)header] GET https://serviceusage.googleapis.com/v1/projects/zaqeen-aa745/services/firebaseio.com x-goog-quota-user=projects/zaqeen-aa745
[debug] [2026-01-28T05:31:07.484Z] <<< [apiv2][status] GET https://serviceusage.googleapis.com/v1/projects/zaqeen-aa745/services/firebaseio.com 403
[debug] [2026-01-28T05:31:07.485Z] <<< [apiv2][body] GET https://serviceusage.googleapis.com/v1/projects/zaqeen-aa745/services/firebaseio.com [omitted]
[debug] [2026-01-28T05:31:07.510Z] <<< [apiv2][status] GET https://serviceusage.googleapis.com/v1/projects/zaqeen-aa745/services/firebasedataconnect.googleapis.com 200
[debug] [2026-01-28T05:31:07.511Z] <<< [apiv2][body] GET https://serviceusage.googleapis.com/v1/projects/zaqeen-aa745/services/firebasedataconnect.googleapis.com [omitted]
[debug] [2026-01-28T05:31:07.524Z] <<< [apiv2][status] GET https://serviceusage.googleapis.com/v1/projects/zaqeen-aa745/services/cloudfunctions.googleapis.com 200
[debug] [2026-01-28T05:31:07.528Z] <<< [apiv2][body] GET https://serviceusage.googleapis.com/v1/projects/zaqeen-aa745/services/cloudfunctions.googleapis.com [omitted]
[debug] [2026-01-28T05:31:07.565Z] <<< [apiv2][status] GET https://serviceusage.googleapis.com/v1/projects/zaqeen-aa745/services/firebaseapphosting.googleapis.com 200
[debug] [2026-01-28T05:31:07.568Z] <<< [apiv2][body] GET https://serviceusage.googleapis.com/v1/projects/zaqeen-aa745/services/firebaseapphosting.googleapis.com [omitted]
[error] Failed to fetch Firebase Project from Studio Workspace because WORKSPACE_SLUG environment variable is empty
[error] Failed to fetch Firebase Project from Studio Workspace because WORKSPACE_SLUG environment variable is empty
[error] Failed to fetch Firebase Project from Studio Workspace because WORKSPACE_SLUG environment variable is empty
[debug] [2026-01-28T05:31:07.576Z] > command requires scopes: ["email","openid","https://www.googleapis.com/auth/cloudplatformprojects.readonly","https://www.googleapis.com/auth/firebase","https://www.googleapis.com/auth/cloud-platform","https://www.googleapis.com/auth/userinfo.email"]
[debug] [2026-01-28T05:31:07.576Z] > authorizing via signed-in user (ai729776@gmail.com)
[debug] [2026-01-28T05:31:07.576Z] Checked if tokens are valid: true, expires at: 1769581521310
[debug] [2026-01-28T05:31:07.576Z] Checked if tokens are valid: true, expires at: 1769581521310
[debug] [2026-01-28T05:31:07.577Z] >>> [apiv2][query] GET https://cloudbilling.googleapis.com/v1/projects/zaqeen-aa745/billingInfo [none]
[debug] [2026-01-28T05:31:07.793Z] <<< [apiv2][status] GET https://cloudbilling.googleapis.com/v1/projects/zaqeen-aa745/billingInfo 200
[debug] [2026-01-28T05:31:07.796Z] <<< [apiv2][body] GET https://cloudbilling.googleapis.com/v1/projects/zaqeen-aa745/billingInfo {"name":"projects/zaqeen-aa745/billingInfo","projectId":"zaqeen-aa745","billingAccountName":"","billingEnabled":false}
[error] Failed to fetch Firebase Project from Studio Workspace because WORKSPACE_SLUG environment variable is empty
[debug] [2026-01-28T05:31:07.803Z] > command requires scopes: ["email","openid","https://www.googleapis.com/auth/cloudplatformprojects.readonly","https://www.googleapis.com/auth/firebase","https://www.googleapis.com/auth/cloud-platform","https://www.googleapis.com/auth/userinfo.email"]
[debug] [2026-01-28T05:31:07.803Z] > authorizing via signed-in user (ai729776@gmail.com)
[error] Failed to fetch Firebase Project from Studio Workspace because WORKSPACE_SLUG environment variable is empty
[error] Failed to fetch Firebase Project from Studio Workspace because WORKSPACE_SLUG environment variable is empty
[error] Failed to fetch Firebase Project from Studio Workspace because WORKSPACE_SLUG environment variable is empty
[debug] [2026-01-28T05:31:07.840Z] > command requires scopes: ["email","openid","https://www.googleapis.com/auth/cloudplatformprojects.readonly","https://www.googleapis.com/auth/firebase","https://www.googleapis.com/auth/cloud-platform","https://www.googleapis.com/auth/userinfo.email"]
[debug] [2026-01-28T05:31:07.840Z] > authorizing via signed-in user (ai729776@gmail.com)
[debug] [2026-01-28T05:31:07.840Z] Checked if tokens are valid: true, expires at: 1769581521310
[debug] [2026-01-28T05:31:07.841Z] Checked if tokens are valid: true, expires at: 1769581521310
[debug] [2026-01-28T05:31:07.841Z] >>> [apiv2][query] GET https://cloudbilling.googleapis.com/v1/projects/zaqeen-aa745/billingInfo [none]
[error] Failed to fetch Firebase Project from Studio Workspace because WORKSPACE_SLUG environment variable is empty
[error] Failed to fetch Firebase Project from Studio Workspace because WORKSPACE_SLUG environment variable is empty
[error] Failed to fetch Firebase Project from Studio Workspace because WORKSPACE_SLUG environment variable is empty
[debug] [2026-01-28T05:31:07.847Z] > command requires scopes: ["email","openid","https://www.googleapis.com/auth/cloudplatformprojects.readonly","https://www.googleapis.com/auth/firebase","https://www.googleapis.com/auth/cloud-platform","https://www.googleapis.com/auth/userinfo.email"]
[debug] [2026-01-28T05:31:07.847Z] > authorizing via signed-in user (ai729776@gmail.com)
[debug] [2026-01-28T05:31:07.848Z] Checked if tokens are valid: true, expires at: 1769581521310
[debug] [2026-01-28T05:31:07.848Z] Checked if tokens are valid: true, expires at: 1769581521310
[debug] [2026-01-28T05:31:07.848Z] >>> [apiv2][query] GET https://cloudbilling.googleapis.com/v1/projects/zaqeen-aa745/billingInfo [none]
[debug] [2026-01-28T05:31:08.203Z] <<< [apiv2][status] GET https://serviceusage.googleapis.com/v1/projects/zaqeen-aa745/services/cloudfunctions.googleapis.com 200
[debug] [2026-01-28T05:31:08.203Z] <<< [apiv2][body] GET https://serviceusage.googleapis.com/v1/projects/zaqeen-aa745/services/cloudfunctions.googleapis.com [omitted]
[debug] [2026-01-28T05:31:08.221Z] <<< [apiv2][status] GET https://serviceusage.googleapis.com/v1/projects/zaqeen-aa745/services/firebasedataconnect.googleapis.com 200
[debug] [2026-01-28T05:31:08.222Z] <<< [apiv2][body] GET https://serviceusage.googleapis.com/v1/projects/zaqeen-aa745/services/firebasedataconnect.googleapis.com [omitted]
[debug] [2026-01-28T05:31:08.230Z] <<< [apiv2][status] GET https://serviceusage.googleapis.com/v1/projects/zaqeen-aa745/services/firebaseio.com 403
[debug] [2026-01-28T05:31:08.231Z] <<< [apiv2][body] GET https://serviceusage.googleapis.com/v1/projects/zaqeen-aa745/services/firebaseio.com [omitted]
[debug] [2026-01-28T05:31:08.285Z] <<< [apiv2][status] GET https://serviceusage.googleapis.com/v1/projects/zaqeen-aa745/services/firebaseapphosting.googleapis.com 200
[debug] [2026-01-28T05:31:08.287Z] <<< [apiv2][body] GET https://serviceusage.googleapis.com/v1/projects/zaqeen-aa745/services/firebaseapphosting.googleapis.com [omitted]
[debug] [2026-01-28T05:31:08.846Z] <<< [apiv2][status] GET https://cloudbilling.googleapis.com/v1/projects/zaqeen-aa745/billingInfo 200
[debug] [2026-01-28T05:31:08.847Z] <<< [apiv2][body] GET https://cloudbilling.googleapis.com/v1/projects/zaqeen-aa745/billingInfo {"name":"projects/zaqeen-aa745/billingInfo","projectId":"zaqeen-aa745","billingAccountName":"","billingEnabled":false}
[error] Failed to fetch Firebase Project from Studio Workspace because WORKSPACE_SLUG environment variable is empty
[debug] [2026-01-28T05:31:08.849Z] > command requires scopes: ["email","openid","https://www.googleapis.com/auth/cloudplatformprojects.readonly","https://www.googleapis.com/auth/firebase","https://www.googleapis.com/auth/cloud-platform","https://www.googleapis.com/auth/userinfo.email"]
[debug] [2026-01-28T05:31:08.849Z] > authorizing via signed-in user (ai729776@gmail.com)
[debug] [2026-01-28T05:31:08.862Z] <<< [apiv2][status] GET https://cloudbilling.googleapis.com/v1/projects/zaqeen-aa745/billingInfo 200
[debug] [2026-01-28T05:31:08.862Z] <<< [apiv2][body] GET https://cloudbilling.googleapis.com/v1/projects/zaqeen-aa745/billingInfo {"name":"projects/zaqeen-aa745/billingInfo","projectId":"zaqeen-aa745","billingAccountName":"","billingEnabled":false}
[error] Failed to fetch Firebase Project from Studio Workspace because WORKSPACE_SLUG environment variable is empty
[debug] [2026-01-28T05:31:08.868Z] > command requires scopes: ["email","openid","https://www.googleapis.com/auth/cloudplatformprojects.readonly","https://www.googleapis.com/auth/firebase","https://www.googleapis.com/auth/cloud-platform","https://www.googleapis.com/auth/userinfo.email"]
[debug] [2026-01-28T05:31:08.868Z] > authorizing via signed-in user (ai729776@gmail.com)
[error] Failed to fetch Firebase Project from Studio Workspace because WORKSPACE_SLUG environment variable is empty
[error] Failed to fetch Firebase Project from Studio Workspace because WORKSPACE_SLUG environment variable is empty
[error] Failed to fetch Firebase Project from Studio Workspace because WORKSPACE_SLUG environment variable is empty
[error] Failed to fetch Firebase Project from Studio Workspace because WORKSPACE_SLUG environment variable is empty
[debug] [2026-01-28T05:36:18.980Z] > command requires scopes: ["email","openid","https://www.googleapis.com/auth/cloudplatformprojects.readonly","https://www.googleapis.com/auth/firebase","https://www.googleapis.com/auth/cloud-platform","https://www.googleapis.com/auth/userinfo.email"]
[debug] [2026-01-28T05:36:18.982Z] > authorizing via signed-in user (ai729776@gmail.com)
[debug] [2026-01-28T05:36:18.984Z] Checked if tokens are valid: true, expires at: 1769581521310
[debug] [2026-01-28T05:36:18.985Z] Checked if tokens are valid: true, expires at: 1769581521310
[debug] [2026-01-28T05:36:18.985Z] > command requires scopes: ["email","openid","https://www.googleapis.com/auth/cloudplatformprojects.readonly","https://www.googleapis.com/auth/firebase","https://www.googleapis.com/auth/cloud-platform","https://www.googleapis.com/auth/userinfo.email"]
[debug] [2026-01-28T05:36:18.986Z] > authorizing via signed-in user (ai729776@gmail.com)
[debug] [2026-01-28T05:36:18.986Z] Checked if tokens are valid: true, expires at: 1769581521310
[debug] [2026-01-28T05:36:18.986Z] Checked if tokens are valid: true, expires at: 1769581521310
[debug] [2026-01-28T05:36:18.988Z] >>> [apiv2][query] GET https://cloudbilling.googleapis.com/v1/projects/zaqeen-aa745/billingInfo [none]
[debug] [2026-01-28T05:36:19.056Z] >>> [apiv2][query] GET https://cloudbilling.googleapis.com/v1/projects/zaqeen-aa745/billingInfo [none]
[debug] [2026-01-28T05:36:19.346Z] <<< [apiv2][status] GET https://cloudbilling.googleapis.com/v1/projects/zaqeen-aa745/billingInfo 200
[debug] [2026-01-28T05:36:19.351Z] <<< [apiv2][body] GET https://cloudbilling.googleapis.com/v1/projects/zaqeen-aa745/billingInfo {"name":"projects/zaqeen-aa745/billingInfo","projectId":"zaqeen-aa745","billingAccountName":"","billingEnabled":false}
[debug] [2026-01-28T05:36:19.401Z] Checked if tokens are valid: true, expires at: 1769581521310
[debug] [2026-01-28T05:36:19.403Z] Checked if tokens are valid: true, expires at: 1769581521310
[debug] [2026-01-28T05:36:19.404Z] Checked if tokens are valid: true, expires at: 1769581521310
[debug] [2026-01-28T05:36:19.407Z] Checked if tokens are valid: true, expires at: 1769581521310
[debug] [2026-01-28T05:36:19.479Z] Checked if tokens are valid: true, expires at: 1769581521310
[debug] [2026-01-28T05:36:19.481Z] Checked if tokens are valid: true, expires at: 1769581521310
[debug] [2026-01-28T05:36:19.497Z] Checked if tokens are valid: true, expires at: 1769581521310
[debug] [2026-01-28T05:36:19.502Z] Checked if tokens are valid: true, expires at: 1769581521310
[debug] [2026-01-28T05:36:19.510Z] >>> [apiv2][query] GET https://serviceusage.googleapis.com/v1/projects/zaqeen-aa745/services/firebasedataconnect.googleapis.com [none]
[debug] [2026-01-28T05:36:19.511Z] >>> [apiv2][(partial)header] GET https://serviceusage.googleapis.com/v1/projects/zaqeen-aa745/services/firebasedataconnect.googleapis.com x-goog-quota-user=projects/zaqeen-aa745
[debug] [2026-01-28T05:36:19.544Z] >>> [apiv2][query] GET https://serviceusage.googleapis.com/v1/projects/zaqeen-aa745/services/cloudfunctions.googleapis.com [none]
[debug] [2026-01-28T05:36:19.544Z] >>> [apiv2][(partial)header] GET https://serviceusage.googleapis.com/v1/projects/zaqeen-aa745/services/cloudfunctions.googleapis.com x-goog-quota-user=projects/zaqeen-aa745
[debug] [2026-01-28T05:36:19.556Z] >>> [apiv2][query] GET https://serviceusage.googleapis.com/v1/projects/zaqeen-aa745/services/firebaseapphosting.googleapis.com [none]
[debug] [2026-01-28T05:36:19.556Z] >>> [apiv2][(partial)header] GET https://serviceusage.googleapis.com/v1/projects/zaqeen-aa745/services/firebaseapphosting.googleapis.com x-goog-quota-user=projects/zaqeen-aa745
[debug] [2026-01-28T05:36:19.564Z] >>> [apiv2][query] GET https://serviceusage.googleapis.com/v1/projects/zaqeen-aa745/services/firebaseio.com [none]
[debug] [2026-01-28T05:36:19.564Z] >>> [apiv2][(partial)header] GET https://serviceusage.googleapis.com/v1/projects/zaqeen-aa745/services/firebaseio.com x-goog-quota-user=projects/zaqeen-aa745
[debug] [2026-01-28T05:36:20.225Z] <<< [apiv2][status] GET https://cloudbilling.googleapis.com/v1/projects/zaqeen-aa745/billingInfo 200
[debug] [2026-01-28T05:36:20.225Z] <<< [apiv2][body] GET https://cloudbilling.googleapis.com/v1/projects/zaqeen-aa745/billingInfo {"name":"projects/zaqeen-aa745/billingInfo","projectId":"zaqeen-aa745","billingAccountName":"","billingEnabled":false}
[debug] [2026-01-28T05:36:20.244Z] Checked if tokens are valid: true, expires at: 1769581521310
[debug] [2026-01-28T05:36:20.244Z] Checked if tokens are valid: true, expires at: 1769581521310
[debug] [2026-01-28T05:36:20.256Z] Checked if tokens are valid: true, expires at: 1769581521310
[debug] [2026-01-28T05:36:20.256Z] Checked if tokens are valid: true, expires at: 1769581521310
[debug] [2026-01-28T05:36:20.354Z] Checked if tokens are valid: true, expires at: 1769581521310
[debug] [2026-01-28T05:36:20.361Z] Checked if tokens are valid: true, expires at: 1769581521310
[debug] [2026-01-28T05:36:20.362Z] Checked if tokens are valid: true, expires at: 1769581521310
[debug] [2026-01-28T05:36:20.362Z] Checked if tokens are valid: true, expires at: 1769581521310
[debug] [2026-01-28T05:36:20.368Z] >>> [apiv2][query] GET https://serviceusage.googleapis.com/v1/projects/zaqeen-aa745/services/firebasedataconnect.googleapis.com [none]
[debug] [2026-01-28T05:36:20.368Z] >>> [apiv2][(partial)header] GET https://serviceusage.googleapis.com/v1/projects/zaqeen-aa745/services/firebasedataconnect.googleapis.com x-goog-quota-user=projects/zaqeen-aa745
[debug] [2026-01-28T05:36:20.385Z] >>> [apiv2][query] GET https://serviceusage.googleapis.com/v1/projects/zaqeen-aa745/services/cloudfunctions.googleapis.com [none]
[debug] [2026-01-28T05:36:20.385Z] >>> [apiv2][(partial)header] GET https://serviceusage.googleapis.com/v1/projects/zaqeen-aa745/services/cloudfunctions.googleapis.com x-goog-quota-user=projects/zaqeen-aa745
[debug] [2026-01-28T05:36:20.397Z] >>> [apiv2][query] GET https://serviceusage.googleapis.com/v1/projects/zaqeen-aa745/services/firebaseapphosting.googleapis.com [none]
[debug] [2026-01-28T05:36:20.398Z] >>> [apiv2][(partial)header] GET https://serviceusage.googleapis.com/v1/projects/zaqeen-aa745/services/firebaseapphosting.googleapis.com x-goog-quota-user=projects/zaqeen-aa745
[debug] [2026-01-28T05:36:20.413Z] >>> [apiv2][query] GET https://serviceusage.googleapis.com/v1/projects/zaqeen-aa745/services/firebaseio.com [none]
[debug] [2026-01-28T05:36:20.413Z] >>> [apiv2][(partial)header] GET https://serviceusage.googleapis.com/v1/projects/zaqeen-aa745/services/firebaseio.com x-goog-quota-user=projects/zaqeen-aa745
[debug] [2026-01-28T05:36:20.931Z] <<< [apiv2][status] GET https://serviceusage.googleapis.com/v1/projects/zaqeen-aa745/services/firebasedataconnect.googleapis.com 200
[debug] [2026-01-28T05:36:20.934Z] <<< [apiv2][body] GET https://serviceusage.googleapis.com/v1/projects/zaqeen-aa745/services/firebasedataconnect.googleapis.com [omitted]
[debug] [2026-01-28T05:36:20.955Z] <<< [apiv2][status] GET https://serviceusage.googleapis.com/v1/projects/zaqeen-aa745/services/cloudfunctions.googleapis.com 200
[debug] [2026-01-28T05:36:20.956Z] <<< [apiv2][body] GET https://serviceusage.googleapis.com/v1/projects/zaqeen-aa745/services/cloudfunctions.googleapis.com [omitted]
[debug] [2026-01-28T05:36:20.978Z] <<< [apiv2][status] GET https://serviceusage.googleapis.com/v1/projects/zaqeen-aa745/services/firebaseapphosting.googleapis.com 200
[debug] [2026-01-28T05:36:20.978Z] <<< [apiv2][body] GET https://serviceusage.googleapis.com/v1/projects/zaqeen-aa745/services/firebaseapphosting.googleapis.com [omitted]
[debug] [2026-01-28T05:36:21.004Z] <<< [apiv2][status] GET https://serviceusage.googleapis.com/v1/projects/zaqeen-aa745/services/firebaseio.com 403
[debug] [2026-01-28T05:36:21.005Z] <<< [apiv2][body] GET https://serviceusage.googleapis.com/v1/projects/zaqeen-aa745/services/firebaseio.com [omitted]
[debug] [2026-01-28T05:36:21.510Z] <<< [apiv2][status] GET https://serviceusage.googleapis.com/v1/projects/zaqeen-aa745/services/firebaseio.com 403
[debug] [2026-01-28T05:36:21.510Z] <<< [apiv2][body] GET https://serviceusage.googleapis.com/v1/projects/zaqeen-aa745/services/firebaseio.com [omitted]
[debug] [2026-01-28T05:36:21.540Z] <<< [apiv2][status] GET https://serviceusage.googleapis.com/v1/projects/zaqeen-aa745/services/firebasedataconnect.googleapis.com 200
[debug] [2026-01-28T05:36:21.540Z] <<< [apiv2][body] GET https://serviceusage.googleapis.com/v1/projects/zaqeen-aa745/services/firebasedataconnect.googleapis.com [omitted]
[debug] [2026-01-28T05:36:21.556Z] <<< [apiv2][status] GET https://serviceusage.googleapis.com/v1/projects/zaqeen-aa745/services/cloudfunctions.googleapis.com 200
[debug] [2026-01-28T05:36:21.557Z] <<< [apiv2][body] GET https://serviceusage.googleapis.com/v1/projects/zaqeen-aa745/services/cloudfunctions.googleapis.com [omitted]
[debug] [2026-01-28T05:36:21.577Z] <<< [apiv2][status] GET https://serviceusage.googleapis.com/v1/projects/zaqeen-aa745/services/firebaseapphosting.googleapis.com 200
[debug] [2026-01-28T05:36:21.577Z] <<< [apiv2][body] GET https://serviceusage.googleapis.com/v1/projects/zaqeen-aa745/services/firebaseapphosting.googleapis.com [omitted]
[error] Failed to fetch Firebase Project from Studio Workspace because WORKSPACE_SLUG environment variable is empty
[error] Failed to fetch Firebase Project from Studio Workspace because WORKSPACE_SLUG environment variable is empty
[error] Failed to fetch Firebase Project from Studio Workspace because WORKSPACE_SLUG environment variable is empty
[debug] [2026-01-28T05:36:21.599Z] > command requires scopes: ["email","openid","https://www.googleapis.com/auth/cloudplatformprojects.readonly","https://www.googleapis.com/auth/firebase","https://www.googleapis.com/auth/cloud-platform","https://www.googleapis.com/auth/userinfo.email"]
[debug] [2026-01-28T05:36:21.599Z] > authorizing via signed-in user (ai729776@gmail.com)
[debug] [2026-01-28T05:36:21.599Z] Checked if tokens are valid: true, expires at: 1769581521310
[debug] [2026-01-28T05:36:21.600Z] Checked if tokens are valid: true, expires at: 1769581521310
[debug] [2026-01-28T05:36:21.603Z] >>> [apiv2][query] GET https://cloudbilling.googleapis.com/v1/projects/zaqeen-aa745/billingInfo [none]
[debug] [2026-01-28T05:36:22.639Z] <<< [apiv2][status] GET https://cloudbilling.googleapis.com/v1/projects/zaqeen-aa745/billingInfo 200
[debug] [2026-01-28T05:36:22.639Z] <<< [apiv2][body] GET https://cloudbilling.googleapis.com/v1/projects/zaqeen-aa745/billingInfo {"name":"projects/zaqeen-aa745/billingInfo","projectId":"zaqeen-aa745","billingAccountName":"","billingEnabled":false}
[error] Failed to fetch Firebase Project from Studio Workspace because WORKSPACE_SLUG environment variable is empty
[debug] [2026-01-28T05:36:22.647Z] > command requires scopes: ["email","openid","https://www.googleapis.com/auth/cloudplatformprojects.readonly","https://www.googleapis.com/auth/firebase","https://www.googleapis.com/auth/cloud-platform","https://www.googleapis.com/auth/userinfo.email"]
[debug] [2026-01-28T05:36:22.647Z] > authorizing via signed-in user (ai729776@gmail.com)
[error] Failed to fetch Firebase Project from Studio Workspace because WORKSPACE_SLUG environment variable is empty
[error] Failed to fetch Firebase Project from Studio Workspace because WORKSPACE_SLUG environment variable is empty
[error] Failed to fetch Firebase Project from Studio Workspace because WORKSPACE_SLUG environment variable is empty
[debug] [2026-01-28T05:36:22.683Z] > command requires scopes: ["email","openid","https://www.googleapis.com/auth/cloudplatformprojects.readonly","https://www.googleapis.com/auth/firebase","https://www.googleapis.com/auth/cloud-platform","https://www.googleapis.com/auth/userinfo.email"]
[debug] [2026-01-28T05:36:22.683Z] > authorizing via signed-in user (ai729776@gmail.com)
[debug] [2026-01-28T05:36:22.684Z] Checked if tokens are valid: true, expires at: 1769581521310
[debug] [2026-01-28T05:36:22.684Z] Checked if tokens are valid: true, expires at: 1769581521310
[debug] [2026-01-28T05:36:22.685Z] >>> [apiv2][query] GET https://cloudbilling.googleapis.com/v1/projects/zaqeen-aa745/billingInfo [none]
[error] Failed to fetch Firebase Project from Studio Workspace because WORKSPACE_SLUG environment variable is empty
[error] Failed to fetch Firebase Project from Studio Workspace because WORKSPACE_SLUG environment variable is empty
[error] Failed to fetch Firebase Project from Studio Workspace because WORKSPACE_SLUG environment variable is empty
[debug] [2026-01-28T05:36:22.694Z] > command requires scopes: ["email","openid","https://www.googleapis.com/auth/cloudplatformprojects.readonly","https://www.googleapis.com/auth/firebase","https://www.googleapis.com/auth/cloud-platform","https://www.googleapis.com/auth/userinfo.email"]
[debug] [2026-01-28T05:36:22.694Z] > authorizing via signed-in user (ai729776@gmail.com)
[debug] [2026-01-28T05:36:22.694Z] Checked if tokens are valid: true, expires at: 1769581521310
[debug] [2026-01-28T05:36:22.694Z] Checked if tokens are valid: true, expires at: 1769581521310
[debug] [2026-01-28T05:36:22.695Z] >>> [apiv2][query] GET https://cloudbilling.googleapis.com/v1/projects/zaqeen-aa745/billingInfo [none]
[debug] [2026-01-28T05:36:23.692Z] <<< [apiv2][status] GET https://cloudbilling.googleapis.com/v1/projects/zaqeen-aa745/billingInfo 200
[debug] [2026-01-28T05:36:23.692Z] <<< [apiv2][body] GET https://cloudbilling.googleapis.com/v1/projects/zaqeen-aa745/billingInfo {"name":"projects/zaqeen-aa745/billingInfo","projectId":"zaqeen-aa745","billingAccountName":"","billingEnabled":false}
[error] Failed to fetch Firebase Project from Studio Workspace because WORKSPACE_SLUG environment variable is empty
[debug] [2026-01-28T05:36:23.701Z] > command requires scopes: ["email","openid","https://www.googleapis.com/auth/cloudplatformprojects.readonly","https://www.googleapis.com/auth/firebase","https://www.googleapis.com/auth/cloud-platform","https://www.googleapis.com/auth/userinfo.email"]
[debug] [2026-01-28T05:36:23.701Z] > authorizing via signed-in user (ai729776@gmail.com)
[debug] [2026-01-28T05:36:23.729Z] <<< [apiv2][status] GET https://cloudbilling.googleapis.com/v1/projects/zaqeen-aa745/billingInfo 200
[debug] [2026-01-28T05:36:23.729Z] <<< [apiv2][body] GET https://cloudbilling.googleapis.com/v1/projects/zaqeen-aa745/billingInfo {"name":"projects/zaqeen-aa745/billingInfo","projectId":"zaqeen-aa745","billingAccountName":"","billingEnabled":false}
[error] Failed to fetch Firebase Project from Studio Workspace because WORKSPACE_SLUG environment variable is empty
[debug] [2026-01-28T05:36:23.737Z] > command requires scopes: ["email","openid","https://www.googleapis.com/auth/cloudplatformprojects.readonly","https://www.googleapis.com/auth/firebase","https://www.googleapis.com/auth/cloud-platform","https://www.googleapis.com/auth/userinfo.email"]
[debug] [2026-01-28T05:36:23.737Z] > authorizing via signed-in user (ai729776@gmail.com)
[error] Failed to fetch Firebase Project from Studio Workspace because WORKSPACE_SLUG environment variable is empty
[error] Failed to fetch Firebase Project from Studio Workspace because WORKSPACE_SLUG environment variable is empty
[error] Failed to fetch Firebase Project from Studio Workspace because WORKSPACE_SLUG environment variable is empty
[error] Failed to fetch Firebase Project from Studio Workspace because WORKSPACE_SLUG environment variable is empty
[debug] [2026-01-28T07:07:04.431Z] > command requires scopes: ["email","openid","https://www.googleapis.com/auth/cloudplatformprojects.readonly","https://www.googleapis.com/auth/firebase","https://www.googleapis.com/auth/cloud-platform","https://www.googleapis.com/auth/userinfo.email"]
[debug] [2026-01-28T07:07:04.433Z] > authorizing via signed-in user (ai729776@gmail.com)
[debug] [2026-01-28T07:07:04.435Z] Checked if tokens are valid: false, expires at: 1769581521310
[debug] [2026-01-28T07:07:04.435Z] Checked if tokens are valid: false, expires at: 1769581521310
[debug] [2026-01-28T07:07:04.436Z] > refreshing access token with scopes: []
[debug] [2026-01-28T07:07:04.439Z] >>> [apiv2][query] POST https://www.googleapis.com/oauth2/v3/token [none]
[debug] [2026-01-28T07:07:04.440Z] >>> [apiv2][body] POST https://www.googleapis.com/oauth2/v3/token [omitted]
[debug] [2026-01-28T07:07:04.514Z] > command requires scopes: ["email","openid","https://www.googleapis.com/auth/cloudplatformprojects.readonly","https://www.googleapis.com/auth/firebase","https://www.googleapis.com/auth/cloud-platform","https://www.googleapis.com/auth/userinfo.email"]
[debug] [2026-01-28T07:07:04.515Z] > authorizing via signed-in user (ai729776@gmail.com)
[debug] [2026-01-28T07:07:04.516Z] Checked if tokens are valid: false, expires at: 1769581521310
[debug] [2026-01-28T07:07:04.516Z] Checked if tokens are valid: false, expires at: 1769581521310
[debug] [2026-01-28T07:07:04.516Z] > refreshing access token with scopes: []
[debug] [2026-01-28T07:07:04.517Z] >>> [apiv2][query] POST https://www.googleapis.com/oauth2/v3/token [none]
[debug] [2026-01-28T07:07:04.517Z] >>> [apiv2][body] POST https://www.googleapis.com/oauth2/v3/token [omitted]
[debug] [2026-01-28T07:07:04.580Z] <<< [apiv2][status] POST https://www.googleapis.com/oauth2/v3/token 200
[debug] [2026-01-28T07:07:04.581Z] <<< [apiv2][body] POST https://www.googleapis.com/oauth2/v3/token [omitted]
[debug] [2026-01-28T07:07:04.599Z] >>> [apiv2][query] GET https://cloudbilling.googleapis.com/v1/projects/zaqeen-aa745/billingInfo [none]
[debug] [2026-01-28T07:07:04.609Z] <<< [apiv2][status] POST https://www.googleapis.com/oauth2/v3/token 200
[debug] [2026-01-28T07:07:04.610Z] <<< [apiv2][body] POST https://www.googleapis.com/oauth2/v3/token [omitted]
[debug] [2026-01-28T07:07:04.624Z] >>> [apiv2][query] GET https://cloudbilling.googleapis.com/v1/projects/zaqeen-aa745/billingInfo [none]
[debug] [2026-01-28T07:07:04.855Z] <<< [apiv2][status] GET https://cloudbilling.googleapis.com/v1/projects/zaqeen-aa745/billingInfo 200
[debug] [2026-01-28T07:07:04.856Z] <<< [apiv2][body] GET https://cloudbilling.googleapis.com/v1/projects/zaqeen-aa745/billingInfo {"name":"projects/zaqeen-aa745/billingInfo","projectId":"zaqeen-aa745","billingAccountName":"","billingEnabled":false}
[debug] [2026-01-28T07:07:04.875Z] Checked if tokens are valid: true, expires at: 1769587623610
[debug] [2026-01-28T07:07:04.875Z] Checked if tokens are valid: true, expires at: 1769587623610
[debug] [2026-01-28T07:07:04.876Z] Checked if tokens are valid: true, expires at: 1769587623610
[debug] [2026-01-28T07:07:04.877Z] Checked if tokens are valid: true, expires at: 1769587623610
[debug] [2026-01-28T07:07:04.903Z] Checked if tokens are valid: true, expires at: 1769587623610
[debug] [2026-01-28T07:07:04.903Z] Checked if tokens are valid: true, expires at: 1769587623610
[debug] [2026-01-28T07:07:04.903Z] Checked if tokens are valid: true, expires at: 1769587623610
[debug] [2026-01-28T07:07:04.904Z] Checked if tokens are valid: true, expires at: 1769587623610
[debug] [2026-01-28T07:07:04.904Z] >>> [apiv2][query] GET https://serviceusage.googleapis.com/v1/projects/zaqeen-aa745/services/firebasedataconnect.googleapis.com [none]
[debug] [2026-01-28T07:07:04.904Z] >>> [apiv2][(partial)header] GET https://serviceusage.googleapis.com/v1/projects/zaqeen-aa745/services/firebasedataconnect.googleapis.com x-goog-quota-user=projects/zaqeen-aa745
[debug] [2026-01-28T07:07:04.908Z] >>> [apiv2][query] GET https://serviceusage.googleapis.com/v1/projects/zaqeen-aa745/services/cloudfunctions.googleapis.com [none]
[debug] [2026-01-28T07:07:04.908Z] >>> [apiv2][(partial)header] GET https://serviceusage.googleapis.com/v1/projects/zaqeen-aa745/services/cloudfunctions.googleapis.com x-goog-quota-user=projects/zaqeen-aa745
[debug] [2026-01-28T07:07:04.911Z] >>> [apiv2][query] GET https://serviceusage.googleapis.com/v1/projects/zaqeen-aa745/services/firebaseapphosting.googleapis.com [none]
[debug] [2026-01-28T07:07:04.911Z] >>> [apiv2][(partial)header] GET https://serviceusage.googleapis.com/v1/projects/zaqeen-aa745/services/firebaseapphosting.googleapis.com x-goog-quota-user=projects/zaqeen-aa745
[debug] [2026-01-28T07:07:04.914Z] >>> [apiv2][query] GET https://serviceusage.googleapis.com/v1/projects/zaqeen-aa745/services/firebaseio.com [none]
[debug] [2026-01-28T07:07:04.914Z] >>> [apiv2][(partial)header] GET https://serviceusage.googleapis.com/v1/projects/zaqeen-aa745/services/firebaseio.com x-goog-quota-user=projects/zaqeen-aa745
[debug] [2026-01-28T07:07:05.662Z] <<< [apiv2][status] GET https://cloudbilling.googleapis.com/v1/projects/zaqeen-aa745/billingInfo 200
[debug] [2026-01-28T07:07:05.662Z] <<< [apiv2][body] GET https://cloudbilling.googleapis.com/v1/projects/zaqeen-aa745/billingInfo {"name":"projects/zaqeen-aa745/billingInfo","projectId":"zaqeen-aa745","billingAccountName":"","billingEnabled":false}
[debug] [2026-01-28T07:07:05.665Z] Checked if tokens are valid: true, expires at: 1769587623610
[debug] [2026-01-28T07:07:05.665Z] Checked if tokens are valid: true, expires at: 1769587623610
[debug] [2026-01-28T07:07:05.666Z] Checked if tokens are valid: true, expires at: 1769587623610
[debug] [2026-01-28T07:07:05.670Z] Checked if tokens are valid: true, expires at: 1769587623610
[debug] [2026-01-28T07:07:05.685Z] Checked if tokens are valid: true, expires at: 1769587623610
[debug] [2026-01-28T07:07:05.686Z] Checked if tokens are valid: true, expires at: 1769587623610
[debug] [2026-01-28T07:07:05.687Z] Checked if tokens are valid: true, expires at: 1769587623610
[debug] [2026-01-28T07:07:05.687Z] Checked if tokens are valid: true, expires at: 1769587623610
[debug] [2026-01-28T07:07:05.687Z] >>> [apiv2][query] GET https://serviceusage.googleapis.com/v1/projects/zaqeen-aa745/services/firebasedataconnect.googleapis.com [none]
[debug] [2026-01-28T07:07:05.687Z] >>> [apiv2][(partial)header] GET https://serviceusage.googleapis.com/v1/projects/zaqeen-aa745/services/firebasedataconnect.googleapis.com x-goog-quota-user=projects/zaqeen-aa745
[debug] [2026-01-28T07:07:05.691Z] >>> [apiv2][query] GET https://serviceusage.googleapis.com/v1/projects/zaqeen-aa745/services/cloudfunctions.googleapis.com [none]
[debug] [2026-01-28T07:07:05.691Z] >>> [apiv2][(partial)header] GET https://serviceusage.googleapis.com/v1/projects/zaqeen-aa745/services/cloudfunctions.googleapis.com x-goog-quota-user=projects/zaqeen-aa745
[debug] [2026-01-28T07:07:05.695Z] >>> [apiv2][query] GET https://serviceusage.googleapis.com/v1/projects/zaqeen-aa745/services/firebaseapphosting.googleapis.com [none]
[debug] [2026-01-28T07:07:05.695Z] >>> [apiv2][(partial)header] GET https://serviceusage.googleapis.com/v1/projects/zaqeen-aa745/services/firebaseapphosting.googleapis.com x-goog-quota-user=projects/zaqeen-aa745
[debug] [2026-01-28T07:07:05.698Z] >>> [apiv2][query] GET https://serviceusage.googleapis.com/v1/projects/zaqeen-aa745/services/firebaseio.com [none]
[debug] [2026-01-28T07:07:05.698Z] >>> [apiv2][(partial)header] GET https://serviceusage.googleapis.com/v1/projects/zaqeen-aa745/services/firebaseio.com x-goog-quota-user=projects/zaqeen-aa745
[debug] [2026-01-28T07:07:06.011Z] <<< [apiv2][status] GET https://serviceusage.googleapis.com/v1/projects/zaqeen-aa745/services/firebasedataconnect.googleapis.com 200
[debug] [2026-01-28T07:07:06.012Z] <<< [apiv2][body] GET https://serviceusage.googleapis.com/v1/projects/zaqeen-aa745/services/firebasedataconnect.googleapis.com [omitted]
[debug] [2026-01-28T07:07:06.039Z] <<< [apiv2][status] GET https://serviceusage.googleapis.com/v1/projects/zaqeen-aa745/services/cloudfunctions.googleapis.com 200
[debug] [2026-01-28T07:07:06.039Z] <<< [apiv2][body] GET https://serviceusage.googleapis.com/v1/projects/zaqeen-aa745/services/cloudfunctions.googleapis.com [omitted]
[debug] [2026-01-28T07:07:06.064Z] <<< [apiv2][status] GET https://serviceusage.googleapis.com/v1/projects/zaqeen-aa745/services/firebaseio.com 403
[debug] [2026-01-28T07:07:06.065Z] <<< [apiv2][body] GET https://serviceusage.googleapis.com/v1/projects/zaqeen-aa745/services/firebaseio.com [omitted]
[debug] [2026-01-28T07:07:06.114Z] <<< [apiv2][status] GET https://serviceusage.googleapis.com/v1/projects/zaqeen-aa745/services/firebaseapphosting.googleapis.com 200
[debug] [2026-01-28T07:07:06.114Z] <<< [apiv2][body] GET https://serviceusage.googleapis.com/v1/projects/zaqeen-aa745/services/firebaseapphosting.googleapis.com [omitted]
[debug] [2026-01-28T07:07:06.709Z] <<< [apiv2][status] GET https://serviceusage.googleapis.com/v1/projects/zaqeen-aa745/services/firebaseio.com 403
[debug] [2026-01-28T07:07:06.710Z] <<< [apiv2][body] GET https://serviceusage.googleapis.com/v1/projects/zaqeen-aa745/services/firebaseio.com [omitted]
[debug] [2026-01-28T07:07:06.727Z] <<< [apiv2][status] GET https://serviceusage.googleapis.com/v1/projects/zaqeen-aa745/services/firebasedataconnect.googleapis.com 200
[debug] [2026-01-28T07:07:06.729Z] <<< [apiv2][body] GET https://serviceusage.googleapis.com/v1/projects/zaqeen-aa745/services/firebasedataconnect.googleapis.com [omitted]
[debug] [2026-01-28T07:07:06.761Z] <<< [apiv2][status] GET https://serviceusage.googleapis.com/v1/projects/zaqeen-aa745/services/firebaseapphosting.googleapis.com 200
[debug] [2026-01-28T07:07:06.762Z] <<< [apiv2][body] GET https://serviceusage.googleapis.com/v1/projects/zaqeen-aa745/services/firebaseapphosting.googleapis.com [omitted]
[debug] [2026-01-28T07:07:06.765Z] <<< [apiv2][status] GET https://serviceusage.googleapis.com/v1/projects/zaqeen-aa745/services/cloudfunctions.googleapis.com 200
[debug] [2026-01-28T07:07:06.766Z] <<< [apiv2][body] GET https://serviceusage.googleapis.com/v1/projects/zaqeen-aa745/services/cloudfunctions.googleapis.com [omitted]
[error] Failed to fetch Firebase Project from Studio Workspace because WORKSPACE_SLUG environment variable is empty
[error] Failed to fetch Firebase Project from Studio Workspace because WORKSPACE_SLUG environment variable is empty
[error] Failed to fetch Firebase Project from Studio Workspace because WORKSPACE_SLUG environment variable is empty
[debug] [2026-01-28T07:07:06.782Z] > command requires scopes: ["email","openid","https://www.googleapis.com/auth/cloudplatformprojects.readonly","https://www.googleapis.com/auth/firebase","https://www.googleapis.com/auth/cloud-platform","https://www.googleapis.com/auth/userinfo.email"]
[debug] [2026-01-28T07:07:06.783Z] > authorizing via signed-in user (ai729776@gmail.com)
[debug] [2026-01-28T07:07:06.784Z] Checked if tokens are valid: true, expires at: 1769587623610
[debug] [2026-01-28T07:07:06.784Z] Checked if tokens are valid: true, expires at: 1769587623610
[debug] [2026-01-28T07:07:06.784Z] >>> [apiv2][query] GET https://cloudbilling.googleapis.com/v1/projects/zaqeen-aa745/billingInfo [none]
[debug] [2026-01-28T07:07:06.997Z] <<< [apiv2][status] GET https://cloudbilling.googleapis.com/v1/projects/zaqeen-aa745/billingInfo 200
[debug] [2026-01-28T07:07:06.999Z] <<< [apiv2][body] GET https://cloudbilling.googleapis.com/v1/projects/zaqeen-aa745/billingInfo {"name":"projects/zaqeen-aa745/billingInfo","projectId":"zaqeen-aa745","billingAccountName":"","billingEnabled":false}
[error] Failed to fetch Firebase Project from Studio Workspace because WORKSPACE_SLUG environment variable is empty
[debug] [2026-01-28T07:07:07.007Z] > command requires scopes: ["email","openid","https://www.googleapis.com/auth/cloudplatformprojects.readonly","https://www.googleapis.com/auth/firebase","https://www.googleapis.com/auth/cloud-platform","https://www.googleapis.com/auth/userinfo.email"]
[debug] [2026-01-28T07:07:07.007Z] > authorizing via signed-in user (ai729776@gmail.com)
[error] Failed to fetch Firebase Project from Studio Workspace because WORKSPACE_SLUG environment variable is empty
[error] Failed to fetch Firebase Project from Studio Workspace because WORKSPACE_SLUG environment variable is empty
[error] Failed to fetch Firebase Project from Studio Workspace because WORKSPACE_SLUG environment variable is empty
[debug] [2026-01-28T07:07:07.047Z] > command requires scopes: ["email","openid","https://www.googleapis.com/auth/cloudplatformprojects.readonly","https://www.googleapis.com/auth/firebase","https://www.googleapis.com/auth/cloud-platform","https://www.googleapis.com/auth/userinfo.email"]
[debug] [2026-01-28T07:07:07.048Z] > authorizing via signed-in user (ai729776@gmail.com)
[debug] [2026-01-28T07:07:07.055Z] Checked if tokens are valid: true, expires at: 1769587623610
[debug] [2026-01-28T07:07:07.055Z] Checked if tokens are valid: true, expires at: 1769587623610
[debug] [2026-01-28T07:07:07.056Z] >>> [apiv2][query] GET https://cloudbilling.googleapis.com/v1/projects/zaqeen-aa745/billingInfo [none]
[error] Failed to fetch Firebase Project from Studio Workspace because WORKSPACE_SLUG environment variable is empty
[error] Failed to fetch Firebase Project from Studio Workspace because WORKSPACE_SLUG environment variable is empty
[error] Failed to fetch Firebase Project from Studio Workspace because WORKSPACE_SLUG environment variable is empty
[debug] [2026-01-28T07:07:07.078Z] > command requires scopes: ["email","openid","https://www.googleapis.com/auth/cloudplatformprojects.readonly","https://www.googleapis.com/auth/firebase","https://www.googleapis.com/auth/cloud-platform","https://www.googleapis.com/auth/userinfo.email"]
[debug] [2026-01-28T07:07:07.079Z] > authorizing via signed-in user (ai729776@gmail.com)
[debug] [2026-01-28T07:07:07.081Z] Checked if tokens are valid: true, expires at: 1769587623610
[debug] [2026-01-28T07:07:07.081Z] Checked if tokens are valid: true, expires at: 1769587623610
[debug] [2026-01-28T07:07:07.081Z] >>> [apiv2][query] GET https://cloudbilling.googleapis.com/v1/projects/zaqeen-aa745/billingInfo [none]
[debug] [2026-01-28T07:07:07.271Z] <<< [apiv2][status] GET https://cloudbilling.googleapis.com/v1/projects/zaqeen-aa745/billingInfo 200
[debug] [2026-01-28T07:07:07.272Z] <<< [apiv2][body] GET https://cloudbilling.googleapis.com/v1/projects/zaqeen-aa745/billingInfo {"name":"projects/zaqeen-aa745/billingInfo","projectId":"zaqeen-aa745","billingAccountName":"","billingEnabled":false}
[error] Failed to fetch Firebase Project from Studio Workspace because WORKSPACE_SLUG environment variable is empty
[debug] [2026-01-28T07:07:07.274Z] > command requires scopes: ["email","openid","https://www.googleapis.com/auth/cloudplatformprojects.readonly","https://www.googleapis.com/auth/firebase","https://www.googleapis.com/auth/cloud-platform","https://www.googleapis.com/auth/userinfo.email"]
[debug] [2026-01-28T07:07:07.275Z] > authorizing via signed-in user (ai729776@gmail.com)
[debug] [2026-01-28T07:07:08.129Z] <<< [apiv2][status] GET https://cloudbilling.googleapis.com/v1/projects/zaqeen-aa745/billingInfo 200
[debug] [2026-01-28T07:07:08.130Z] <<< [apiv2][body] GET https://cloudbilling.googleapis.com/v1/projects/zaqeen-aa745/billingInfo {"name":"projects/zaqeen-aa745/billingInfo","projectId":"zaqeen-aa745","billingAccountName":"","billingEnabled":false}
[error] Failed to fetch Firebase Project from Studio Workspace because WORKSPACE_SLUG environment variable is empty
[debug] [2026-01-28T07:07:08.135Z] > command requires scopes: ["email","openid","https://www.googleapis.com/auth/cloudplatformprojects.readonly","https://www.googleapis.com/auth/firebase","https://www.googleapis.com/auth/cloud-platform","https://www.googleapis.com/auth/userinfo.email"]
[debug] [2026-01-28T07:07:08.136Z] > authorizing via signed-in user (ai729776@gmail.com)
[error] Failed to fetch Firebase Project from Studio Workspace because WORKSPACE_SLUG environment variable is empty
[error] Failed to fetch Firebase Project from Studio Workspace because WORKSPACE_SLUG environment variable is empty
[error] Failed to fetch Firebase Project from Studio Workspace because WORKSPACE_SLUG environment variable is empty
[error] Failed to fetch Firebase Project from Studio Workspace because WORKSPACE_SLUG environment variable is empty
[debug] [2026-01-28T07:27:58.424Z] > command requires scopes: ["email","openid","https://www.googleapis.com/auth/cloudplatformprojects.readonly","https://www.googleapis.com/auth/firebase","https://www.googleapis.com/auth/cloud-platform","https://www.googleapis.com/auth/userinfo.email"]
[debug] [2026-01-28T07:27:58.425Z] > authorizing via signed-in user (ai729776@gmail.com)
[debug] [2026-01-28T07:27:58.428Z] Checked if tokens are valid: true, expires at: 1769587623610
[debug] [2026-01-28T07:27:58.429Z] Checked if tokens are valid: true, expires at: 1769587623610
[debug] [2026-01-28T07:27:58.430Z] > command requires scopes: ["email","openid","https://www.googleapis.com/auth/cloudplatformprojects.readonly","https://www.googleapis.com/auth/firebase","https://www.googleapis.com/auth/cloud-platform","https://www.googleapis.com/auth/userinfo.email"]
[debug] [2026-01-28T07:27:58.431Z] > authorizing via signed-in user (ai729776@gmail.com)
[debug] [2026-01-28T07:27:58.431Z] Checked if tokens are valid: true, expires at: 1769587623610
[debug] [2026-01-28T07:27:58.432Z] Checked if tokens are valid: true, expires at: 1769587623610
[debug] [2026-01-28T07:27:58.434Z] >>> [apiv2][query] GET https://cloudbilling.googleapis.com/v1/projects/zaqeen-aa745/billingInfo [none]
[debug] [2026-01-28T07:27:58.505Z] >>> [apiv2][query] GET https://cloudbilling.googleapis.com/v1/projects/zaqeen-aa745/billingInfo [none]
[debug] [2026-01-28T07:27:58.733Z] <<< [apiv2][status] GET https://cloudbilling.googleapis.com/v1/projects/zaqeen-aa745/billingInfo 429
[debug] [2026-01-28T07:27:58.734Z] <<< [apiv2][body] GET https://cloudbilling.googleapis.com/v1/projects/zaqeen-aa745/billingInfo {"error":{"code":429,"message":"Quota exceeded for quota metric 'All requests' and limit 'All requests per minute' of service 'cloudbilling.googleapis.com' for consumer 'project_number:563584335869'.","status":"RESOURCE_EXHAUSTED","details":[{"@type":"type.googleapis.com/google.rpc.ErrorInfo","reason":"RATE_LIMIT_EXCEEDED","domain":"googleapis.com","metadata":{"quota_limit_value":"400","quota_unit":"1/min/{project}","service":"cloudbilling.googleapis.com","quota_metric":"cloudbilling.googleapis.com/standard_quota","quota_location":"global","consumer":"projects/563584335869","quota_limit":"StandardQuotaPerMinutePerProject"}},{"@type":"type.googleapis.com/google.rpc.Help","links":[{"description":"Request a higher quota limit.","url":"https://cloud.google.com/docs/quotas/help/request_increase"}]}]}}
[error] Failed to fetch Firebase Project from Studio Workspace because WORKSPACE_SLUG environment variable is empty
[error] Failed to fetch Firebase Project from Studio Workspace because WORKSPACE_SLUG environment variable is empty
[debug] [2026-01-28T07:27:58.749Z] > command requires scopes: ["email","openid","https://www.googleapis.com/auth/cloudplatformprojects.readonly","https://www.googleapis.com/auth/firebase","https://www.googleapis.com/auth/cloud-platform","https://www.googleapis.com/auth/userinfo.email"]
[debug] [2026-01-28T07:27:58.749Z] > authorizing via signed-in user (ai729776@gmail.com)
[debug] [2026-01-28T07:27:58.750Z] Checked if tokens are valid: true, expires at: 1769587623610
[debug] [2026-01-28T07:27:58.750Z] Checked if tokens are valid: true, expires at: 1769587623610
[debug] [2026-01-28T07:27:58.750Z] >>> [apiv2][query] GET https://cloudbilling.googleapis.com/v1/projects/zaqeen-aa745/billingInfo [none]
[error] Failed to fetch Firebase Project from Studio Workspace because WORKSPACE_SLUG environment variable is empty
[error] Failed to fetch Firebase Project from Studio Workspace because WORKSPACE_SLUG environment variable is empty
[debug] [2026-01-28T07:27:58.757Z] > command requires scopes: ["email","openid","https://www.googleapis.com/auth/cloudplatformprojects.readonly","https://www.googleapis.com/auth/firebase","https://www.googleapis.com/auth/cloud-platform","https://www.googleapis.com/auth/userinfo.email"]
[debug] [2026-01-28T07:27:58.757Z] > authorizing via signed-in user (ai729776@gmail.com)
[debug] [2026-01-28T07:27:58.758Z] Checked if tokens are valid: true, expires at: 1769587623610
[debug] [2026-01-28T07:27:58.758Z] Checked if tokens are valid: true, expires at: 1769587623610
[debug] [2026-01-28T07:27:58.758Z] >>> [apiv2][query] GET https://cloudbilling.googleapis.com/v1/projects/zaqeen-aa745/billingInfo [none]
[error] Failed to fetch Firebase Project from Studio Workspace because WORKSPACE_SLUG environment variable is empty
[error] Failed to fetch Firebase Project from Studio Workspace because WORKSPACE_SLUG environment variable is empty
[error] Failed to fetch Firebase Project from Studio Workspace because WORKSPACE_SLUG environment variable is empty
[error] Failed to fetch Firebase Project from Studio Workspace because WORKSPACE_SLUG environment variable is empty
[debug] [2026-01-28T08:22:35.875Z] > command requires scopes: ["email","openid","https://www.googleapis.com/auth/cloudplatformprojects.readonly","https://www.googleapis.com/auth/firebase","https://www.googleapis.com/auth/cloud-platform","https://www.googleapis.com/auth/userinfo.email"]
[debug] [2026-01-28T08:22:35.876Z] > authorizing via signed-in user (ai729776@gmail.com)
[debug] [2026-01-28T08:22:35.878Z] Checked if tokens are valid: false, expires at: 1769587623610
[debug] [2026-01-28T08:22:35.879Z] Checked if tokens are valid: false, expires at: 1769587623610
[debug] [2026-01-28T08:22:35.880Z] > refreshing access token with scopes: []
[debug] [2026-01-28T08:22:35.882Z] >>> [apiv2][query] POST https://www.googleapis.com/oauth2/v3/token [none]
[debug] [2026-01-28T08:22:35.883Z] >>> [apiv2][body] POST https://www.googleapis.com/oauth2/v3/token [omitted]
[debug] [2026-01-28T08:22:35.947Z] > command requires scopes: ["email","openid","https://www.googleapis.com/auth/cloudplatformprojects.readonly","https://www.googleapis.com/auth/firebase","https://www.googleapis.com/auth/cloud-platform","https://www.googleapis.com/auth/userinfo.email"]
[debug] [2026-01-28T08:22:35.947Z] > authorizing via signed-in user (ai729776@gmail.com)
[debug] [2026-01-28T08:22:35.948Z] Checked if tokens are valid: false, expires at: 1769587623610
[debug] [2026-01-28T08:22:35.948Z] Checked if tokens are valid: false, expires at: 1769587623610
[debug] [2026-01-28T08:22:35.948Z] > refreshing access token with scopes: []
[debug] [2026-01-28T08:22:35.949Z] >>> [apiv2][query] POST https://www.googleapis.com/oauth2/v3/token [none]
[debug] [2026-01-28T08:22:35.950Z] >>> [apiv2][body] POST https://www.googleapis.com/oauth2/v3/token [omitted]
[debug] [2026-01-28T08:22:36.015Z] <<< [apiv2][status] POST https://www.googleapis.com/oauth2/v3/token 200
[debug] [2026-01-28T08:22:36.018Z] <<< [apiv2][body] POST https://www.googleapis.com/oauth2/v3/token [omitted]
[debug] [2026-01-28T08:22:36.037Z] >>> [apiv2][query] GET https://cloudbilling.googleapis.com/v1/projects/zaqeen-aa745/billingInfo [none]
[debug] [2026-01-28T08:22:36.061Z] <<< [apiv2][status] POST https://www.googleapis.com/oauth2/v3/token 200
[debug] [2026-01-28T08:22:36.062Z] <<< [apiv2][body] POST https://www.googleapis.com/oauth2/v3/token [omitted]
[debug] [2026-01-28T08:22:36.078Z] >>> [apiv2][query] GET https://cloudbilling.googleapis.com/v1/projects/zaqeen-aa745/billingInfo [none]
[debug] [2026-01-28T08:22:36.288Z] <<< [apiv2][status] GET https://cloudbilling.googleapis.com/v1/projects/zaqeen-aa745/billingInfo 200
[debug] [2026-01-28T08:22:36.288Z] <<< [apiv2][body] GET https://cloudbilling.googleapis.com/v1/projects/zaqeen-aa745/billingInfo {"name":"projects/zaqeen-aa745/billingInfo","projectId":"zaqeen-aa745","billingAccountName":"","billingEnabled":false}
[debug] [2026-01-28T08:22:36.307Z] Checked if tokens are valid: true, expires at: 1769592155065
[debug] [2026-01-28T08:22:36.308Z] Checked if tokens are valid: true, expires at: 1769592155065
[debug] [2026-01-28T08:22:36.309Z] Checked if tokens are valid: true, expires at: 1769592155065
[debug] [2026-01-28T08:22:36.309Z] Checked if tokens are valid: true, expires at: 1769592155065
[debug] [2026-01-28T08:22:36.336Z] Checked if tokens are valid: true, expires at: 1769592155065
[debug] [2026-01-28T08:22:36.336Z] Checked if tokens are valid: true, expires at: 1769592155065
[debug] [2026-01-28T08:22:36.337Z] Checked if tokens are valid: true, expires at: 1769592155065
[debug] [2026-01-28T08:22:36.337Z] Checked if tokens are valid: true, expires at: 1769592155065
[debug] [2026-01-28T08:22:36.338Z] >>> [apiv2][query] GET https://serviceusage.googleapis.com/v1/projects/zaqeen-aa745/services/firebasedataconnect.googleapis.com [none]
[debug] [2026-01-28T08:22:36.338Z] >>> [apiv2][(partial)header] GET https://serviceusage.googleapis.com/v1/projects/zaqeen-aa745/services/firebasedataconnect.googleapis.com x-goog-quota-user=projects/zaqeen-aa745
[debug] [2026-01-28T08:22:36.341Z] >>> [apiv2][query] GET https://serviceusage.googleapis.com/v1/projects/zaqeen-aa745/services/cloudfunctions.googleapis.com [none]
[debug] [2026-01-28T08:22:36.342Z] >>> [apiv2][(partial)header] GET https://serviceusage.googleapis.com/v1/projects/zaqeen-aa745/services/cloudfunctions.googleapis.com x-goog-quota-user=projects/zaqeen-aa745
[debug] [2026-01-28T08:22:36.345Z] >>> [apiv2][query] GET https://serviceusage.googleapis.com/v1/projects/zaqeen-aa745/services/firebaseapphosting.googleapis.com [none]
[debug] [2026-01-28T08:22:36.345Z] >>> [apiv2][(partial)header] GET https://serviceusage.googleapis.com/v1/projects/zaqeen-aa745/services/firebaseapphosting.googleapis.com x-goog-quota-user=projects/zaqeen-aa745
[debug] [2026-01-28T08:22:36.348Z] >>> [apiv2][query] GET https://serviceusage.googleapis.com/v1/projects/zaqeen-aa745/services/firebaseio.com [none]
[debug] [2026-01-28T08:22:36.348Z] >>> [apiv2][(partial)header] GET https://serviceusage.googleapis.com/v1/projects/zaqeen-aa745/services/firebaseio.com x-goog-quota-user=projects/zaqeen-aa745
[debug] [2026-01-28T08:22:36.475Z] <<< [apiv2][status] GET https://cloudbilling.googleapis.com/v1/projects/zaqeen-aa745/billingInfo 200
[debug] [2026-01-28T08:22:36.476Z] <<< [apiv2][body] GET https://cloudbilling.googleapis.com/v1/projects/zaqeen-aa745/billingInfo {"name":"projects/zaqeen-aa745/billingInfo","projectId":"zaqeen-aa745","billingAccountName":"","billingEnabled":false}
[debug] [2026-01-28T08:22:36.478Z] Checked if tokens are valid: true, expires at: 1769592155065
[debug] [2026-01-28T08:22:36.479Z] Checked if tokens are valid: true, expires at: 1769592155065
[debug] [2026-01-28T08:22:36.483Z] Checked if tokens are valid: true, expires at: 1769592155065
[debug] [2026-01-28T08:22:36.483Z] Checked if tokens are valid: true, expires at: 1769592155065
[debug] [2026-01-28T08:22:36.497Z] Checked if tokens are valid: true, expires at: 1769592155065
[debug] [2026-01-28T08:22:36.497Z] Checked if tokens are valid: true, expires at: 1769592155065
[debug] [2026-01-28T08:22:36.497Z] Checked if tokens are valid: true, expires at: 1769592155065
[debug] [2026-01-28T08:22:36.497Z] Checked if tokens are valid: true, expires at: 1769592155065
[debug] [2026-01-28T08:22:36.498Z] >>> [apiv2][query] GET https://serviceusage.googleapis.com/v1/projects/zaqeen-aa745/services/firebasedataconnect.googleapis.com [none]
[debug] [2026-01-28T08:22:36.498Z] >>> [apiv2][(partial)header] GET https://serviceusage.googleapis.com/v1/projects/zaqeen-aa745/services/firebasedataconnect.googleapis.com x-goog-quota-user=projects/zaqeen-aa745
[debug] [2026-01-28T08:22:36.500Z] >>> [apiv2][query] GET https://serviceusage.googleapis.com/v1/projects/zaqeen-aa745/services/cloudfunctions.googleapis.com [none]
[debug] [2026-01-28T08:22:36.501Z] >>> [apiv2][(partial)header] GET https://serviceusage.googleapis.com/v1/projects/zaqeen-aa745/services/cloudfunctions.googleapis.com x-goog-quota-user=projects/zaqeen-aa745
[debug] [2026-01-28T08:22:36.507Z] >>> [apiv2][query] GET https://serviceusage.googleapis.com/v1/projects/zaqeen-aa745/services/firebaseapphosting.googleapis.com [none]
[debug] [2026-01-28T08:22:36.507Z] >>> [apiv2][(partial)header] GET https://serviceusage.googleapis.com/v1/projects/zaqeen-aa745/services/firebaseapphosting.googleapis.com x-goog-quota-user=projects/zaqeen-aa745
[debug] [2026-01-28T08:22:36.511Z] >>> [apiv2][query] GET https://serviceusage.googleapis.com/v1/projects/zaqeen-aa745/services/firebaseio.com [none]
[debug] [2026-01-28T08:22:36.511Z] >>> [apiv2][(partial)header] GET https://serviceusage.googleapis.com/v1/projects/zaqeen-aa745/services/firebaseio.com x-goog-quota-user=projects/zaqeen-aa745
[debug] [2026-01-28T08:22:36.853Z] <<< [apiv2][status] GET https://serviceusage.googleapis.com/v1/projects/zaqeen-aa745/services/cloudfunctions.googleapis.com 200
[debug] [2026-01-28T08:22:36.853Z] <<< [apiv2][body] GET https://serviceusage.googleapis.com/v1/projects/zaqeen-aa745/services/cloudfunctions.googleapis.com [omitted]
[debug] [2026-01-28T08:22:37.425Z] <<< [apiv2][status] GET https://serviceusage.googleapis.com/v1/projects/zaqeen-aa745/services/firebaseio.com 403
[debug] [2026-01-28T08:22:37.425Z] <<< [apiv2][body] GET https://serviceusage.googleapis.com/v1/projects/zaqeen-aa745/services/firebaseio.com [omitted]
[debug] [2026-01-28T08:22:37.462Z] <<< [apiv2][status] GET https://serviceusage.googleapis.com/v1/projects/zaqeen-aa745/services/cloudfunctions.googleapis.com 200
[debug] [2026-01-28T08:22:37.462Z] <<< [apiv2][body] GET https://serviceusage.googleapis.com/v1/projects/zaqeen-aa745/services/cloudfunctions.googleapis.com [omitted]
[debug] [2026-01-28T08:22:37.479Z] <<< [apiv2][status] GET https://serviceusage.googleapis.com/v1/projects/zaqeen-aa745/services/firebasedataconnect.googleapis.com 200
[debug] [2026-01-28T08:22:37.480Z] <<< [apiv2][body] GET https://serviceusage.googleapis.com/v1/projects/zaqeen-aa745/services/firebasedataconnect.googleapis.com [omitted]
[debug] [2026-01-28T08:22:37.500Z] <<< [apiv2][status] GET https://serviceusage.googleapis.com/v1/projects/zaqeen-aa745/services/firebaseapphosting.googleapis.com 200
[debug] [2026-01-28T08:22:37.500Z] <<< [apiv2][body] GET https://serviceusage.googleapis.com/v1/projects/zaqeen-aa745/services/firebaseapphosting.googleapis.com [omitted]
[error] Failed to fetch Firebase Project from Studio Workspace because WORKSPACE_SLUG environment variable is empty
[error] Failed to fetch Firebase Project from Studio Workspace because WORKSPACE_SLUG environment variable is empty
[error] Failed to fetch Firebase Project from Studio Workspace because WORKSPACE_SLUG environment variable is empty
[debug] [2026-01-28T08:22:37.517Z] > command requires scopes: ["email","openid","https://www.googleapis.com/auth/cloudplatformprojects.readonly","https://www.googleapis.com/auth/firebase","https://www.googleapis.com/auth/cloud-platform","https://www.googleapis.com/auth/userinfo.email"]
[debug] [2026-01-28T08:22:37.517Z] > authorizing via signed-in user (ai729776@gmail.com)
[debug] [2026-01-28T08:22:37.517Z] Checked if tokens are valid: true, expires at: 1769592155065
[debug] [2026-01-28T08:22:37.518Z] Checked if tokens are valid: true, expires at: 1769592155065
[debug] [2026-01-28T08:22:37.519Z] >>> [apiv2][query] GET https://cloudbilling.googleapis.com/v1/projects/zaqeen-aa745/billingInfo [none]
[debug] [2026-01-28T08:22:37.560Z] <<< [apiv2][status] GET https://serviceusage.googleapis.com/v1/projects/zaqeen-aa745/services/firebasedataconnect.googleapis.com 200
[debug] [2026-01-28T08:22:37.564Z] <<< [apiv2][body] GET https://serviceusage.googleapis.com/v1/projects/zaqeen-aa745/services/firebasedataconnect.googleapis.com [omitted]
[debug] [2026-01-28T08:22:37.585Z] <<< [apiv2][status] GET https://serviceusage.googleapis.com/v1/projects/zaqeen-aa745/services/firebaseapphosting.googleapis.com 200
[debug] [2026-01-28T08:22:37.586Z] <<< [apiv2][body] GET https://serviceusage.googleapis.com/v1/projects/zaqeen-aa745/services/firebaseapphosting.googleapis.com [omitted]
[debug] [2026-01-28T08:22:37.592Z] <<< [apiv2][status] GET https://serviceusage.googleapis.com/v1/projects/zaqeen-aa745/services/firebaseio.com 403
[debug] [2026-01-28T08:22:37.593Z] <<< [apiv2][body] GET https://serviceusage.googleapis.com/v1/projects/zaqeen-aa745/services/firebaseio.com [omitted]
[debug] [2026-01-28T08:22:38.570Z] <<< [apiv2][status] GET https://cloudbilling.googleapis.com/v1/projects/zaqeen-aa745/billingInfo 200
[debug] [2026-01-28T08:22:38.574Z] <<< [apiv2][body] GET https://cloudbilling.googleapis.com/v1/projects/zaqeen-aa745/billingInfo {"name":"projects/zaqeen-aa745/billingInfo","projectId":"zaqeen-aa745","billingAccountName":"","billingEnabled":false}
[error] Failed to fetch Firebase Project from Studio Workspace because WORKSPACE_SLUG environment variable is empty
[debug] [2026-01-28T08:22:38.585Z] > command requires scopes: ["email","openid","https://www.googleapis.com/auth/cloudplatformprojects.readonly","https://www.googleapis.com/auth/firebase","https://www.googleapis.com/auth/cloud-platform","https://www.googleapis.com/auth/userinfo.email"]
[debug] [2026-01-28T08:22:38.586Z] > authorizing via signed-in user (ai729776@gmail.com)
[error] Failed to fetch Firebase Project from Studio Workspace because WORKSPACE_SLUG environment variable is empty
[error] Failed to fetch Firebase Project from Studio Workspace because WORKSPACE_SLUG environment variable is empty
[error] Failed to fetch Firebase Project from Studio Workspace because WORKSPACE_SLUG environment variable is empty
[debug] [2026-01-28T08:22:38.666Z] > command requires scopes: ["email","openid","https://www.googleapis.com/auth/cloudplatformprojects.readonly","https://www.googleapis.com/auth/firebase","https://www.googleapis.com/auth/cloud-platform","https://www.googleapis.com/auth/userinfo.email"]
[debug] [2026-01-28T08:22:38.667Z] > authorizing via signed-in user (ai729776@gmail.com)
[debug] [2026-01-28T08:22:38.667Z] Checked if tokens are valid: true, expires at: 1769592155065
[debug] [2026-01-28T08:22:38.667Z] Checked if tokens are valid: true, expires at: 1769592155065
[debug] [2026-01-28T08:22:38.667Z] >>> [apiv2][query] GET https://cloudbilling.googleapis.com/v1/projects/zaqeen-aa745/billingInfo [none]
[error] Failed to fetch Firebase Project from Studio Workspace because WORKSPACE_SLUG environment variable is empty
[error] Failed to fetch Firebase Project from Studio Workspace because WORKSPACE_SLUG environment variable is empty
[error] Failed to fetch Firebase Project from Studio Workspace because WORKSPACE_SLUG environment variable is empty
[debug] [2026-01-28T08:22:38.689Z] > command requires scopes: ["email","openid","https://www.googleapis.com/auth/cloudplatformprojects.readonly","https://www.googleapis.com/auth/firebase","https://www.googleapis.com/auth/cloud-platform","https://www.googleapis.com/auth/userinfo.email"]
[debug] [2026-01-28T08:22:38.689Z] > authorizing via signed-in user (ai729776@gmail.com)
[debug] [2026-01-28T08:22:38.689Z] Checked if tokens are valid: true, expires at: 1769592155065
[debug] [2026-01-28T08:22:38.689Z] Checked if tokens are valid: true, expires at: 1769592155065
[debug] [2026-01-28T08:22:38.689Z] >>> [apiv2][query] GET https://cloudbilling.googleapis.com/v1/projects/zaqeen-aa745/billingInfo [none]
[debug] [2026-01-28T08:22:38.892Z] <<< [apiv2][status] GET https://cloudbilling.googleapis.com/v1/projects/zaqeen-aa745/billingInfo 200
[debug] [2026-01-28T08:22:38.897Z] <<< [apiv2][body] GET https://cloudbilling.googleapis.com/v1/projects/zaqeen-aa745/billingInfo {"name":"projects/zaqeen-aa745/billingInfo","projectId":"zaqeen-aa745","billingAccountName":"","billingEnabled":false}
[error] Failed to fetch Firebase Project from Studio Workspace because WORKSPACE_SLUG environment variable is empty
[debug] [2026-01-28T08:22:38.909Z] > command requires scopes: ["email","openid","https://www.googleapis.com/auth/cloudplatformprojects.readonly","https://www.googleapis.com/auth/firebase","https://www.googleapis.com/auth/cloud-platform","https://www.googleapis.com/auth/userinfo.email"]
[debug] [2026-01-28T08:22:38.909Z] > authorizing via signed-in user (ai729776@gmail.com)
[debug] [2026-01-28T08:22:38.919Z] <<< [apiv2][status] GET https://cloudbilling.googleapis.com/v1/projects/zaqeen-aa745/billingInfo 200
[debug] [2026-01-28T08:22:38.919Z] <<< [apiv2][body] GET https://cloudbilling.googleapis.com/v1/projects/zaqeen-aa745/billingInfo {"name":"projects/zaqeen-aa745/billingInfo","projectId":"zaqeen-aa745","billingAccountName":"","billingEnabled":false}
[error] Failed to fetch Firebase Project from Studio Workspace because WORKSPACE_SLUG environment variable is empty
[debug] [2026-01-28T08:22:38.935Z] > command requires scopes: ["email","openid","https://www.googleapis.com/auth/cloudplatformprojects.readonly","https://www.googleapis.com/auth/firebase","https://www.googleapis.com/auth/cloud-platform","https://www.googleapis.com/auth/userinfo.email"]
[debug] [2026-01-28T08:22:38.936Z] > authorizing via signed-in user (ai729776@gmail.com)
[error] Failed to fetch Firebase Project from Studio Workspace because WORKSPACE_SLUG environment variable is empty
[error] Failed to fetch Firebase Project from Studio Workspace because WORKSPACE_SLUG environment variable is empty
[error] Failed to fetch Firebase Project from Studio Workspace because WORKSPACE_SLUG environment variable is empty
[error] Failed to fetch Firebase Project from Studio Workspace because WORKSPACE_SLUG environment variable is empty
[debug] [2026-01-28T09:22:13.047Z] > command requires scopes: ["email","openid","https://www.googleapis.com/auth/cloudplatformprojects.readonly","https://www.googleapis.com/auth/firebase","https://www.googleapis.com/auth/cloud-platform","https://www.googleapis.com/auth/userinfo.email"]
[debug] [2026-01-28T09:22:13.048Z] > authorizing via signed-in user (ai729776@gmail.com)
[debug] [2026-01-28T09:22:13.051Z] Checked if tokens are valid: false, expires at: 1769592155065
[debug] [2026-01-28T09:22:13.052Z] Checked if tokens are valid: false, expires at: 1769592155065
[debug] [2026-01-28T09:22:13.053Z] > refreshing access token with scopes: []
[debug] [2026-01-28T09:22:13.058Z] >>> [apiv2][query] POST https://www.googleapis.com/oauth2/v3/token [none]
[debug] [2026-01-28T09:22:13.058Z] >>> [apiv2][body] POST https://www.googleapis.com/oauth2/v3/token [omitted]
[debug] [2026-01-28T09:22:13.185Z] > command requires scopes: ["email","openid","https://www.googleapis.com/auth/cloudplatformprojects.readonly","https://www.googleapis.com/auth/firebase","https://www.googleapis.com/auth/cloud-platform","https://www.googleapis.com/auth/userinfo.email"]
[debug] [2026-01-28T09:22:13.186Z] > authorizing via signed-in user (ai729776@gmail.com)
[debug] [2026-01-28T09:22:13.186Z] Checked if tokens are valid: false, expires at: 1769592155065
[debug] [2026-01-28T09:22:13.187Z] Checked if tokens are valid: false, expires at: 1769592155065
[debug] [2026-01-28T09:22:13.188Z] > refreshing access token with scopes: []
[debug] [2026-01-28T09:22:13.189Z] >>> [apiv2][query] POST https://www.googleapis.com/oauth2/v3/token [none]
[debug] [2026-01-28T09:22:13.189Z] >>> [apiv2][body] POST https://www.googleapis.com/oauth2/v3/token [omitted]
[debug] [2026-01-28T09:22:13.313Z] <<< [apiv2][status] POST https://www.googleapis.com/oauth2/v3/token 200
[debug] [2026-01-28T09:22:13.315Z] <<< [apiv2][body] POST https://www.googleapis.com/oauth2/v3/token [omitted]
[debug] [2026-01-28T09:22:13.340Z] >>> [apiv2][query] GET https://cloudbilling.googleapis.com/v1/projects/zaqeen-aa745/billingInfo [none]
[debug] [2026-01-28T09:22:13.346Z] <<< [apiv2][status] POST https://www.googleapis.com/oauth2/v3/token 200
[debug] [2026-01-28T09:22:13.346Z] <<< [apiv2][body] POST https://www.googleapis.com/oauth2/v3/token [omitted]
[debug] [2026-01-28T09:22:13.364Z] >>> [apiv2][query] GET https://cloudbilling.googleapis.com/v1/projects/zaqeen-aa745/billingInfo [none]
[debug] [2026-01-28T09:22:13.613Z] <<< [apiv2][status] GET https://cloudbilling.googleapis.com/v1/projects/zaqeen-aa745/billingInfo 200
[debug] [2026-01-28T09:22:13.618Z] <<< [apiv2][body] GET https://cloudbilling.googleapis.com/v1/projects/zaqeen-aa745/billingInfo {"name":"projects/zaqeen-aa745/billingInfo","projectId":"zaqeen-aa745","billingAccountName":"","billingEnabled":false}
[debug] [2026-01-28T09:22:13.641Z] Checked if tokens are valid: true, expires at: 1769595732347
[debug] [2026-01-28T09:22:13.641Z] Checked if tokens are valid: true, expires at: 1769595732347
[debug] [2026-01-28T09:22:13.642Z] Checked if tokens are valid: true, expires at: 1769595732347
[debug] [2026-01-28T09:22:13.643Z] Checked if tokens are valid: true, expires at: 1769595732347
[debug] [2026-01-28T09:22:13.676Z] Checked if tokens are valid: true, expires at: 1769595732347
[debug] [2026-01-28T09:22:13.676Z] Checked if tokens are valid: true, expires at: 1769595732347
[debug] [2026-01-28T09:22:13.681Z] Checked if tokens are valid: true, expires at: 1769595732347
[debug] [2026-01-28T09:22:13.682Z] Checked if tokens are valid: true, expires at: 1769595732347
[debug] [2026-01-28T09:22:13.683Z] >>> [apiv2][query] GET https://serviceusage.googleapis.com/v1/projects/zaqeen-aa745/services/firebasedataconnect.googleapis.com [none]
[debug] [2026-01-28T09:22:13.683Z] >>> [apiv2][(partial)header] GET https://serviceusage.googleapis.com/v1/projects/zaqeen-aa745/services/firebasedataconnect.googleapis.com x-goog-quota-user=projects/zaqeen-aa745
[debug] [2026-01-28T09:22:13.694Z] >>> [apiv2][query] GET https://serviceusage.googleapis.com/v1/projects/zaqeen-aa745/services/cloudfunctions.googleapis.com [none]
[debug] [2026-01-28T09:22:13.694Z] >>> [apiv2][(partial)header] GET https://serviceusage.googleapis.com/v1/projects/zaqeen-aa745/services/cloudfunctions.googleapis.com x-goog-quota-user=projects/zaqeen-aa745
[debug] [2026-01-28T09:22:13.703Z] >>> [apiv2][query] GET https://serviceusage.googleapis.com/v1/projects/zaqeen-aa745/services/firebaseapphosting.googleapis.com [none]
[debug] [2026-01-28T09:22:13.705Z] >>> [apiv2][(partial)header] GET https://serviceusage.googleapis.com/v1/projects/zaqeen-aa745/services/firebaseapphosting.googleapis.com x-goog-quota-user=projects/zaqeen-aa745
[debug] [2026-01-28T09:22:13.710Z] >>> [apiv2][query] GET https://serviceusage.googleapis.com/v1/projects/zaqeen-aa745/services/firebaseio.com [none]
[debug] [2026-01-28T09:22:13.711Z] >>> [apiv2][(partial)header] GET https://serviceusage.googleapis.com/v1/projects/zaqeen-aa745/services/firebaseio.com x-goog-quota-user=projects/zaqeen-aa745
[debug] [2026-01-28T09:22:14.089Z] <<< [apiv2][status] GET https://cloudbilling.googleapis.com/v1/projects/zaqeen-aa745/billingInfo 200
[debug] [2026-01-28T09:22:14.089Z] <<< [apiv2][body] GET https://cloudbilling.googleapis.com/v1/projects/zaqeen-aa745/billingInfo {"name":"projects/zaqeen-aa745/billingInfo","projectId":"zaqeen-aa745","billingAccountName":"","billingEnabled":false}
[debug] [2026-01-28T09:22:14.106Z] Checked if tokens are valid: true, expires at: 1769595732347
[debug] [2026-01-28T09:22:14.107Z] Checked if tokens are valid: true, expires at: 1769595732347
[debug] [2026-01-28T09:22:14.119Z] Checked if tokens are valid: true, expires at: 1769595732347
[debug] [2026-01-28T09:22:14.119Z] Checked if tokens are valid: true, expires at: 1769595732347
[debug] [2026-01-28T09:22:14.168Z] Checked if tokens are valid: true, expires at: 1769595732347
[debug] [2026-01-28T09:22:14.170Z] Checked if tokens are valid: true, expires at: 1769595732347
[debug] [2026-01-28T09:22:14.170Z] Checked if tokens are valid: true, expires at: 1769595732347
[debug] [2026-01-28T09:22:14.171Z] Checked if tokens are valid: true, expires at: 1769595732347
[debug] [2026-01-28T09:22:14.173Z] >>> [apiv2][query] GET https://serviceusage.googleapis.com/v1/projects/zaqeen-aa745/services/firebasedataconnect.googleapis.com [none]
[debug] [2026-01-28T09:22:14.173Z] >>> [apiv2][(partial)header] GET https://serviceusage.googleapis.com/v1/projects/zaqeen-aa745/services/firebasedataconnect.googleapis.com x-goog-quota-user=projects/zaqeen-aa745
[debug] [2026-01-28T09:22:14.184Z] >>> [apiv2][query] GET https://serviceusage.googleapis.com/v1/projects/zaqeen-aa745/services/cloudfunctions.googleapis.com [none]
[debug] [2026-01-28T09:22:14.185Z] >>> [apiv2][(partial)header] GET https://serviceusage.googleapis.com/v1/projects/zaqeen-aa745/services/cloudfunctions.googleapis.com x-goog-quota-user=projects/zaqeen-aa745
[debug] [2026-01-28T09:22:14.196Z] >>> [apiv2][query] GET https://serviceusage.googleapis.com/v1/projects/zaqeen-aa745/services/firebaseapphosting.googleapis.com [none]
[debug] [2026-01-28T09:22:14.197Z] >>> [apiv2][(partial)header] GET https://serviceusage.googleapis.com/v1/projects/zaqeen-aa745/services/firebaseapphosting.googleapis.com x-goog-quota-user=projects/zaqeen-aa745
[debug] [2026-01-28T09:22:14.216Z] >>> [apiv2][query] GET https://serviceusage.googleapis.com/v1/projects/zaqeen-aa745/services/firebaseio.com [none]
[debug] [2026-01-28T09:22:14.216Z] >>> [apiv2][(partial)header] GET https://serviceusage.googleapis.com/v1/projects/zaqeen-aa745/services/firebaseio.com x-goog-quota-user=projects/zaqeen-aa745
[debug] [2026-01-28T09:22:14.825Z] <<< [apiv2][status] GET https://serviceusage.googleapis.com/v1/projects/zaqeen-aa745/services/cloudfunctions.googleapis.com 200
[debug] [2026-01-28T09:22:14.826Z] <<< [apiv2][body] GET https://serviceusage.googleapis.com/v1/projects/zaqeen-aa745/services/cloudfunctions.googleapis.com [omitted]
[debug] [2026-01-28T09:22:14.923Z] <<< [apiv2][status] GET https://serviceusage.googleapis.com/v1/projects/zaqeen-aa745/services/firebasedataconnect.googleapis.com 200
[debug] [2026-01-28T09:22:14.924Z] <<< [apiv2][body] GET https://serviceusage.googleapis.com/v1/projects/zaqeen-aa745/services/firebasedataconnect.googleapis.com [omitted]
[debug] [2026-01-28T09:22:14.989Z] <<< [apiv2][status] GET https://serviceusage.googleapis.com/v1/projects/zaqeen-aa745/services/cloudfunctions.googleapis.com 200
[debug] [2026-01-28T09:22:14.990Z] <<< [apiv2][body] GET https://serviceusage.googleapis.com/v1/projects/zaqeen-aa745/services/cloudfunctions.googleapis.com [omitted]
[debug] [2026-01-28T09:22:15.024Z] <<< [apiv2][status] GET https://serviceusage.googleapis.com/v1/projects/zaqeen-aa745/services/firebaseapphosting.googleapis.com 200
[debug] [2026-01-28T09:22:15.024Z] <<< [apiv2][body] GET https://serviceusage.googleapis.com/v1/projects/zaqeen-aa745/services/firebaseapphosting.googleapis.com [omitted]
[debug] [2026-01-28T09:22:15.055Z] <<< [apiv2][status] GET https://serviceusage.googleapis.com/v1/projects/zaqeen-aa745/services/firebaseio.com 403
[debug] [2026-01-28T09:22:15.060Z] <<< [apiv2][body] GET https://serviceusage.googleapis.com/v1/projects/zaqeen-aa745/services/firebaseio.com [omitted]
[error] Failed to fetch Firebase Project from Studio Workspace because WORKSPACE_SLUG environment variable is empty
[error] Failed to fetch Firebase Project from Studio Workspace because WORKSPACE_SLUG environment variable is empty
[error] Failed to fetch Firebase Project from Studio Workspace because WORKSPACE_SLUG environment variable is empty
[debug] [2026-01-28T09:22:15.071Z] > command requires scopes: ["email","openid","https://www.googleapis.com/auth/cloudplatformprojects.readonly","https://www.googleapis.com/auth/firebase","https://www.googleapis.com/auth/cloud-platform","https://www.googleapis.com/auth/userinfo.email"]
[debug] [2026-01-28T09:22:15.072Z] > authorizing via signed-in user (ai729776@gmail.com)
[debug] [2026-01-28T09:22:15.072Z] Checked if tokens are valid: true, expires at: 1769595732347
[debug] [2026-01-28T09:22:15.072Z] Checked if tokens are valid: true, expires at: 1769595732347
[debug] [2026-01-28T09:22:15.072Z] >>> [apiv2][query] GET https://cloudbilling.googleapis.com/v1/projects/zaqeen-aa745/billingInfo [none]
[debug] [2026-01-28T09:22:15.311Z] <<< [apiv2][status] GET https://cloudbilling.googleapis.com/v1/projects/zaqeen-aa745/billingInfo 200
[debug] [2026-01-28T09:22:15.314Z] <<< [apiv2][body] GET https://cloudbilling.googleapis.com/v1/projects/zaqeen-aa745/billingInfo {"name":"projects/zaqeen-aa745/billingInfo","projectId":"zaqeen-aa745","billingAccountName":"","billingEnabled":false}
[error] Failed to fetch Firebase Project from Studio Workspace because WORKSPACE_SLUG environment variable is empty
[debug] [2026-01-28T09:22:15.319Z] > command requires scopes: ["email","openid","https://www.googleapis.com/auth/cloudplatformprojects.readonly","https://www.googleapis.com/auth/firebase","https://www.googleapis.com/auth/cloud-platform","https://www.googleapis.com/auth/userinfo.email"]
[debug] [2026-01-28T09:22:15.319Z] > authorizing via signed-in user (ai729776@gmail.com)
[error] Failed to fetch Firebase Project from Studio Workspace because WORKSPACE_SLUG environment variable is empty
[error] Failed to fetch Firebase Project from Studio Workspace because WORKSPACE_SLUG environment variable is empty
[error] Failed to fetch Firebase Project from Studio Workspace because WORKSPACE_SLUG environment variable is empty
[debug] [2026-01-28T09:22:15.351Z] > command requires scopes: ["email","openid","https://www.googleapis.com/auth/cloudplatformprojects.readonly","https://www.googleapis.com/auth/firebase","https://www.googleapis.com/auth/cloud-platform","https://www.googleapis.com/auth/userinfo.email"]
[debug] [2026-01-28T09:22:15.351Z] > authorizing via signed-in user (ai729776@gmail.com)
[debug] [2026-01-28T09:22:15.352Z] Checked if tokens are valid: true, expires at: 1769595732347
[debug] [2026-01-28T09:22:15.356Z] Checked if tokens are valid: true, expires at: 1769595732347
[debug] [2026-01-28T09:22:15.356Z] >>> [apiv2][query] GET https://cloudbilling.googleapis.com/v1/projects/zaqeen-aa745/billingInfo [none]
[error] Failed to fetch Firebase Project from Studio Workspace because WORKSPACE_SLUG environment variable is empty
[error] Failed to fetch Firebase Project from Studio Workspace because WORKSPACE_SLUG environment variable is empty
[error] Failed to fetch Firebase Project from Studio Workspace because WORKSPACE_SLUG environment variable is empty
[debug] [2026-01-28T09:22:15.367Z] > command requires scopes: ["email","openid","https://www.googleapis.com/auth/cloudplatformprojects.readonly","https://www.googleapis.com/auth/firebase","https://www.googleapis.com/auth/cloud-platform","https://www.googleapis.com/auth/userinfo.email"]
[debug] [2026-01-28T09:22:15.367Z] > authorizing via signed-in user (ai729776@gmail.com)
[debug] [2026-01-28T09:22:15.368Z] Checked if tokens are valid: true, expires at: 1769595732347
[debug] [2026-01-28T09:22:15.368Z] Checked if tokens are valid: true, expires at: 1769595732347
[debug] [2026-01-28T09:22:15.368Z] >>> [apiv2][query] GET https://cloudbilling.googleapis.com/v1/projects/zaqeen-aa745/billingInfo [none]
[debug] [2026-01-28T09:22:15.383Z] <<< [apiv2][status] GET https://serviceusage.googleapis.com/v1/projects/zaqeen-aa745/services/firebasedataconnect.googleapis.com 200
[debug] [2026-01-28T09:22:15.386Z] <<< [apiv2][body] GET https://serviceusage.googleapis.com/v1/projects/zaqeen-aa745/services/firebasedataconnect.googleapis.com [omitted]
[debug] [2026-01-28T09:22:15.408Z] <<< [apiv2][status] GET https://serviceusage.googleapis.com/v1/projects/zaqeen-aa745/services/firebaseapphosting.googleapis.com 200
[debug] [2026-01-28T09:22:15.413Z] <<< [apiv2][body] GET https://serviceusage.googleapis.com/v1/projects/zaqeen-aa745/services/firebaseapphosting.googleapis.com [omitted]
[debug] [2026-01-28T09:22:15.461Z] <<< [apiv2][status] GET https://serviceusage.googleapis.com/v1/projects/zaqeen-aa745/services/firebaseio.com 403
[debug] [2026-01-28T09:22:15.466Z] <<< [apiv2][body] GET https://serviceusage.googleapis.com/v1/projects/zaqeen-aa745/services/firebaseio.com [omitted]
[debug] [2026-01-28T09:22:15.555Z] <<< [apiv2][status] GET https://cloudbilling.googleapis.com/v1/projects/zaqeen-aa745/billingInfo 200
[debug] [2026-01-28T09:22:15.556Z] <<< [apiv2][body] GET https://cloudbilling.googleapis.com/v1/projects/zaqeen-aa745/billingInfo {"name":"projects/zaqeen-aa745/billingInfo","projectId":"zaqeen-aa745","billingAccountName":"","billingEnabled":false}
[error] Failed to fetch Firebase Project from Studio Workspace because WORKSPACE_SLUG environment variable is empty
[debug] [2026-01-28T09:22:15.561Z] > command requires scopes: ["email","openid","https://www.googleapis.com/auth/cloudplatformprojects.readonly","https://www.googleapis.com/auth/firebase","https://www.googleapis.com/auth/cloud-platform","https://www.googleapis.com/auth/userinfo.email"]
[debug] [2026-01-28T09:22:15.566Z] > authorizing via signed-in user (ai729776@gmail.com)
[debug] [2026-01-28T09:22:15.584Z] <<< [apiv2][status] GET https://cloudbilling.googleapis.com/v1/projects/zaqeen-aa745/billingInfo 200
[debug] [2026-01-28T09:22:15.588Z] <<< [apiv2][body] GET https://cloudbilling.googleapis.com/v1/projects/zaqeen-aa745/billingInfo {"name":"projects/zaqeen-aa745/billingInfo","projectId":"zaqeen-aa745","billingAccountName":"","billingEnabled":false}
[error] Failed to fetch Firebase Project from Studio Workspace because WORKSPACE_SLUG environment variable is empty
[debug] [2026-01-28T09:22:15.593Z] > command requires scopes: ["email","openid","https://www.googleapis.com/auth/cloudplatformprojects.readonly","https://www.googleapis.com/auth/firebase","https://www.googleapis.com/auth/cloud-platform","https://www.googleapis.com/auth/userinfo.email"]
[debug] [2026-01-28T09:22:15.593Z] > authorizing via signed-in user (ai729776@gmail.com)
[error] Failed to fetch Firebase Project from Studio Workspace because WORKSPACE_SLUG environment variable is empty
[error] Failed to fetch Firebase Project from Studio Workspace because WORKSPACE_SLUG environment variable is empty
[error] Failed to fetch Firebase Project from Studio Workspace because WORKSPACE_SLUG environment variable is empty
[error] Failed to fetch Firebase Project from Studio Workspace because WORKSPACE_SLUG environment variable is empty
[debug] [2026-01-28T09:34:54.435Z] > command requires scopes: ["email","openid","https://www.googleapis.com/auth/cloudplatformprojects.readonly","https://www.googleapis.com/auth/firebase","https://www.googleapis.com/auth/cloud-platform","https://www.googleapis.com/auth/userinfo.email"]
[debug] [2026-01-28T09:34:54.437Z] > authorizing via signed-in user (ai729776@gmail.com)
[debug] [2026-01-28T09:34:54.439Z] Checked if tokens are valid: true, expires at: 1769595732347
[debug] [2026-01-28T09:34:54.439Z] Checked if tokens are valid: true, expires at: 1769595732347
[debug] [2026-01-28T09:34:54.440Z] > command requires scopes: ["email","openid","https://www.googleapis.com/auth/cloudplatformprojects.readonly","https://www.googleapis.com/auth/firebase","https://www.googleapis.com/auth/cloud-platform","https://www.googleapis.com/auth/userinfo.email"]
[debug] [2026-01-28T09:34:54.440Z] > authorizing via signed-in user (ai729776@gmail.com)
[debug] [2026-01-28T09:34:54.441Z] Checked if tokens are valid: true, expires at: 1769595732347
[debug] [2026-01-28T09:34:54.441Z] Checked if tokens are valid: true, expires at: 1769595732347
[debug] [2026-01-28T09:34:54.443Z] >>> [apiv2][query] GET https://cloudbilling.googleapis.com/v1/projects/zaqeen-aa745/billingInfo [none]
[debug] [2026-01-28T09:34:54.504Z] >>> [apiv2][query] GET https://cloudbilling.googleapis.com/v1/projects/zaqeen-aa745/billingInfo [none]
[debug] [2026-01-28T09:34:54.780Z] <<< [apiv2][status] GET https://cloudbilling.googleapis.com/v1/projects/zaqeen-aa745/billingInfo 200
[debug] [2026-01-28T09:34:54.784Z] <<< [apiv2][body] GET https://cloudbilling.googleapis.com/v1/projects/zaqeen-aa745/billingInfo {"name":"projects/zaqeen-aa745/billingInfo","projectId":"zaqeen-aa745","billingAccountName":"","billingEnabled":false}
[debug] [2026-01-28T09:34:54.800Z] Checked if tokens are valid: true, expires at: 1769595732347
[debug] [2026-01-28T09:34:54.800Z] Checked if tokens are valid: true, expires at: 1769595732347
[debug] [2026-01-28T09:34:54.803Z] Checked if tokens are valid: true, expires at: 1769595732347
[debug] [2026-01-28T09:34:54.803Z] Checked if tokens are valid: true, expires at: 1769595732347
[debug] [2026-01-28T09:34:54.828Z] Checked if tokens are valid: true, expires at: 1769595732347
[debug] [2026-01-28T09:34:54.828Z] Checked if tokens are valid: true, expires at: 1769595732347
[debug] [2026-01-28T09:34:54.829Z] Checked if tokens are valid: true, expires at: 1769595732347
[debug] [2026-01-28T09:34:54.829Z] Checked if tokens are valid: true, expires at: 1769595732347
[debug] [2026-01-28T09:34:54.830Z] >>> [apiv2][query] GET https://serviceusage.googleapis.com/v1/projects/zaqeen-aa745/services/firebasedataconnect.googleapis.com [none]
[debug] [2026-01-28T09:34:54.830Z] >>> [apiv2][(partial)header] GET https://serviceusage.googleapis.com/v1/projects/zaqeen-aa745/services/firebasedataconnect.googleapis.com x-goog-quota-user=projects/zaqeen-aa745
[debug] [2026-01-28T09:34:54.834Z] >>> [apiv2][query] GET https://serviceusage.googleapis.com/v1/projects/zaqeen-aa745/services/cloudfunctions.googleapis.com [none]
[debug] [2026-01-28T09:34:54.834Z] >>> [apiv2][(partial)header] GET https://serviceusage.googleapis.com/v1/projects/zaqeen-aa745/services/cloudfunctions.googleapis.com x-goog-quota-user=projects/zaqeen-aa745
[debug] [2026-01-28T09:34:54.838Z] >>> [apiv2][query] GET https://serviceusage.googleapis.com/v1/projects/zaqeen-aa745/services/firebaseapphosting.googleapis.com [none]
[debug] [2026-01-28T09:34:54.838Z] >>> [apiv2][(partial)header] GET https://serviceusage.googleapis.com/v1/projects/zaqeen-aa745/services/firebaseapphosting.googleapis.com x-goog-quota-user=projects/zaqeen-aa745
[debug] [2026-01-28T09:34:54.840Z] >>> [apiv2][query] GET https://serviceusage.googleapis.com/v1/projects/zaqeen-aa745/services/firebaseio.com [none]
[debug] [2026-01-28T09:34:54.841Z] >>> [apiv2][(partial)header] GET https://serviceusage.googleapis.com/v1/projects/zaqeen-aa745/services/firebaseio.com x-goog-quota-user=projects/zaqeen-aa745
[debug] [2026-01-28T09:34:55.610Z] <<< [apiv2][status] GET https://cloudbilling.googleapis.com/v1/projects/zaqeen-aa745/billingInfo 200
[debug] [2026-01-28T09:34:55.610Z] <<< [apiv2][body] GET https://cloudbilling.googleapis.com/v1/projects/zaqeen-aa745/billingInfo {"name":"projects/zaqeen-aa745/billingInfo","projectId":"zaqeen-aa745","billingAccountName":"","billingEnabled":false}
[debug] [2026-01-28T09:34:55.620Z] Checked if tokens are valid: true, expires at: 1769595732347
[debug] [2026-01-28T09:34:55.621Z] Checked if tokens are valid: true, expires at: 1769595732347
[debug] [2026-01-28T09:34:55.626Z] Checked if tokens are valid: true, expires at: 1769595732347
[debug] [2026-01-28T09:34:55.628Z] Checked if tokens are valid: true, expires at: 1769595732347
[debug] [2026-01-28T09:34:55.662Z] Checked if tokens are valid: true, expires at: 1769595732347
[debug] [2026-01-28T09:34:55.662Z] Checked if tokens are valid: true, expires at: 1769595732347
[debug] [2026-01-28T09:34:55.665Z] Checked if tokens are valid: true, expires at: 1769595732347
[debug] [2026-01-28T09:34:55.666Z] Checked if tokens are valid: true, expires at: 1769595732347
[debug] [2026-01-28T09:34:55.670Z] >>> [apiv2][query] GET https://serviceusage.googleapis.com/v1/projects/zaqeen-aa745/services/firebasedataconnect.googleapis.com [none]
[debug] [2026-01-28T09:34:55.670Z] >>> [apiv2][(partial)header] GET https://serviceusage.googleapis.com/v1/projects/zaqeen-aa745/services/firebasedataconnect.googleapis.com x-goog-quota-user=projects/zaqeen-aa745
[debug] [2026-01-28T09:34:55.675Z] >>> [apiv2][query] GET https://serviceusage.googleapis.com/v1/projects/zaqeen-aa745/services/cloudfunctions.googleapis.com [none]
[debug] [2026-01-28T09:34:55.675Z] >>> [apiv2][(partial)header] GET https://serviceusage.googleapis.com/v1/projects/zaqeen-aa745/services/cloudfunctions.googleapis.com x-goog-quota-user=projects/zaqeen-aa745
[debug] [2026-01-28T09:34:55.678Z] >>> [apiv2][query] GET https://serviceusage.googleapis.com/v1/projects/zaqeen-aa745/services/firebaseapphosting.googleapis.com [none]
[debug] [2026-01-28T09:34:55.678Z] >>> [apiv2][(partial)header] GET https://serviceusage.googleapis.com/v1/projects/zaqeen-aa745/services/firebaseapphosting.googleapis.com x-goog-quota-user=projects/zaqeen-aa745
[debug] [2026-01-28T09:34:55.681Z] >>> [apiv2][query] GET https://serviceusage.googleapis.com/v1/projects/zaqeen-aa745/services/firebaseio.com [none]
[debug] [2026-01-28T09:34:55.681Z] >>> [apiv2][(partial)header] GET https://serviceusage.googleapis.com/v1/projects/zaqeen-aa745/services/firebaseio.com x-goog-quota-user=projects/zaqeen-aa745
[debug] [2026-01-28T09:34:55.909Z] <<< [apiv2][status] GET https://serviceusage.googleapis.com/v1/projects/zaqeen-aa745/services/firebaseio.com 403
[debug] [2026-01-28T09:34:55.909Z] <<< [apiv2][body] GET https://serviceusage.googleapis.com/v1/projects/zaqeen-aa745/services/firebaseio.com [omitted]
[debug] [2026-01-28T09:34:55.957Z] <<< [apiv2][status] GET https://serviceusage.googleapis.com/v1/projects/zaqeen-aa745/services/cloudfunctions.googleapis.com 200
[debug] [2026-01-28T09:34:55.961Z] <<< [apiv2][body] GET https://serviceusage.googleapis.com/v1/projects/zaqeen-aa745/services/cloudfunctions.googleapis.com [omitted]
[debug] [2026-01-28T09:34:55.965Z] <<< [apiv2][status] GET https://serviceusage.googleapis.com/v1/projects/zaqeen-aa745/services/firebasedataconnect.googleapis.com 200
[debug] [2026-01-28T09:34:55.966Z] <<< [apiv2][body] GET https://serviceusage.googleapis.com/v1/projects/zaqeen-aa745/services/firebasedataconnect.googleapis.com [omitted]
[debug] [2026-01-28T09:34:55.980Z] <<< [apiv2][status] GET https://serviceusage.googleapis.com/v1/projects/zaqeen-aa745/services/firebaseapphosting.googleapis.com 200
[debug] [2026-01-28T09:34:55.980Z] <<< [apiv2][body] GET https://serviceusage.googleapis.com/v1/projects/zaqeen-aa745/services/firebaseapphosting.googleapis.com [omitted]
[debug] [2026-01-28T09:34:56.737Z] <<< [apiv2][status] GET https://serviceusage.googleapis.com/v1/projects/zaqeen-aa745/services/firebasedataconnect.googleapis.com 200
[debug] [2026-01-28T09:34:56.740Z] <<< [apiv2][body] GET https://serviceusage.googleapis.com/v1/projects/zaqeen-aa745/services/firebasedataconnect.googleapis.com [omitted]
[debug] [2026-01-28T09:34:56.760Z] <<< [apiv2][status] GET https://serviceusage.googleapis.com/v1/projects/zaqeen-aa745/services/firebaseapphosting.googleapis.com 200
[debug] [2026-01-28T09:34:56.761Z] <<< [apiv2][body] GET https://serviceusage.googleapis.com/v1/projects/zaqeen-aa745/services/firebaseapphosting.googleapis.com [omitted]
[debug] [2026-01-28T09:34:56.777Z] <<< [apiv2][status] GET https://serviceusage.googleapis.com/v1/projects/zaqeen-aa745/services/firebaseio.com 403
[debug] [2026-01-28T09:34:56.777Z] <<< [apiv2][body] GET https://serviceusage.googleapis.com/v1/projects/zaqeen-aa745/services/firebaseio.com [omitted]
[debug] [2026-01-28T09:34:56.794Z] <<< [apiv2][status] GET https://serviceusage.googleapis.com/v1/projects/zaqeen-aa745/services/cloudfunctions.googleapis.com 200
[debug] [2026-01-28T09:34:56.794Z] <<< [apiv2][body] GET https://serviceusage.googleapis.com/v1/projects/zaqeen-aa745/services/cloudfunctions.googleapis.com [omitted]
[error] Failed to fetch Firebase Project from Studio Workspace because WORKSPACE_SLUG environment variable is empty
[error] Failed to fetch Firebase Project from Studio Workspace because WORKSPACE_SLUG environment variable is empty
[error] Failed to fetch Firebase Project from Studio Workspace because WORKSPACE_SLUG environment variable is empty
[debug] [2026-01-28T09:34:56.806Z] > command requires scopes: ["email","openid","https://www.googleapis.com/auth/cloudplatformprojects.readonly","https://www.googleapis.com/auth/firebase","https://www.googleapis.com/auth/cloud-platform","https://www.googleapis.com/auth/userinfo.email"]
[debug] [2026-01-28T09:34:56.806Z] > authorizing via signed-in user (ai729776@gmail.com)
[debug] [2026-01-28T09:34:56.806Z] Checked if tokens are valid: true, expires at: 1769595732347
[debug] [2026-01-28T09:34:56.806Z] Checked if tokens are valid: true, expires at: 1769595732347
[debug] [2026-01-28T09:34:56.807Z] >>> [apiv2][query] GET https://cloudbilling.googleapis.com/v1/projects/zaqeen-aa745/billingInfo [none]
[debug] [2026-01-28T09:34:57.810Z] <<< [apiv2][status] GET https://cloudbilling.googleapis.com/v1/projects/zaqeen-aa745/billingInfo 200
[debug] [2026-01-28T09:34:57.810Z] <<< [apiv2][body] GET https://cloudbilling.googleapis.com/v1/projects/zaqeen-aa745/billingInfo {"name":"projects/zaqeen-aa745/billingInfo","projectId":"zaqeen-aa745","billingAccountName":"","billingEnabled":false}
[error] Failed to fetch Firebase Project from Studio Workspace because WORKSPACE_SLUG environment variable is empty
[debug] [2026-01-28T09:34:57.822Z] > command requires scopes: ["email","openid","https://www.googleapis.com/auth/cloudplatformprojects.readonly","https://www.googleapis.com/auth/firebase","https://www.googleapis.com/auth/cloud-platform","https://www.googleapis.com/auth/userinfo.email"]
[debug] [2026-01-28T09:34:57.823Z] > authorizing via signed-in user (ai729776@gmail.com)
[error] Failed to fetch Firebase Project from Studio Workspace because WORKSPACE_SLUG environment variable is empty
[error] Failed to fetch Firebase Project from Studio Workspace because WORKSPACE_SLUG environment variable is empty
[error] Failed to fetch Firebase Project from Studio Workspace because WORKSPACE_SLUG environment variable is empty
[debug] [2026-01-28T09:34:57.853Z] > command requires scopes: ["email","openid","https://www.googleapis.com/auth/cloudplatformprojects.readonly","https://www.googleapis.com/auth/firebase","https://www.googleapis.com/auth/cloud-platform","https://www.googleapis.com/auth/userinfo.email"]
[debug] [2026-01-28T09:34:57.853Z] > authorizing via signed-in user (ai729776@gmail.com)
[debug] [2026-01-28T09:34:57.853Z] Checked if tokens are valid: true, expires at: 1769595732347
[debug] [2026-01-28T09:34:57.853Z] Checked if tokens are valid: true, expires at: 1769595732347
[debug] [2026-01-28T09:34:57.854Z] >>> [apiv2][query] GET https://cloudbilling.googleapis.com/v1/projects/zaqeen-aa745/billingInfo [none]
[error] Failed to fetch Firebase Project from Studio Workspace because WORKSPACE_SLUG environment variable is empty
[error] Failed to fetch Firebase Project from Studio Workspace because WORKSPACE_SLUG environment variable is empty
[error] Failed to fetch Firebase Project from Studio Workspace because WORKSPACE_SLUG environment variable is empty
[debug] [2026-01-28T09:34:57.865Z] > command requires scopes: ["email","openid","https://www.googleapis.com/auth/cloudplatformprojects.readonly","https://www.googleapis.com/auth/firebase","https://www.googleapis.com/auth/cloud-platform","https://www.googleapis.com/auth/userinfo.email"]
[debug] [2026-01-28T09:34:57.865Z] > authorizing via signed-in user (ai729776@gmail.com)
[debug] [2026-01-28T09:34:57.866Z] Checked if tokens are valid: true, expires at: 1769595732347
[debug] [2026-01-28T09:34:57.866Z] Checked if tokens are valid: true, expires at: 1769595732347
[debug] [2026-01-28T09:34:57.866Z] >>> [apiv2][query] GET https://cloudbilling.googleapis.com/v1/projects/zaqeen-aa745/billingInfo [none]
[debug] [2026-01-28T09:34:58.070Z] <<< [apiv2][status] GET https://cloudbilling.googleapis.com/v1/projects/zaqeen-aa745/billingInfo 200
[debug] [2026-01-28T09:34:58.070Z] <<< [apiv2][body] GET https://cloudbilling.googleapis.com/v1/projects/zaqeen-aa745/billingInfo {"name":"projects/zaqeen-aa745/billingInfo","projectId":"zaqeen-aa745","billingAccountName":"","billingEnabled":false}
[error] Failed to fetch Firebase Project from Studio Workspace because WORKSPACE_SLUG environment variable is empty
[debug] [2026-01-28T09:34:58.078Z] > command requires scopes: ["email","openid","https://www.googleapis.com/auth/cloudplatformprojects.readonly","https://www.googleapis.com/auth/firebase","https://www.googleapis.com/auth/cloud-platform","https://www.googleapis.com/auth/userinfo.email"]
[debug] [2026-01-28T09:34:58.078Z] > authorizing via signed-in user (ai729776@gmail.com)
[debug] [2026-01-28T09:34:58.087Z] <<< [apiv2][status] GET https://cloudbilling.googleapis.com/v1/projects/zaqeen-aa745/billingInfo 200
[debug] [2026-01-28T09:34:58.087Z] <<< [apiv2][body] GET https://cloudbilling.googleapis.com/v1/projects/zaqeen-aa745/billingInfo {"name":"projects/zaqeen-aa745/billingInfo","projectId":"zaqeen-aa745","billingAccountName":"","billingEnabled":false}
[error] Failed to fetch Firebase Project from Studio Workspace because WORKSPACE_SLUG environment variable is empty
[debug] [2026-01-28T09:34:58.107Z] > command requires scopes: ["email","openid","https://www.googleapis.com/auth/cloudplatformprojects.readonly","https://www.googleapis.com/auth/firebase","https://www.googleapis.com/auth/cloud-platform","https://www.googleapis.com/auth/userinfo.email"]
[debug] [2026-01-28T09:34:58.108Z] > authorizing via signed-in user (ai729776@gmail.com)
[error] Failed to fetch Firebase Project from Studio Workspace because WORKSPACE_SLUG environment variable is empty
[error] Failed to fetch Firebase Project from Studio Workspace because WORKSPACE_SLUG environment variable is empty
[error] Failed to fetch Firebase Project from Studio Workspace because WORKSPACE_SLUG environment variable is empty
[error] Failed to fetch Firebase Project from Studio Workspace because WORKSPACE_SLUG environment variable is empty
[debug] [2026-01-28T09:36:20.923Z] > command requires scopes: ["email","openid","https://www.googleapis.com/auth/cloudplatformprojects.readonly","https://www.googleapis.com/auth/firebase","https://www.googleapis.com/auth/cloud-platform","https://www.googleapis.com/auth/userinfo.email"]
[debug] [2026-01-28T09:36:20.924Z] > authorizing via signed-in user (ai729776@gmail.com)
[debug] [2026-01-28T09:36:20.926Z] Checked if tokens are valid: true, expires at: 1769595732347
[debug] [2026-01-28T09:36:20.927Z] Checked if tokens are valid: true, expires at: 1769595732347
[debug] [2026-01-28T09:36:20.928Z] > command requires scopes: ["email","openid","https://www.googleapis.com/auth/cloudplatformprojects.readonly","https://www.googleapis.com/auth/firebase","https://www.googleapis.com/auth/cloud-platform","https://www.googleapis.com/auth/userinfo.email"]
[debug] [2026-01-28T09:36:20.928Z] > authorizing via signed-in user (ai729776@gmail.com)
[debug] [2026-01-28T09:36:20.929Z] Checked if tokens are valid: true, expires at: 1769595732347
[debug] [2026-01-28T09:36:20.929Z] Checked if tokens are valid: true, expires at: 1769595732347
[debug] [2026-01-28T09:36:20.931Z] >>> [apiv2][query] GET https://cloudbilling.googleapis.com/v1/projects/zaqeen-aa745/billingInfo [none]
[debug] [2026-01-28T09:36:20.997Z] >>> [apiv2][query] GET https://cloudbilling.googleapis.com/v1/projects/zaqeen-aa745/billingInfo [none]
[debug] [2026-01-28T09:36:21.259Z] <<< [apiv2][status] GET https://cloudbilling.googleapis.com/v1/projects/zaqeen-aa745/billingInfo 200
[debug] [2026-01-28T09:36:21.259Z] <<< [apiv2][body] GET https://cloudbilling.googleapis.com/v1/projects/zaqeen-aa745/billingInfo {"name":"projects/zaqeen-aa745/billingInfo","projectId":"zaqeen-aa745","billingAccountName":"","billingEnabled":false}
[debug] [2026-01-28T09:36:21.279Z] Checked if tokens are valid: true, expires at: 1769595732347
[debug] [2026-01-28T09:36:21.279Z] Checked if tokens are valid: true, expires at: 1769595732347
[debug] [2026-01-28T09:36:21.280Z] Checked if tokens are valid: true, expires at: 1769595732347
[debug] [2026-01-28T09:36:21.281Z] Checked if tokens are valid: true, expires at: 1769595732347
[debug] [2026-01-28T09:36:21.306Z] Checked if tokens are valid: true, expires at: 1769595732347
[debug] [2026-01-28T09:36:21.306Z] Checked if tokens are valid: true, expires at: 1769595732347
[debug] [2026-01-28T09:36:21.307Z] Checked if tokens are valid: true, expires at: 1769595732347
[debug] [2026-01-28T09:36:21.307Z] Checked if tokens are valid: true, expires at: 1769595732347
[debug] [2026-01-28T09:36:21.307Z] >>> [apiv2][query] GET https://serviceusage.googleapis.com/v1/projects/zaqeen-aa745/services/firebasedataconnect.googleapis.com [none]
[debug] [2026-01-28T09:36:21.308Z] >>> [apiv2][(partial)header] GET https://serviceusage.googleapis.com/v1/projects/zaqeen-aa745/services/firebasedataconnect.googleapis.com x-goog-quota-user=projects/zaqeen-aa745
[debug] [2026-01-28T09:36:21.311Z] >>> [apiv2][query] GET https://serviceusage.googleapis.com/v1/projects/zaqeen-aa745/services/cloudfunctions.googleapis.com [none]
[debug] [2026-01-28T09:36:21.312Z] >>> [apiv2][(partial)header] GET https://serviceusage.googleapis.com/v1/projects/zaqeen-aa745/services/cloudfunctions.googleapis.com x-goog-quota-user=projects/zaqeen-aa745
[debug] [2026-01-28T09:36:21.315Z] >>> [apiv2][query] GET https://serviceusage.googleapis.com/v1/projects/zaqeen-aa745/services/firebaseapphosting.googleapis.com [none]
[debug] [2026-01-28T09:36:21.315Z] >>> [apiv2][(partial)header] GET https://serviceusage.googleapis.com/v1/projects/zaqeen-aa745/services/firebaseapphosting.googleapis.com x-goog-quota-user=projects/zaqeen-aa745
[debug] [2026-01-28T09:36:21.318Z] >>> [apiv2][query] GET https://serviceusage.googleapis.com/v1/projects/zaqeen-aa745/services/firebaseio.com [none]
[debug] [2026-01-28T09:36:21.318Z] >>> [apiv2][(partial)header] GET https://serviceusage.googleapis.com/v1/projects/zaqeen-aa745/services/firebaseio.com x-goog-quota-user=projects/zaqeen-aa745
[debug] [2026-01-28T09:36:21.435Z] <<< [apiv2][status] GET https://cloudbilling.googleapis.com/v1/projects/zaqeen-aa745/billingInfo 200
[debug] [2026-01-28T09:36:21.435Z] <<< [apiv2][body] GET https://cloudbilling.googleapis.com/v1/projects/zaqeen-aa745/billingInfo {"name":"projects/zaqeen-aa745/billingInfo","projectId":"zaqeen-aa745","billingAccountName":"","billingEnabled":false}
[debug] [2026-01-28T09:36:21.437Z] Checked if tokens are valid: true, expires at: 1769595732347
[debug] [2026-01-28T09:36:21.437Z] Checked if tokens are valid: true, expires at: 1769595732347
[debug] [2026-01-28T09:36:21.437Z] Checked if tokens are valid: true, expires at: 1769595732347
[debug] [2026-01-28T09:36:21.437Z] Checked if tokens are valid: true, expires at: 1769595732347
[debug] [2026-01-28T09:36:21.454Z] Checked if tokens are valid: true, expires at: 1769595732347
[debug] [2026-01-28T09:36:21.455Z] Checked if tokens are valid: true, expires at: 1769595732347
[debug] [2026-01-28T09:36:21.455Z] Checked if tokens are valid: true, expires at: 1769595732347
[debug] [2026-01-28T09:36:21.455Z] Checked if tokens are valid: true, expires at: 1769595732347
[debug] [2026-01-28T09:36:21.456Z] >>> [apiv2][query] GET https://serviceusage.googleapis.com/v1/projects/zaqeen-aa745/services/firebasedataconnect.googleapis.com [none]
[debug] [2026-01-28T09:36:21.456Z] >>> [apiv2][(partial)header] GET https://serviceusage.googleapis.com/v1/projects/zaqeen-aa745/services/firebasedataconnect.googleapis.com x-goog-quota-user=projects/zaqeen-aa745
[debug] [2026-01-28T09:36:21.459Z] >>> [apiv2][query] GET https://serviceusage.googleapis.com/v1/projects/zaqeen-aa745/services/cloudfunctions.googleapis.com [none]
[debug] [2026-01-28T09:36:21.459Z] >>> [apiv2][(partial)header] GET https://serviceusage.googleapis.com/v1/projects/zaqeen-aa745/services/cloudfunctions.googleapis.com x-goog-quota-user=projects/zaqeen-aa745
[debug] [2026-01-28T09:36:21.478Z] >>> [apiv2][query] GET https://serviceusage.googleapis.com/v1/projects/zaqeen-aa745/services/firebaseapphosting.googleapis.com [none]
[debug] [2026-01-28T09:36:21.478Z] >>> [apiv2][(partial)header] GET https://serviceusage.googleapis.com/v1/projects/zaqeen-aa745/services/firebaseapphosting.googleapis.com x-goog-quota-user=projects/zaqeen-aa745
[debug] [2026-01-28T09:36:21.481Z] >>> [apiv2][query] GET https://serviceusage.googleapis.com/v1/projects/zaqeen-aa745/services/firebaseio.com [none]
[debug] [2026-01-28T09:36:21.481Z] >>> [apiv2][(partial)header] GET https://serviceusage.googleapis.com/v1/projects/zaqeen-aa745/services/firebaseio.com x-goog-quota-user=projects/zaqeen-aa745
[debug] [2026-01-28T09:36:22.358Z] <<< [apiv2][status] GET https://serviceusage.googleapis.com/v1/projects/zaqeen-aa745/services/firebaseio.com 403
[debug] [2026-01-28T09:36:22.359Z] <<< [apiv2][body] GET https://serviceusage.googleapis.com/v1/projects/zaqeen-aa745/services/firebaseio.com [omitted]
[debug] [2026-01-28T09:36:22.385Z] <<< [apiv2][status] GET https://serviceusage.googleapis.com/v1/projects/zaqeen-aa745/services/firebaseapphosting.googleapis.com 200
[debug] [2026-01-28T09:36:22.388Z] <<< [apiv2][body] GET https://serviceusage.googleapis.com/v1/projects/zaqeen-aa745/services/firebaseapphosting.googleapis.com [omitted]
[debug] [2026-01-28T09:36:22.402Z] <<< [apiv2][status] GET https://serviceusage.googleapis.com/v1/projects/zaqeen-aa745/services/firebasedataconnect.googleapis.com 200
[debug] [2026-01-28T09:36:22.405Z] <<< [apiv2][body] GET https://serviceusage.googleapis.com/v1/projects/zaqeen-aa745/services/firebasedataconnect.googleapis.com [omitted]
[debug] [2026-01-28T09:36:22.412Z] <<< [apiv2][status] GET https://serviceusage.googleapis.com/v1/projects/zaqeen-aa745/services/cloudfunctions.googleapis.com 200
[debug] [2026-01-28T09:36:22.416Z] <<< [apiv2][body] GET https://serviceusage.googleapis.com/v1/projects/zaqeen-aa745/services/cloudfunctions.googleapis.com [omitted]
[debug] [2026-01-28T09:36:22.530Z] <<< [apiv2][status] GET https://serviceusage.googleapis.com/v1/projects/zaqeen-aa745/services/firebaseio.com 403
[debug] [2026-01-28T09:36:22.530Z] <<< [apiv2][body] GET https://serviceusage.googleapis.com/v1/projects/zaqeen-aa745/services/firebaseio.com [omitted]
[debug] [2026-01-28T09:36:22.560Z] <<< [apiv2][status] GET https://serviceusage.googleapis.com/v1/projects/zaqeen-aa745/services/firebasedataconnect.googleapis.com 200
[debug] [2026-01-28T09:36:22.561Z] <<< [apiv2][body] GET https://serviceusage.googleapis.com/v1/projects/zaqeen-aa745/services/firebasedataconnect.googleapis.com [omitted]
[debug] [2026-01-28T09:36:22.565Z] <<< [apiv2][status] GET https://serviceusage.googleapis.com/v1/projects/zaqeen-aa745/services/firebaseapphosting.googleapis.com 200
[debug] [2026-01-28T09:36:22.565Z] <<< [apiv2][body] GET https://serviceusage.googleapis.com/v1/projects/zaqeen-aa745/services/firebaseapphosting.googleapis.com [omitted]
[debug] [2026-01-28T09:36:22.621Z] <<< [apiv2][status] GET https://serviceusage.googleapis.com/v1/projects/zaqeen-aa745/services/cloudfunctions.googleapis.com 200
[debug] [2026-01-28T09:36:22.621Z] <<< [apiv2][body] GET https://serviceusage.googleapis.com/v1/projects/zaqeen-aa745/services/cloudfunctions.googleapis.com [omitted]
[error] Failed to fetch Firebase Project from Studio Workspace because WORKSPACE_SLUG environment variable is empty
[error] Failed to fetch Firebase Project from Studio Workspace because WORKSPACE_SLUG environment variable is empty
[error] Failed to fetch Firebase Project from Studio Workspace because WORKSPACE_SLUG environment variable is empty
[debug] [2026-01-28T09:36:22.637Z] > command requires scopes: ["email","openid","https://www.googleapis.com/auth/cloudplatformprojects.readonly","https://www.googleapis.com/auth/firebase","https://www.googleapis.com/auth/cloud-platform","https://www.googleapis.com/auth/userinfo.email"]
[debug] [2026-01-28T09:36:22.638Z] > authorizing via signed-in user (ai729776@gmail.com)
[debug] [2026-01-28T09:36:22.638Z] Checked if tokens are valid: true, expires at: 1769595732347
[debug] [2026-01-28T09:36:22.638Z] Checked if tokens are valid: true, expires at: 1769595732347
[debug] [2026-01-28T09:36:22.638Z] >>> [apiv2][query] GET https://cloudbilling.googleapis.com/v1/projects/zaqeen-aa745/billingInfo [none]
[debug] [2026-01-28T09:36:22.845Z] <<< [apiv2][status] GET https://cloudbilling.googleapis.com/v1/projects/zaqeen-aa745/billingInfo 200
[debug] [2026-01-28T09:36:22.846Z] <<< [apiv2][body] GET https://cloudbilling.googleapis.com/v1/projects/zaqeen-aa745/billingInfo {"name":"projects/zaqeen-aa745/billingInfo","projectId":"zaqeen-aa745","billingAccountName":"","billingEnabled":false}
[error] Failed to fetch Firebase Project from Studio Workspace because WORKSPACE_SLUG environment variable is empty
[debug] [2026-01-28T09:36:22.861Z] > command requires scopes: ["email","openid","https://www.googleapis.com/auth/cloudplatformprojects.readonly","https://www.googleapis.com/auth/firebase","https://www.googleapis.com/auth/cloud-platform","https://www.googleapis.com/auth/userinfo.email"]
[debug] [2026-01-28T09:36:22.861Z] > authorizing via signed-in user (ai729776@gmail.com)
[error] Failed to fetch Firebase Project from Studio Workspace because WORKSPACE_SLUG environment variable is empty
[error] Failed to fetch Firebase Project from Studio Workspace because WORKSPACE_SLUG environment variable is empty
[error] Failed to fetch Firebase Project from Studio Workspace because WORKSPACE_SLUG environment variable is empty
[debug] [2026-01-28T09:36:22.892Z] > command requires scopes: ["email","openid","https://www.googleapis.com/auth/cloudplatformprojects.readonly","https://www.googleapis.com/auth/firebase","https://www.googleapis.com/auth/cloud-platform","https://www.googleapis.com/auth/userinfo.email"]
[debug] [2026-01-28T09:36:22.892Z] > authorizing via signed-in user (ai729776@gmail.com)
[debug] [2026-01-28T09:36:22.893Z] Checked if tokens are valid: true, expires at: 1769595732347
[debug] [2026-01-28T09:36:22.893Z] Checked if tokens are valid: true, expires at: 1769595732347
[debug] [2026-01-28T09:36:22.893Z] >>> [apiv2][query] GET https://cloudbilling.googleapis.com/v1/projects/zaqeen-aa745/billingInfo [none]
[error] Failed to fetch Firebase Project from Studio Workspace because WORKSPACE_SLUG environment variable is empty
[error] Failed to fetch Firebase Project from Studio Workspace because WORKSPACE_SLUG environment variable is empty
[error] Failed to fetch Firebase Project from Studio Workspace because WORKSPACE_SLUG environment variable is empty
[debug] [2026-01-28T09:36:22.902Z] > command requires scopes: ["email","openid","https://www.googleapis.com/auth/cloudplatformprojects.readonly","https://www.googleapis.com/auth/firebase","https://www.googleapis.com/auth/cloud-platform","https://www.googleapis.com/auth/userinfo.email"]
[debug] [2026-01-28T09:36:22.903Z] > authorizing via signed-in user (ai729776@gmail.com)
[debug] [2026-01-28T09:36:22.903Z] Checked if tokens are valid: true, expires at: 1769595732347
[debug] [2026-01-28T09:36:22.903Z] Checked if tokens are valid: true, expires at: 1769595732347
[debug] [2026-01-28T09:36:22.903Z] >>> [apiv2][query] GET https://cloudbilling.googleapis.com/v1/projects/zaqeen-aa745/billingInfo [none]
[debug] [2026-01-28T09:36:23.110Z] <<< [apiv2][status] GET https://cloudbilling.googleapis.com/v1/projects/zaqeen-aa745/billingInfo 200
[debug] [2026-01-28T09:36:23.111Z] <<< [apiv2][body] GET https://cloudbilling.googleapis.com/v1/projects/zaqeen-aa745/billingInfo {"name":"projects/zaqeen-aa745/billingInfo","projectId":"zaqeen-aa745","billingAccountName":"","billingEnabled":false}
[error] Failed to fetch Firebase Project from Studio Workspace because WORKSPACE_SLUG environment variable is empty
[debug] [2026-01-28T09:36:23.117Z] > command requires scopes: ["email","openid","https://www.googleapis.com/auth/cloudplatformprojects.readonly","https://www.googleapis.com/auth/firebase","https://www.googleapis.com/auth/cloud-platform","https://www.googleapis.com/auth/userinfo.email"]
[debug] [2026-01-28T09:36:23.117Z] > authorizing via signed-in user (ai729776@gmail.com)
[debug] [2026-01-28T09:36:23.131Z] <<< [apiv2][status] GET https://cloudbilling.googleapis.com/v1/projects/zaqeen-aa745/billingInfo 200
[debug] [2026-01-28T09:36:23.132Z] <<< [apiv2][body] GET https://cloudbilling.googleapis.com/v1/projects/zaqeen-aa745/billingInfo {"name":"projects/zaqeen-aa745/billingInfo","projectId":"zaqeen-aa745","billingAccountName":"","billingEnabled":false}
[error] Failed to fetch Firebase Project from Studio Workspace because WORKSPACE_SLUG environment variable is empty
[debug] [2026-01-28T09:36:23.139Z] > command requires scopes: ["email","openid","https://www.googleapis.com/auth/cloudplatformprojects.readonly","https://www.googleapis.com/auth/firebase","https://www.googleapis.com/auth/cloud-platform","https://www.googleapis.com/auth/userinfo.email"]
[debug] [2026-01-28T09:36:23.143Z] > authorizing via signed-in user (ai729776@gmail.com)
[error] Failed to fetch Firebase Project from Studio Workspace because WORKSPACE_SLUG environment variable is empty
[error] Failed to fetch Firebase Project from Studio Workspace because WORKSPACE_SLUG environment variable is empty
[error] Failed to fetch Firebase Project from Studio Workspace because WORKSPACE_SLUG environment variable is empty
[error] Failed to fetch Firebase Project from Studio Workspace because WORKSPACE_SLUG environment variable is empty
[debug] [2026-01-28T09:43:24.909Z] > command requires scopes: ["email","openid","https://www.googleapis.com/auth/cloudplatformprojects.readonly","https://www.googleapis.com/auth/firebase","https://www.googleapis.com/auth/cloud-platform","https://www.googleapis.com/auth/userinfo.email"]
[debug] [2026-01-28T09:43:24.910Z] > authorizing via signed-in user (ai729776@gmail.com)
[debug] [2026-01-28T09:43:24.912Z] Checked if tokens are valid: true, expires at: 1769595732347
[debug] [2026-01-28T09:43:24.912Z] Checked if tokens are valid: true, expires at: 1769595732347
[debug] [2026-01-28T09:43:24.913Z] > command requires scopes: ["email","openid","https://www.googleapis.com/auth/cloudplatformprojects.readonly","https://www.googleapis.com/auth/firebase","https://www.googleapis.com/auth/cloud-platform","https://www.googleapis.com/auth/userinfo.email"]
[debug] [2026-01-28T09:43:24.913Z] > authorizing via signed-in user (ai729776@gmail.com)
[debug] [2026-01-28T09:43:24.913Z] Checked if tokens are valid: true, expires at: 1769595732347
[debug] [2026-01-28T09:43:24.914Z] Checked if tokens are valid: true, expires at: 1769595732347
[debug] [2026-01-28T09:43:24.915Z] >>> [apiv2][query] GET https://cloudbilling.googleapis.com/v1/projects/zaqeen-aa745/billingInfo [none]
[debug] [2026-01-28T09:43:24.980Z] >>> [apiv2][query] GET https://cloudbilling.googleapis.com/v1/projects/zaqeen-aa745/billingInfo [none]
[debug] [2026-01-28T09:43:25.263Z] <<< [apiv2][status] GET https://cloudbilling.googleapis.com/v1/projects/zaqeen-aa745/billingInfo 200
[debug] [2026-01-28T09:43:25.267Z] <<< [apiv2][body] GET https://cloudbilling.googleapis.com/v1/projects/zaqeen-aa745/billingInfo {"name":"projects/zaqeen-aa745/billingInfo","projectId":"zaqeen-aa745","billingAccountName":"","billingEnabled":false}
[debug] [2026-01-28T09:43:25.284Z] Checked if tokens are valid: true, expires at: 1769595732347
[debug] [2026-01-28T09:43:25.284Z] Checked if tokens are valid: true, expires at: 1769595732347
[debug] [2026-01-28T09:43:25.285Z] Checked if tokens are valid: true, expires at: 1769595732347
[debug] [2026-01-28T09:43:25.286Z] Checked if tokens are valid: true, expires at: 1769595732347
[debug] [2026-01-28T09:43:25.323Z] Checked if tokens are valid: true, expires at: 1769595732347
[debug] [2026-01-28T09:43:25.323Z] Checked if tokens are valid: true, expires at: 1769595732347
[debug] [2026-01-28T09:43:25.326Z] Checked if tokens are valid: true, expires at: 1769595732347
[debug] [2026-01-28T09:43:25.327Z] Checked if tokens are valid: true, expires at: 1769595732347
[debug] [2026-01-28T09:43:25.327Z] >>> [apiv2][query] GET https://serviceusage.googleapis.com/v1/projects/zaqeen-aa745/services/firebasedataconnect.googleapis.com [none]
[debug] [2026-01-28T09:43:25.327Z] >>> [apiv2][(partial)header] GET https://serviceusage.googleapis.com/v1/projects/zaqeen-aa745/services/firebasedataconnect.googleapis.com x-goog-quota-user=projects/zaqeen-aa745
[debug] [2026-01-28T09:43:25.335Z] >>> [apiv2][query] GET https://serviceusage.googleapis.com/v1/projects/zaqeen-aa745/services/cloudfunctions.googleapis.com [none]
[debug] [2026-01-28T09:43:25.335Z] >>> [apiv2][(partial)header] GET https://serviceusage.googleapis.com/v1/projects/zaqeen-aa745/services/cloudfunctions.googleapis.com x-goog-quota-user=projects/zaqeen-aa745
[debug] [2026-01-28T09:43:25.338Z] >>> [apiv2][query] GET https://serviceusage.googleapis.com/v1/projects/zaqeen-aa745/services/firebaseapphosting.googleapis.com [none]
[debug] [2026-01-28T09:43:25.339Z] >>> [apiv2][(partial)header] GET https://serviceusage.googleapis.com/v1/projects/zaqeen-aa745/services/firebaseapphosting.googleapis.com x-goog-quota-user=projects/zaqeen-aa745
[debug] [2026-01-28T09:43:25.341Z] >>> [apiv2][query] GET https://serviceusage.googleapis.com/v1/projects/zaqeen-aa745/services/firebaseio.com [none]
[debug] [2026-01-28T09:43:25.342Z] >>> [apiv2][(partial)header] GET https://serviceusage.googleapis.com/v1/projects/zaqeen-aa745/services/firebaseio.com x-goog-quota-user=projects/zaqeen-aa745
[debug] [2026-01-28T09:43:26.061Z] <<< [apiv2][status] GET https://cloudbilling.googleapis.com/v1/projects/zaqeen-aa745/billingInfo 200
[debug] [2026-01-28T09:43:26.062Z] <<< [apiv2][body] GET https://cloudbilling.googleapis.com/v1/projects/zaqeen-aa745/billingInfo {"name":"projects/zaqeen-aa745/billingInfo","projectId":"zaqeen-aa745","billingAccountName":"","billingEnabled":false}
[debug] [2026-01-28T09:43:26.064Z] Checked if tokens are valid: true, expires at: 1769595732347
[debug] [2026-01-28T09:43:26.064Z] Checked if tokens are valid: true, expires at: 1769595732347
[debug] [2026-01-28T09:43:26.065Z] Checked if tokens are valid: true, expires at: 1769595732347
[debug] [2026-01-28T09:43:26.068Z] Checked if tokens are valid: true, expires at: 1769595732347
[debug] [2026-01-28T09:43:26.098Z] Checked if tokens are valid: true, expires at: 1769595732347
[debug] [2026-01-28T09:43:26.098Z] Checked if tokens are valid: true, expires at: 1769595732347
[debug] [2026-01-28T09:43:26.099Z] Checked if tokens are valid: true, expires at: 1769595732347
[debug] [2026-01-28T09:43:26.099Z] Checked if tokens are valid: true, expires at: 1769595732347
[debug] [2026-01-28T09:43:26.099Z] >>> [apiv2][query] GET https://serviceusage.googleapis.com/v1/projects/zaqeen-aa745/services/firebasedataconnect.googleapis.com [none]
[debug] [2026-01-28T09:43:26.099Z] >>> [apiv2][(partial)header] GET https://serviceusage.googleapis.com/v1/projects/zaqeen-aa745/services/firebasedataconnect.googleapis.com x-goog-quota-user=projects/zaqeen-aa745
[debug] [2026-01-28T09:43:26.107Z] >>> [apiv2][query] GET https://serviceusage.googleapis.com/v1/projects/zaqeen-aa745/services/cloudfunctions.googleapis.com [none]
[debug] [2026-01-28T09:43:26.107Z] >>> [apiv2][(partial)header] GET https://serviceusage.googleapis.com/v1/projects/zaqeen-aa745/services/cloudfunctions.googleapis.com x-goog-quota-user=projects/zaqeen-aa745
[debug] [2026-01-28T09:43:26.112Z] >>> [apiv2][query] GET https://serviceusage.googleapis.com/v1/projects/zaqeen-aa745/services/firebaseapphosting.googleapis.com [none]
[debug] [2026-01-28T09:43:26.113Z] >>> [apiv2][(partial)header] GET https://serviceusage.googleapis.com/v1/projects/zaqeen-aa745/services/firebaseapphosting.googleapis.com x-goog-quota-user=projects/zaqeen-aa745
[debug] [2026-01-28T09:43:26.123Z] >>> [apiv2][query] GET https://serviceusage.googleapis.com/v1/projects/zaqeen-aa745/services/firebaseio.com [none]
[debug] [2026-01-28T09:43:26.124Z] >>> [apiv2][(partial)header] GET https://serviceusage.googleapis.com/v1/projects/zaqeen-aa745/services/firebaseio.com x-goog-quota-user=projects/zaqeen-aa745
[debug] [2026-01-28T09:43:26.468Z] <<< [apiv2][status] GET https://serviceusage.googleapis.com/v1/projects/zaqeen-aa745/services/firebaseio.com 403
[debug] [2026-01-28T09:43:26.468Z] <<< [apiv2][body] GET https://serviceusage.googleapis.com/v1/projects/zaqeen-aa745/services/firebaseio.com [omitted]
[debug] [2026-01-28T09:43:26.504Z] <<< [apiv2][status] GET https://serviceusage.googleapis.com/v1/projects/zaqeen-aa745/services/firebaseapphosting.googleapis.com 200
[debug] [2026-01-28T09:43:26.504Z] <<< [apiv2][body] GET https://serviceusage.googleapis.com/v1/projects/zaqeen-aa745/services/firebaseapphosting.googleapis.com [omitted]
[debug] [2026-01-28T09:43:26.510Z] <<< [apiv2][status] GET https://serviceusage.googleapis.com/v1/projects/zaqeen-aa745/services/cloudfunctions.googleapis.com 200
[debug] [2026-01-28T09:43:26.510Z] <<< [apiv2][body] GET https://serviceusage.googleapis.com/v1/projects/zaqeen-aa745/services/cloudfunctions.googleapis.com [omitted]
[debug] [2026-01-28T09:43:26.514Z] <<< [apiv2][status] GET https://serviceusage.googleapis.com/v1/projects/zaqeen-aa745/services/firebasedataconnect.googleapis.com 200
[debug] [2026-01-28T09:43:26.514Z] <<< [apiv2][body] GET https://serviceusage.googleapis.com/v1/projects/zaqeen-aa745/services/firebasedataconnect.googleapis.com [omitted]
[debug] [2026-01-28T09:43:27.195Z] <<< [apiv2][status] GET https://serviceusage.googleapis.com/v1/projects/zaqeen-aa745/services/firebaseio.com 403
[debug] [2026-01-28T09:43:27.195Z] <<< [apiv2][body] GET https://serviceusage.googleapis.com/v1/projects/zaqeen-aa745/services/firebaseio.com [omitted]
[debug] [2026-01-28T09:43:27.254Z] <<< [apiv2][status] GET https://serviceusage.googleapis.com/v1/projects/zaqeen-aa745/services/firebaseapphosting.googleapis.com 200
[debug] [2026-01-28T09:43:27.254Z] <<< [apiv2][body] GET https://serviceusage.googleapis.com/v1/projects/zaqeen-aa745/services/firebaseapphosting.googleapis.com [omitted]
[debug] [2026-01-28T09:43:27.267Z] <<< [apiv2][status] GET https://serviceusage.googleapis.com/v1/projects/zaqeen-aa745/services/firebasedataconnect.googleapis.com 200
[debug] [2026-01-28T09:43:27.267Z] <<< [apiv2][body] GET https://serviceusage.googleapis.com/v1/projects/zaqeen-aa745/services/firebasedataconnect.googleapis.com [omitted]
[debug] [2026-01-28T09:43:27.270Z] <<< [apiv2][status] GET https://serviceusage.googleapis.com/v1/projects/zaqeen-aa745/services/cloudfunctions.googleapis.com 200
[debug] [2026-01-28T09:43:27.270Z] <<< [apiv2][body] GET https://serviceusage.googleapis.com/v1/projects/zaqeen-aa745/services/cloudfunctions.googleapis.com [omitted]
[error] Failed to fetch Firebase Project from Studio Workspace because WORKSPACE_SLUG environment variable is empty
[error] Failed to fetch Firebase Project from Studio Workspace because WORKSPACE_SLUG environment variable is empty
[error] Failed to fetch Firebase Project from Studio Workspace because WORKSPACE_SLUG environment variable is empty
[debug] [2026-01-28T09:43:27.281Z] > command requires scopes: ["email","openid","https://www.googleapis.com/auth/cloudplatformprojects.readonly","https://www.googleapis.com/auth/firebase","https://www.googleapis.com/auth/cloud-platform","https://www.googleapis.com/auth/userinfo.email"]
[debug] [2026-01-28T09:43:27.281Z] > authorizing via signed-in user (ai729776@gmail.com)
[debug] [2026-01-28T09:43:27.283Z] Checked if tokens are valid: true, expires at: 1769595732347
[debug] [2026-01-28T09:43:27.283Z] Checked if tokens are valid: true, expires at: 1769595732347
[debug] [2026-01-28T09:43:27.283Z] >>> [apiv2][query] GET https://cloudbilling.googleapis.com/v1/projects/zaqeen-aa745/billingInfo [none]
[debug] [2026-01-28T09:43:27.508Z] <<< [apiv2][status] GET https://cloudbilling.googleapis.com/v1/projects/zaqeen-aa745/billingInfo 200
[debug] [2026-01-28T09:43:27.508Z] <<< [apiv2][body] GET https://cloudbilling.googleapis.com/v1/projects/zaqeen-aa745/billingInfo {"name":"projects/zaqeen-aa745/billingInfo","projectId":"zaqeen-aa745","billingAccountName":"","billingEnabled":false}
[error] Failed to fetch Firebase Project from Studio Workspace because WORKSPACE_SLUG environment variable is empty
[debug] [2026-01-28T09:43:27.516Z] > command requires scopes: ["email","openid","https://www.googleapis.com/auth/cloudplatformprojects.readonly","https://www.googleapis.com/auth/firebase","https://www.googleapis.com/auth/cloud-platform","https://www.googleapis.com/auth/userinfo.email"]
[debug] [2026-01-28T09:43:27.518Z] > authorizing via signed-in user (ai729776@gmail.com)
[error] Failed to fetch Firebase Project from Studio Workspace because WORKSPACE_SLUG environment variable is empty
[error] Failed to fetch Firebase Project from Studio Workspace because WORKSPACE_SLUG environment variable is empty
[error] Failed to fetch Firebase Project from Studio Workspace because WORKSPACE_SLUG environment variable is empty
[debug] [2026-01-28T09:43:27.545Z] > command requires scopes: ["email","openid","https://www.googleapis.com/auth/cloudplatformprojects.readonly","https://www.googleapis.com/auth/firebase","https://www.googleapis.com/auth/cloud-platform","https://www.googleapis.com/auth/userinfo.email"]
[debug] [2026-01-28T09:43:27.545Z] > authorizing via signed-in user (ai729776@gmail.com)
[debug] [2026-01-28T09:43:27.545Z] Checked if tokens are valid: true, expires at: 1769595732347
[debug] [2026-01-28T09:43:27.546Z] Checked if tokens are valid: true, expires at: 1769595732347
[debug] [2026-01-28T09:43:27.546Z] >>> [apiv2][query] GET https://cloudbilling.googleapis.com/v1/projects/zaqeen-aa745/billingInfo [none]
[error] Failed to fetch Firebase Project from Studio Workspace because WORKSPACE_SLUG environment variable is empty
[error] Failed to fetch Firebase Project from Studio Workspace because WORKSPACE_SLUG environment variable is empty
[error] Failed to fetch Firebase Project from Studio Workspace because WORKSPACE_SLUG environment variable is empty
[debug] [2026-01-28T09:43:27.560Z] > command requires scopes: ["email","openid","https://www.googleapis.com/auth/cloudplatformprojects.readonly","https://www.googleapis.com/auth/firebase","https://www.googleapis.com/auth/cloud-platform","https://www.googleapis.com/auth/userinfo.email"]
[debug] [2026-01-28T09:43:27.561Z] > authorizing via signed-in user (ai729776@gmail.com)
[debug] [2026-01-28T09:43:27.561Z] Checked if tokens are valid: true, expires at: 1769595732347
[debug] [2026-01-28T09:43:27.561Z] Checked if tokens are valid: true, expires at: 1769595732347
[debug] [2026-01-28T09:43:27.561Z] >>> [apiv2][query] GET https://cloudbilling.googleapis.com/v1/projects/zaqeen-aa745/billingInfo [none]
[debug] [2026-01-28T09:43:27.780Z] <<< [apiv2][status] GET https://cloudbilling.googleapis.com/v1/projects/zaqeen-aa745/billingInfo 200
[debug] [2026-01-28T09:43:27.781Z] <<< [apiv2][body] GET https://cloudbilling.googleapis.com/v1/projects/zaqeen-aa745/billingInfo {"name":"projects/zaqeen-aa745/billingInfo","projectId":"zaqeen-aa745","billingAccountName":"","billingEnabled":false}
[error] Failed to fetch Firebase Project from Studio Workspace because WORKSPACE_SLUG environment variable is empty
[debug] [2026-01-28T09:43:27.791Z] > command requires scopes: ["email","openid","https://www.googleapis.com/auth/cloudplatformprojects.readonly","https://www.googleapis.com/auth/firebase","https://www.googleapis.com/auth/cloud-platform","https://www.googleapis.com/auth/userinfo.email"]
[debug] [2026-01-28T09:43:27.792Z] > authorizing via signed-in user (ai729776@gmail.com)
[debug] [2026-01-28T09:43:28.793Z] <<< [apiv2][status] GET https://cloudbilling.googleapis.com/v1/projects/zaqeen-aa745/billingInfo 200
[debug] [2026-01-28T09:43:28.793Z] <<< [apiv2][body] GET https://cloudbilling.googleapis.com/v1/projects/zaqeen-aa745/billingInfo {"name":"projects/zaqeen-aa745/billingInfo","projectId":"zaqeen-aa745","billingAccountName":"","billingEnabled":false}
[error] Failed to fetch Firebase Project from Studio Workspace because WORKSPACE_SLUG environment variable is empty
[debug] [2026-01-28T09:43:28.816Z] > command requires scopes: ["email","openid","https://www.googleapis.com/auth/cloudplatformprojects.readonly","https://www.googleapis.com/auth/firebase","https://www.googleapis.com/auth/cloud-platform","https://www.googleapis.com/auth/userinfo.email"]
[debug] [2026-01-28T09:43:28.817Z] > authorizing via signed-in user (ai729776@gmail.com)
[error] Failed to fetch Firebase Project from Studio Workspace because WORKSPACE_SLUG environment variable is empty
[error] Failed to fetch Firebase Project from Studio Workspace because WORKSPACE_SLUG environment variable is empty
[error] Failed to fetch Firebase Project from Studio Workspace because WORKSPACE_SLUG environment variable is empty
[error] Failed to fetch Firebase Project from Studio Workspace because WORKSPACE_SLUG environment variable is empty
[debug] [2026-01-28T12:23:13.779Z] > command requires scopes: ["email","openid","https://www.googleapis.com/auth/cloudplatformprojects.readonly","https://www.googleapis.com/auth/firebase","https://www.googleapis.com/auth/cloud-platform","https://www.googleapis.com/auth/userinfo.email"]
[debug] [2026-01-28T12:23:13.781Z] > authorizing via signed-in user (ai729776@gmail.com)
[debug] [2026-01-28T12:23:13.787Z] Checked if tokens are valid: false, expires at: 1769595732347
[debug] [2026-01-28T12:23:13.792Z] Checked if tokens are valid: false, expires at: 1769595732347
[debug] [2026-01-28T12:23:13.797Z] > refreshing access token with scopes: []
[debug] [2026-01-28T12:23:13.809Z] >>> [apiv2][query] POST https://www.googleapis.com/oauth2/v3/token [none]
[debug] [2026-01-28T12:23:13.809Z] >>> [apiv2][body] POST https://www.googleapis.com/oauth2/v3/token [omitted]
[debug] [2026-01-28T12:23:13.980Z] > command requires scopes: ["email","openid","https://www.googleapis.com/auth/cloudplatformprojects.readonly","https://www.googleapis.com/auth/firebase","https://www.googleapis.com/auth/cloud-platform","https://www.googleapis.com/auth/userinfo.email"]
[debug] [2026-01-28T12:23:13.981Z] > authorizing via signed-in user (ai729776@gmail.com)
[debug] [2026-01-28T12:23:13.982Z] Checked if tokens are valid: false, expires at: 1769595732347
[debug] [2026-01-28T12:23:13.982Z] Checked if tokens are valid: false, expires at: 1769595732347
[debug] [2026-01-28T12:23:13.983Z] > refreshing access token with scopes: []
[debug] [2026-01-28T12:23:13.984Z] >>> [apiv2][query] POST https://www.googleapis.com/oauth2/v3/token [none]
[debug] [2026-01-28T12:23:13.984Z] >>> [apiv2][body] POST https://www.googleapis.com/oauth2/v3/token [omitted]
[debug] [2026-01-28T12:23:14.109Z] <<< [apiv2][status] POST https://www.googleapis.com/oauth2/v3/token 200
[debug] [2026-01-28T12:23:14.112Z] <<< [apiv2][body] POST https://www.googleapis.com/oauth2/v3/token [omitted]
[debug] [2026-01-28T12:23:14.153Z] >>> [apiv2][query] GET https://cloudbilling.googleapis.com/v1/projects/zaqeen-aa745/billingInfo [none]
[debug] [2026-01-28T12:23:14.160Z] <<< [apiv2][status] POST https://www.googleapis.com/oauth2/v3/token 200
[debug] [2026-01-28T12:23:14.161Z] <<< [apiv2][body] POST https://www.googleapis.com/oauth2/v3/token [omitted]
[debug] [2026-01-28T12:23:14.182Z] >>> [apiv2][query] GET https://cloudbilling.googleapis.com/v1/projects/zaqeen-aa745/billingInfo [none]
[debug] [2026-01-28T12:23:15.271Z] <<< [apiv2][status] GET https://cloudbilling.googleapis.com/v1/projects/zaqeen-aa745/billingInfo 200
[debug] [2026-01-28T12:23:15.273Z] <<< [apiv2][body] GET https://cloudbilling.googleapis.com/v1/projects/zaqeen-aa745/billingInfo {"name":"projects/zaqeen-aa745/billingInfo","projectId":"zaqeen-aa745","billingAccountName":"","billingEnabled":false}
[debug] [2026-01-28T12:23:15.305Z] Checked if tokens are valid: true, expires at: 1769606593161
[debug] [2026-01-28T12:23:15.306Z] Checked if tokens are valid: true, expires at: 1769606593161
[debug] [2026-01-28T12:23:15.312Z] Checked if tokens are valid: true, expires at: 1769606593161
[debug] [2026-01-28T12:23:15.312Z] Checked if tokens are valid: true, expires at: 1769606593161
[debug] [2026-01-28T12:23:15.450Z] Checked if tokens are valid: true, expires at: 1769606593161
[debug] [2026-01-28T12:23:15.450Z] Checked if tokens are valid: true, expires at: 1769606593161
[debug] [2026-01-28T12:23:15.457Z] Checked if tokens are valid: true, expires at: 1769606593161
[debug] [2026-01-28T12:23:15.460Z] Checked if tokens are valid: true, expires at: 1769606593161
[debug] [2026-01-28T12:23:15.465Z] >>> [apiv2][query] GET https://serviceusage.googleapis.com/v1/projects/zaqeen-aa745/services/firebasedataconnect.googleapis.com [none]
[debug] [2026-01-28T12:23:15.465Z] >>> [apiv2][(partial)header] GET https://serviceusage.googleapis.com/v1/projects/zaqeen-aa745/services/firebasedataconnect.googleapis.com x-goog-quota-user=projects/zaqeen-aa745
[debug] [2026-01-28T12:23:15.474Z] >>> [apiv2][query] GET https://serviceusage.googleapis.com/v1/projects/zaqeen-aa745/services/cloudfunctions.googleapis.com [none]
[debug] [2026-01-28T12:23:15.479Z] >>> [apiv2][(partial)header] GET https://serviceusage.googleapis.com/v1/projects/zaqeen-aa745/services/cloudfunctions.googleapis.com x-goog-quota-user=projects/zaqeen-aa745
[debug] [2026-01-28T12:23:15.489Z] >>> [apiv2][query] GET https://serviceusage.googleapis.com/v1/projects/zaqeen-aa745/services/firebaseapphosting.googleapis.com [none]
[debug] [2026-01-28T12:23:15.489Z] >>> [apiv2][(partial)header] GET https://serviceusage.googleapis.com/v1/projects/zaqeen-aa745/services/firebaseapphosting.googleapis.com x-goog-quota-user=projects/zaqeen-aa745
[debug] [2026-01-28T12:23:15.497Z] >>> [apiv2][query] GET https://serviceusage.googleapis.com/v1/projects/zaqeen-aa745/services/firebaseio.com [none]
[debug] [2026-01-28T12:23:15.497Z] >>> [apiv2][(partial)header] GET https://serviceusage.googleapis.com/v1/projects/zaqeen-aa745/services/firebaseio.com x-goog-quota-user=projects/zaqeen-aa745
[debug] [2026-01-28T12:23:15.789Z] <<< [apiv2][status] GET https://cloudbilling.googleapis.com/v1/projects/zaqeen-aa745/billingInfo 200
[debug] [2026-01-28T12:23:15.790Z] <<< [apiv2][body] GET https://cloudbilling.googleapis.com/v1/projects/zaqeen-aa745/billingInfo {"name":"projects/zaqeen-aa745/billingInfo","projectId":"zaqeen-aa745","billingAccountName":"","billingEnabled":false}
[debug] [2026-01-28T12:23:15.796Z] Checked if tokens are valid: true, expires at: 1769606593161
[debug] [2026-01-28T12:23:15.806Z] Checked if tokens are valid: true, expires at: 1769606593161
[debug] [2026-01-28T12:23:15.806Z] Checked if tokens are valid: true, expires at: 1769606593161
[debug] [2026-01-28T12:23:15.808Z] Checked if tokens are valid: true, expires at: 1769606593161
[debug] [2026-01-28T12:23:15.866Z] Checked if tokens are valid: true, expires at: 1769606593161
[debug] [2026-01-28T12:23:15.866Z] Checked if tokens are valid: true, expires at: 1769606593161
[debug] [2026-01-28T12:23:15.867Z] Checked if tokens are valid: true, expires at: 1769606593161
[debug] [2026-01-28T12:23:15.867Z] Checked if tokens are valid: true, expires at: 1769606593161
[debug] [2026-01-28T12:23:15.867Z] >>> [apiv2][query] GET https://serviceusage.googleapis.com/v1/projects/zaqeen-aa745/services/firebasedataconnect.googleapis.com [none]
[debug] [2026-01-28T12:23:15.872Z] >>> [apiv2][(partial)header] GET https://serviceusage.googleapis.com/v1/projects/zaqeen-aa745/services/firebasedataconnect.googleapis.com x-goog-quota-user=projects/zaqeen-aa745
[debug] [2026-01-28T12:23:15.879Z] >>> [apiv2][query] GET https://serviceusage.googleapis.com/v1/projects/zaqeen-aa745/services/cloudfunctions.googleapis.com [none]
[debug] [2026-01-28T12:23:15.884Z] >>> [apiv2][(partial)header] GET https://serviceusage.googleapis.com/v1/projects/zaqeen-aa745/services/cloudfunctions.googleapis.com x-goog-quota-user=projects/zaqeen-aa745
[debug] [2026-01-28T12:23:15.891Z] >>> [apiv2][query] GET https://serviceusage.googleapis.com/v1/projects/zaqeen-aa745/services/firebaseapphosting.googleapis.com [none]
[debug] [2026-01-28T12:23:15.891Z] >>> [apiv2][(partial)header] GET https://serviceusage.googleapis.com/v1/projects/zaqeen-aa745/services/firebaseapphosting.googleapis.com x-goog-quota-user=projects/zaqeen-aa745
[debug] [2026-01-28T12:23:15.901Z] >>> [apiv2][query] GET https://serviceusage.googleapis.com/v1/projects/zaqeen-aa745/services/firebaseio.com [none]
[debug] [2026-01-28T12:23:15.904Z] >>> [apiv2][(partial)header] GET https://serviceusage.googleapis.com/v1/projects/zaqeen-aa745/services/firebaseio.com x-goog-quota-user=projects/zaqeen-aa745
[debug] [2026-01-28T12:23:16.681Z] <<< [apiv2][status] GET https://serviceusage.googleapis.com/v1/projects/zaqeen-aa745/services/firebasedataconnect.googleapis.com 200
[debug] [2026-01-28T12:23:16.681Z] <<< [apiv2][body] GET https://serviceusage.googleapis.com/v1/projects/zaqeen-aa745/services/firebasedataconnect.googleapis.com [omitted]
[debug] [2026-01-28T12:23:16.700Z] <<< [apiv2][status] GET https://serviceusage.googleapis.com/v1/projects/zaqeen-aa745/services/cloudfunctions.googleapis.com 200
[debug] [2026-01-28T12:23:16.710Z] <<< [apiv2][body] GET https://serviceusage.googleapis.com/v1/projects/zaqeen-aa745/services/cloudfunctions.googleapis.com [omitted]
[debug] [2026-01-28T12:23:16.734Z] <<< [apiv2][status] GET https://serviceusage.googleapis.com/v1/projects/zaqeen-aa745/services/firebaseio.com 403
[debug] [2026-01-28T12:23:16.734Z] <<< [apiv2][body] GET https://serviceusage.googleapis.com/v1/projects/zaqeen-aa745/services/firebaseio.com [omitted]
[debug] [2026-01-28T12:23:16.772Z] <<< [apiv2][status] GET https://serviceusage.googleapis.com/v1/projects/zaqeen-aa745/services/firebaseapphosting.googleapis.com 200
[debug] [2026-01-28T12:23:16.773Z] <<< [apiv2][body] GET https://serviceusage.googleapis.com/v1/projects/zaqeen-aa745/services/firebaseapphosting.googleapis.com [omitted]
[error] Failed to fetch Firebase Project from Studio Workspace because WORKSPACE_SLUG environment variable is empty
[error] Failed to fetch Firebase Project from Studio Workspace because WORKSPACE_SLUG environment variable is empty
[error] Failed to fetch Firebase Project from Studio Workspace because WORKSPACE_SLUG environment variable is empty
[debug] [2026-01-28T12:23:16.781Z] > command requires scopes: ["email","openid","https://www.googleapis.com/auth/cloudplatformprojects.readonly","https://www.googleapis.com/auth/firebase","https://www.googleapis.com/auth/cloud-platform","https://www.googleapis.com/auth/userinfo.email"]
[debug] [2026-01-28T12:23:16.782Z] > authorizing via signed-in user (ai729776@gmail.com)
[debug] [2026-01-28T12:23:16.782Z] Checked if tokens are valid: true, expires at: 1769606593161
[debug] [2026-01-28T12:23:16.782Z] Checked if tokens are valid: true, expires at: 1769606593161
[debug] [2026-01-28T12:23:16.782Z] >>> [apiv2][query] GET https://cloudbilling.googleapis.com/v1/projects/zaqeen-aa745/billingInfo [none]
[debug] [2026-01-28T12:23:16.988Z] <<< [apiv2][status] GET https://cloudbilling.googleapis.com/v1/projects/zaqeen-aa745/billingInfo 200
[debug] [2026-01-28T12:23:16.988Z] <<< [apiv2][body] GET https://cloudbilling.googleapis.com/v1/projects/zaqeen-aa745/billingInfo {"name":"projects/zaqeen-aa745/billingInfo","projectId":"zaqeen-aa745","billingAccountName":"","billingEnabled":false}
[error] Failed to fetch Firebase Project from Studio Workspace because WORKSPACE_SLUG environment variable is empty
[debug] [2026-01-28T12:23:16.997Z] > command requires scopes: ["email","openid","https://www.googleapis.com/auth/cloudplatformprojects.readonly","https://www.googleapis.com/auth/firebase","https://www.googleapis.com/auth/cloud-platform","https://www.googleapis.com/auth/userinfo.email"]
[debug] [2026-01-28T12:23:16.997Z] > authorizing via signed-in user (ai729776@gmail.com)
[debug] [2026-01-28T12:23:17.043Z] <<< [apiv2][status] GET https://serviceusage.googleapis.com/v1/projects/zaqeen-aa745/services/firebasedataconnect.googleapis.com 200
[debug] [2026-01-28T12:23:17.044Z] <<< [apiv2][body] GET https://serviceusage.googleapis.com/v1/projects/zaqeen-aa745/services/firebasedataconnect.googleapis.com [omitted]
[error] Failed to fetch Firebase Project from Studio Workspace because WORKSPACE_SLUG environment variable is empty
[error] Failed to fetch Firebase Project from Studio Workspace because WORKSPACE_SLUG environment variable is empty
[error] Failed to fetch Firebase Project from Studio Workspace because WORKSPACE_SLUG environment variable is empty
[debug] [2026-01-28T12:23:17.080Z] > command requires scopes: ["email","openid","https://www.googleapis.com/auth/cloudplatformprojects.readonly","https://www.googleapis.com/auth/firebase","https://www.googleapis.com/auth/cloud-platform","https://www.googleapis.com/auth/userinfo.email"]
[debug] [2026-01-28T12:23:17.081Z] > authorizing via signed-in user (ai729776@gmail.com)
[debug] [2026-01-28T12:23:17.081Z] Checked if tokens are valid: true, expires at: 1769606593161
[debug] [2026-01-28T12:23:17.081Z] Checked if tokens are valid: true, expires at: 1769606593161
[debug] [2026-01-28T12:23:17.082Z] >>> [apiv2][query] GET https://cloudbilling.googleapis.com/v1/projects/zaqeen-aa745/billingInfo [none]
[error] Failed to fetch Firebase Project from Studio Workspace because WORKSPACE_SLUG environment variable is empty
[error] Failed to fetch Firebase Project from Studio Workspace because WORKSPACE_SLUG environment variable is empty
[error] Failed to fetch Firebase Project from Studio Workspace because WORKSPACE_SLUG environment variable is empty
[debug] [2026-01-28T12:23:17.100Z] > command requires scopes: ["email","openid","https://www.googleapis.com/auth/cloudplatformprojects.readonly","https://www.googleapis.com/auth/firebase","https://www.googleapis.com/auth/cloud-platform","https://www.googleapis.com/auth/userinfo.email"]
[debug] [2026-01-28T12:23:17.100Z] > authorizing via signed-in user (ai729776@gmail.com)
[debug] [2026-01-28T12:23:17.102Z] Checked if tokens are valid: true, expires at: 1769606593161
[debug] [2026-01-28T12:23:17.102Z] Checked if tokens are valid: true, expires at: 1769606593161
[debug] [2026-01-28T12:23:17.102Z] >>> [apiv2][query] GET https://cloudbilling.googleapis.com/v1/projects/zaqeen-aa745/billingInfo [none]
[debug] [2026-01-28T12:23:17.128Z] <<< [apiv2][status] GET https://serviceusage.googleapis.com/v1/projects/zaqeen-aa745/services/firebaseio.com 403
[debug] [2026-01-28T12:23:17.128Z] <<< [apiv2][body] GET https://serviceusage.googleapis.com/v1/projects/zaqeen-aa745/services/firebaseio.com [omitted]
[debug] [2026-01-28T12:23:17.145Z] <<< [apiv2][status] GET https://serviceusage.googleapis.com/v1/projects/zaqeen-aa745/services/firebaseapphosting.googleapis.com 200
[debug] [2026-01-28T12:23:17.146Z] <<< [apiv2][body] GET https://serviceusage.googleapis.com/v1/projects/zaqeen-aa745/services/firebaseapphosting.googleapis.com [omitted]
[debug] [2026-01-28T12:23:17.157Z] <<< [apiv2][status] GET https://serviceusage.googleapis.com/v1/projects/zaqeen-aa745/services/cloudfunctions.googleapis.com 200
[debug] [2026-01-28T12:23:17.157Z] <<< [apiv2][body] GET https://serviceusage.googleapis.com/v1/projects/zaqeen-aa745/services/cloudfunctions.googleapis.com [omitted]
[debug] [2026-01-28T12:23:17.313Z] <<< [apiv2][status] GET https://cloudbilling.googleapis.com/v1/projects/zaqeen-aa745/billingInfo 200
[debug] [2026-01-28T12:23:17.313Z] <<< [apiv2][body] GET https://cloudbilling.googleapis.com/v1/projects/zaqeen-aa745/billingInfo {"name":"projects/zaqeen-aa745/billingInfo","projectId":"zaqeen-aa745","billingAccountName":"","billingEnabled":false}
[error] Failed to fetch Firebase Project from Studio Workspace because WORKSPACE_SLUG environment variable is empty
[debug] [2026-01-28T12:23:17.333Z] > command requires scopes: ["email","openid","https://www.googleapis.com/auth/cloudplatformprojects.readonly","https://www.googleapis.com/auth/firebase","https://www.googleapis.com/auth/cloud-platform","https://www.googleapis.com/auth/userinfo.email"]
[debug] [2026-01-28T12:23:17.333Z] > authorizing via signed-in user (ai729776@gmail.com)
[debug] [2026-01-28T12:23:17.345Z] <<< [apiv2][status] GET https://cloudbilling.googleapis.com/v1/projects/zaqeen-aa745/billingInfo 200
[debug] [2026-01-28T12:23:17.346Z] <<< [apiv2][body] GET https://cloudbilling.googleapis.com/v1/projects/zaqeen-aa745/billingInfo {"name":"projects/zaqeen-aa745/billingInfo","projectId":"zaqeen-aa745","billingAccountName":"","billingEnabled":false}
[error] Failed to fetch Firebase Project from Studio Workspace because WORKSPACE_SLUG environment variable is empty
[debug] [2026-01-28T12:23:17.359Z] > command requires scopes: ["email","openid","https://www.googleapis.com/auth/cloudplatformprojects.readonly","https://www.googleapis.com/auth/firebase","https://www.googleapis.com/auth/cloud-platform","https://www.googleapis.com/auth/userinfo.email"]
[debug] [2026-01-28T12:23:17.366Z] > authorizing via signed-in user (ai729776@gmail.com)
[error] Failed to fetch Firebase Project from Studio Workspace because WORKSPACE_SLUG environment variable is empty
[error] Failed to fetch Firebase Project from Studio Workspace because WORKSPACE_SLUG environment variable is empty
[error] Failed to fetch Firebase Project from Studio Workspace because WORKSPACE_SLUG environment variable is empty
[error] Failed to fetch Firebase Project from Studio Workspace because WORKSPACE_SLUG environment variable is empty
[debug] [2026-01-28T12:44:11.326Z] > command requires scopes: ["email","openid","https://www.googleapis.com/auth/cloudplatformprojects.readonly","https://www.googleapis.com/auth/firebase","https://www.googleapis.com/auth/cloud-platform","https://www.googleapis.com/auth/userinfo.email"]
[debug] [2026-01-28T12:44:11.328Z] > authorizing via signed-in user (ai729776@gmail.com)
[debug] [2026-01-28T12:44:11.332Z] Checked if tokens are valid: true, expires at: 1769606593161
[debug] [2026-01-28T12:44:11.334Z] Checked if tokens are valid: true, expires at: 1769606593161
[debug] [2026-01-28T12:44:11.334Z] > command requires scopes: ["email","openid","https://www.googleapis.com/auth/cloudplatformprojects.readonly","https://www.googleapis.com/auth/firebase","https://www.googleapis.com/auth/cloud-platform","https://www.googleapis.com/auth/userinfo.email"]
[debug] [2026-01-28T12:44:11.336Z] > authorizing via signed-in user (ai729776@gmail.com)
[debug] [2026-01-28T12:44:11.338Z] Checked if tokens are valid: true, expires at: 1769606593161
[debug] [2026-01-28T12:44:11.339Z] Checked if tokens are valid: true, expires at: 1769606593161
[debug] [2026-01-28T12:44:11.347Z] >>> [apiv2][query] GET https://cloudbilling.googleapis.com/v1/projects/zaqeen-aa745/billingInfo [none]
[debug] [2026-01-28T12:44:11.446Z] >>> [apiv2][query] GET https://cloudbilling.googleapis.com/v1/projects/zaqeen-aa745/billingInfo [none]
[debug] [2026-01-28T12:44:12.634Z] <<< [apiv2][status] GET https://cloudbilling.googleapis.com/v1/projects/zaqeen-aa745/billingInfo 200
[debug] [2026-01-28T12:44:12.635Z] <<< [apiv2][body] GET https://cloudbilling.googleapis.com/v1/projects/zaqeen-aa745/billingInfo {"name":"projects/zaqeen-aa745/billingInfo","projectId":"zaqeen-aa745","billingAccountName":"","billingEnabled":false}
[debug] [2026-01-28T12:44:12.650Z] Checked if tokens are valid: true, expires at: 1769606593161
[debug] [2026-01-28T12:44:12.651Z] Checked if tokens are valid: true, expires at: 1769606593161
[debug] [2026-01-28T12:44:12.652Z] Checked if tokens are valid: true, expires at: 1769606593161
[debug] [2026-01-28T12:44:12.653Z] Checked if tokens are valid: true, expires at: 1769606593161
[debug] [2026-01-28T12:44:12.678Z] Checked if tokens are valid: true, expires at: 1769606593161
[debug] [2026-01-28T12:44:12.679Z] Checked if tokens are valid: true, expires at: 1769606593161
[debug] [2026-01-28T12:44:12.679Z] Checked if tokens are valid: true, expires at: 1769606593161
[debug] [2026-01-28T12:44:12.679Z] Checked if tokens are valid: true, expires at: 1769606593161
[debug] [2026-01-28T12:44:12.680Z] >>> [apiv2][query] GET https://serviceusage.googleapis.com/v1/projects/zaqeen-aa745/services/firebasedataconnect.googleapis.com [none]
[debug] [2026-01-28T12:44:12.680Z] >>> [apiv2][(partial)header] GET https://serviceusage.googleapis.com/v1/projects/zaqeen-aa745/services/firebasedataconnect.googleapis.com x-goog-quota-user=projects/zaqeen-aa745
[debug] [2026-01-28T12:44:12.684Z] >>> [apiv2][query] GET https://serviceusage.googleapis.com/v1/projects/zaqeen-aa745/services/cloudfunctions.googleapis.com [none]
[debug] [2026-01-28T12:44:12.684Z] >>> [apiv2][(partial)header] GET https://serviceusage.googleapis.com/v1/projects/zaqeen-aa745/services/cloudfunctions.googleapis.com x-goog-quota-user=projects/zaqeen-aa745
[debug] [2026-01-28T12:44:12.687Z] >>> [apiv2][query] GET https://serviceusage.googleapis.com/v1/projects/zaqeen-aa745/services/firebaseapphosting.googleapis.com [none]
[debug] [2026-01-28T12:44:12.687Z] >>> [apiv2][(partial)header] GET https://serviceusage.googleapis.com/v1/projects/zaqeen-aa745/services/firebaseapphosting.googleapis.com x-goog-quota-user=projects/zaqeen-aa745
[debug] [2026-01-28T12:44:12.690Z] >>> [apiv2][query] GET https://serviceusage.googleapis.com/v1/projects/zaqeen-aa745/services/firebaseio.com [none]
[debug] [2026-01-28T12:44:12.690Z] >>> [apiv2][(partial)header] GET https://serviceusage.googleapis.com/v1/projects/zaqeen-aa745/services/firebaseio.com x-goog-quota-user=projects/zaqeen-aa745
[debug] [2026-01-28T12:44:12.755Z] <<< [apiv2][status] GET https://cloudbilling.googleapis.com/v1/projects/zaqeen-aa745/billingInfo 200
[debug] [2026-01-28T12:44:12.755Z] <<< [apiv2][body] GET https://cloudbilling.googleapis.com/v1/projects/zaqeen-aa745/billingInfo {"name":"projects/zaqeen-aa745/billingInfo","projectId":"zaqeen-aa745","billingAccountName":"","billingEnabled":false}
[debug] [2026-01-28T12:44:12.759Z] Checked if tokens are valid: true, expires at: 1769606593161
[debug] [2026-01-28T12:44:12.759Z] Checked if tokens are valid: true, expires at: 1769606593161
[debug] [2026-01-28T12:44:12.760Z] Checked if tokens are valid: true, expires at: 1769606593161
[debug] [2026-01-28T12:44:12.760Z] Checked if tokens are valid: true, expires at: 1769606593161
[debug] [2026-01-28T12:44:12.790Z] Checked if tokens are valid: true, expires at: 1769606593161
[debug] [2026-01-28T12:44:12.790Z] Checked if tokens are valid: true, expires at: 1769606593161
[debug] [2026-01-28T12:44:12.791Z] Checked if tokens are valid: true, expires at: 1769606593161
[debug] [2026-01-28T12:44:12.791Z] Checked if tokens are valid: true, expires at: 1769606593161
[debug] [2026-01-28T12:44:12.794Z] >>> [apiv2][query] GET https://serviceusage.googleapis.com/v1/projects/zaqeen-aa745/services/firebasedataconnect.googleapis.com [none]
[debug] [2026-01-28T12:44:12.794Z] >>> [apiv2][(partial)header] GET https://serviceusage.googleapis.com/v1/projects/zaqeen-aa745/services/firebasedataconnect.googleapis.com x-goog-quota-user=projects/zaqeen-aa745
[debug] [2026-01-28T12:44:12.802Z] >>> [apiv2][query] GET https://serviceusage.googleapis.com/v1/projects/zaqeen-aa745/services/cloudfunctions.googleapis.com [none]
[debug] [2026-01-28T12:44:12.802Z] >>> [apiv2][(partial)header] GET https://serviceusage.googleapis.com/v1/projects/zaqeen-aa745/services/cloudfunctions.googleapis.com x-goog-quota-user=projects/zaqeen-aa745
[debug] [2026-01-28T12:44:12.805Z] >>> [apiv2][query] GET https://serviceusage.googleapis.com/v1/projects/zaqeen-aa745/services/firebaseapphosting.googleapis.com [none]
[debug] [2026-01-28T12:44:12.806Z] >>> [apiv2][(partial)header] GET https://serviceusage.googleapis.com/v1/projects/zaqeen-aa745/services/firebaseapphosting.googleapis.com x-goog-quota-user=projects/zaqeen-aa745
[debug] [2026-01-28T12:44:12.811Z] >>> [apiv2][query] GET https://serviceusage.googleapis.com/v1/projects/zaqeen-aa745/services/firebaseio.com [none]
[debug] [2026-01-28T12:44:12.811Z] >>> [apiv2][(partial)header] GET https://serviceusage.googleapis.com/v1/projects/zaqeen-aa745/services/firebaseio.com x-goog-quota-user=projects/zaqeen-aa745
[debug] [2026-01-28T12:44:13.866Z] <<< [apiv2][status] GET https://serviceusage.googleapis.com/v1/projects/zaqeen-aa745/services/firebasedataconnect.googleapis.com 200
[debug] [2026-01-28T12:44:13.867Z] <<< [apiv2][body] GET https://serviceusage.googleapis.com/v1/projects/zaqeen-aa745/services/firebasedataconnect.googleapis.com [omitted]
[debug] [2026-01-28T12:44:13.903Z] <<< [apiv2][status] GET https://serviceusage.googleapis.com/v1/projects/zaqeen-aa745/services/firebaseapphosting.googleapis.com 200
[debug] [2026-01-28T12:44:13.903Z] <<< [apiv2][body] GET https://serviceusage.googleapis.com/v1/projects/zaqeen-aa745/services/firebaseapphosting.googleapis.com [omitted]
[debug] [2026-01-28T12:44:13.915Z] <<< [apiv2][status] GET https://serviceusage.googleapis.com/v1/projects/zaqeen-aa745/services/cloudfunctions.googleapis.com 200
[debug] [2026-01-28T12:44:13.916Z] <<< [apiv2][body] GET https://serviceusage.googleapis.com/v1/projects/zaqeen-aa745/services/cloudfunctions.googleapis.com [omitted]
[debug] [2026-01-28T12:44:13.934Z] <<< [apiv2][status] GET https://serviceusage.googleapis.com/v1/projects/zaqeen-aa745/services/firebaseio.com 403
[debug] [2026-01-28T12:44:13.934Z] <<< [apiv2][body] GET https://serviceusage.googleapis.com/v1/projects/zaqeen-aa745/services/firebaseio.com [omitted]
[error] Failed to fetch Firebase Project from Studio Workspace because WORKSPACE_SLUG environment variable is empty
[error] Failed to fetch Firebase Project from Studio Workspace because WORKSPACE_SLUG environment variable is empty
[error] Failed to fetch Firebase Project from Studio Workspace because WORKSPACE_SLUG environment variable is empty
[debug] [2026-01-28T12:44:13.956Z] > command requires scopes: ["email","openid","https://www.googleapis.com/auth/cloudplatformprojects.readonly","https://www.googleapis.com/auth/firebase","https://www.googleapis.com/auth/cloud-platform","https://www.googleapis.com/auth/userinfo.email"]
[debug] [2026-01-28T12:44:13.956Z] > authorizing via signed-in user (ai729776@gmail.com)
[debug] [2026-01-28T12:44:13.956Z] Checked if tokens are valid: true, expires at: 1769606593161
[debug] [2026-01-28T12:44:13.956Z] Checked if tokens are valid: true, expires at: 1769606593161
[debug] [2026-01-28T12:44:13.957Z] >>> [apiv2][query] GET https://cloudbilling.googleapis.com/v1/projects/zaqeen-aa745/billingInfo [none]
[debug] [2026-01-28T12:44:13.969Z] <<< [apiv2][status] GET https://serviceusage.googleapis.com/v1/projects/zaqeen-aa745/services/firebasedataconnect.googleapis.com 200
[debug] [2026-01-28T12:44:13.970Z] <<< [apiv2][body] GET https://serviceusage.googleapis.com/v1/projects/zaqeen-aa745/services/firebasedataconnect.googleapis.com [omitted]
[debug] [2026-01-28T12:44:13.983Z] <<< [apiv2][status] GET https://serviceusage.googleapis.com/v1/projects/zaqeen-aa745/services/firebaseio.com 403
[debug] [2026-01-28T12:44:13.983Z] <<< [apiv2][body] GET https://serviceusage.googleapis.com/v1/projects/zaqeen-aa745/services/firebaseio.com [omitted]
[debug] [2026-01-28T12:44:14.009Z] <<< [apiv2][status] GET https://serviceusage.googleapis.com/v1/projects/zaqeen-aa745/services/firebaseapphosting.googleapis.com 200
[debug] [2026-01-28T12:44:14.009Z] <<< [apiv2][body] GET https://serviceusage.googleapis.com/v1/projects/zaqeen-aa745/services/firebaseapphosting.googleapis.com [omitted]
[debug] [2026-01-28T12:44:14.014Z] <<< [apiv2][status] GET https://serviceusage.googleapis.com/v1/projects/zaqeen-aa745/services/cloudfunctions.googleapis.com 200
[debug] [2026-01-28T12:44:14.015Z] <<< [apiv2][body] GET https://serviceusage.googleapis.com/v1/projects/zaqeen-aa745/services/cloudfunctions.googleapis.com [omitted]
[debug] [2026-01-28T12:44:14.174Z] <<< [apiv2][status] GET https://cloudbilling.googleapis.com/v1/projects/zaqeen-aa745/billingInfo 200
[debug] [2026-01-28T12:44:14.175Z] <<< [apiv2][body] GET https://cloudbilling.googleapis.com/v1/projects/zaqeen-aa745/billingInfo {"name":"projects/zaqeen-aa745/billingInfo","projectId":"zaqeen-aa745","billingAccountName":"","billingEnabled":false}
[error] Failed to fetch Firebase Project from Studio Workspace because WORKSPACE_SLUG environment variable is empty
[debug] [2026-01-28T12:44:14.179Z] > command requires scopes: ["email","openid","https://www.googleapis.com/auth/cloudplatformprojects.readonly","https://www.googleapis.com/auth/firebase","https://www.googleapis.com/auth/cloud-platform","https://www.googleapis.com/auth/userinfo.email"]
[debug] [2026-01-28T12:44:14.179Z] > authorizing via signed-in user (ai729776@gmail.com)
[error] Failed to fetch Firebase Project from Studio Workspace because WORKSPACE_SLUG environment variable is empty
[error] Failed to fetch Firebase Project from Studio Workspace because WORKSPACE_SLUG environment variable is empty
[error] Failed to fetch Firebase Project from Studio Workspace because WORKSPACE_SLUG environment variable is empty
[debug] [2026-01-28T12:44:14.218Z] > command requires scopes: ["email","openid","https://www.googleapis.com/auth/cloudplatformprojects.readonly","https://www.googleapis.com/auth/firebase","https://www.googleapis.com/auth/cloud-platform","https://www.googleapis.com/auth/userinfo.email"]
[debug] [2026-01-28T12:44:14.218Z] > authorizing via signed-in user (ai729776@gmail.com)
[debug] [2026-01-28T12:44:14.218Z] Checked if tokens are valid: true, expires at: 1769606593161
[debug] [2026-01-28T12:44:14.218Z] Checked if tokens are valid: true, expires at: 1769606593161
[debug] [2026-01-28T12:44:14.218Z] >>> [apiv2][query] GET https://cloudbilling.googleapis.com/v1/projects/zaqeen-aa745/billingInfo [none]
[error] Failed to fetch Firebase Project from Studio Workspace because WORKSPACE_SLUG environment variable is empty
[error] Failed to fetch Firebase Project from Studio Workspace because WORKSPACE_SLUG environment variable is empty
[error] Failed to fetch Firebase Project from Studio Workspace because WORKSPACE_SLUG environment variable is empty
[debug] [2026-01-28T12:44:14.241Z] > command requires scopes: ["email","openid","https://www.googleapis.com/auth/cloudplatformprojects.readonly","https://www.googleapis.com/auth/firebase","https://www.googleapis.com/auth/cloud-platform","https://www.googleapis.com/auth/userinfo.email"]
[debug] [2026-01-28T12:44:14.241Z] > authorizing via signed-in user (ai729776@gmail.com)
[debug] [2026-01-28T12:44:14.241Z] Checked if tokens are valid: true, expires at: 1769606593161
[debug] [2026-01-28T12:44:14.241Z] Checked if tokens are valid: true, expires at: 1769606593161
[debug] [2026-01-28T12:44:14.242Z] >>> [apiv2][query] GET https://cloudbilling.googleapis.com/v1/projects/zaqeen-aa745/billingInfo [none]
[debug] [2026-01-28T12:44:15.231Z] <<< [apiv2][status] GET https://cloudbilling.googleapis.com/v1/projects/zaqeen-aa745/billingInfo 200
[debug] [2026-01-28T12:44:15.231Z] <<< [apiv2][body] GET https://cloudbilling.googleapis.com/v1/projects/zaqeen-aa745/billingInfo {"name":"projects/zaqeen-aa745/billingInfo","projectId":"zaqeen-aa745","billingAccountName":"","billingEnabled":false}
[error] Failed to fetch Firebase Project from Studio Workspace because WORKSPACE_SLUG environment variable is empty
[debug] [2026-01-28T12:44:15.236Z] > command requires scopes: ["email","openid","https://www.googleapis.com/auth/cloudplatformprojects.readonly","https://www.googleapis.com/auth/firebase","https://www.googleapis.com/auth/cloud-platform","https://www.googleapis.com/auth/userinfo.email"]
[debug] [2026-01-28T12:44:15.236Z] > authorizing via signed-in user (ai729776@gmail.com)
[debug] [2026-01-28T12:44:15.292Z] <<< [apiv2][status] GET https://cloudbilling.googleapis.com/v1/projects/zaqeen-aa745/billingInfo 200
[debug] [2026-01-28T12:44:15.294Z] <<< [apiv2][body] GET https://cloudbilling.googleapis.com/v1/projects/zaqeen-aa745/billingInfo {"name":"projects/zaqeen-aa745/billingInfo","projectId":"zaqeen-aa745","billingAccountName":"","billingEnabled":false}
[error] Failed to fetch Firebase Project from Studio Workspace because WORKSPACE_SLUG environment variable is empty
[debug] [2026-01-28T12:44:15.305Z] > command requires scopes: ["email","openid","https://www.googleapis.com/auth/cloudplatformprojects.readonly","https://www.googleapis.com/auth/firebase","https://www.googleapis.com/auth/cloud-platform","https://www.googleapis.com/auth/userinfo.email"]
[debug] [2026-01-28T12:44:15.305Z] > authorizing via signed-in user (ai729776@gmail.com)
[error] Failed to fetch Firebase Project from Studio Workspace because WORKSPACE_SLUG environment variable is empty
[error] Failed to fetch Firebase Project from Studio Workspace because WORKSPACE_SLUG environment variable is empty
[error] Failed to fetch Firebase Project from Studio Workspace because WORKSPACE_SLUG environment variable is empty
[error] Failed to fetch Firebase Project from Studio Workspace because WORKSPACE_SLUG environment variable is empty
[debug] [2026-02-27T09:09:41.177Z] > command requires scopes: ["email","openid","https://www.googleapis.com/auth/cloudplatformprojects.readonly","https://www.googleapis.com/auth/firebase","https://www.googleapis.com/auth/cloud-platform","https://www.googleapis.com/auth/userinfo.email"]
[debug] [2026-02-27T09:09:41.178Z] > authorizing via signed-in user (ai729776@gmail.com)
[debug] [2026-02-27T09:09:41.181Z] Checked if tokens are valid: false, expires at: 1772175000270
[debug] [2026-02-27T09:09:41.181Z] Checked if tokens are valid: false, expires at: 1772175000270
[debug] [2026-02-27T09:09:41.182Z] > refreshing access token with scopes: []
[debug] [2026-02-27T09:09:41.186Z] >>> [apiv2][query] POST https://www.googleapis.com/oauth2/v3/token [none]
[debug] [2026-02-27T09:09:41.187Z] >>> [apiv2][body] POST https://www.googleapis.com/oauth2/v3/token [omitted]
[debug] [2026-02-27T09:09:41.370Z] > command requires scopes: ["email","openid","https://www.googleapis.com/auth/cloudplatformprojects.readonly","https://www.googleapis.com/auth/firebase","https://www.googleapis.com/auth/cloud-platform","https://www.googleapis.com/auth/userinfo.email"]
[debug] [2026-02-27T09:09:41.371Z] > authorizing via signed-in user (ai729776@gmail.com)
[debug] [2026-02-27T09:09:41.371Z] Checked if tokens are valid: false, expires at: 1772175000270
[debug] [2026-02-27T09:09:41.373Z] Checked if tokens are valid: false, expires at: 1772175000270
[debug] [2026-02-27T09:09:41.374Z] > refreshing access token with scopes: []
[debug] [2026-02-27T09:09:41.375Z] >>> [apiv2][query] POST https://www.googleapis.com/oauth2/v3/token [none]
[debug] [2026-02-27T09:09:41.375Z] >>> [apiv2][body] POST https://www.googleapis.com/oauth2/v3/token [omitted]
[debug] [2026-02-27T09:09:41.539Z] <<< [apiv2][status] POST https://www.googleapis.com/oauth2/v3/token 200
[debug] [2026-02-27T09:09:41.549Z] <<< [apiv2][body] POST https://www.googleapis.com/oauth2/v3/token [omitted]
[debug] [2026-02-27T09:09:41.618Z] >>> [apiv2][query] GET https://cloudbilling.googleapis.com/v1/projects/zaqeen-aa745/billingInfo [none]
[debug] [2026-02-27T09:09:41.686Z] <<< [apiv2][status] POST https://www.googleapis.com/oauth2/v3/token 200
[debug] [2026-02-27T09:09:41.688Z] <<< [apiv2][body] POST https://www.googleapis.com/oauth2/v3/token [omitted]
[debug] [2026-02-27T09:09:41.710Z] >>> [apiv2][query] GET https://cloudbilling.googleapis.com/v1/projects/zaqeen-aa745/billingInfo [none]
[debug] [2026-02-27T09:09:41.961Z] <<< [apiv2][status] GET https://cloudbilling.googleapis.com/v1/projects/zaqeen-aa745/billingInfo 200
[debug] [2026-02-27T09:09:41.962Z] <<< [apiv2][body] GET https://cloudbilling.googleapis.com/v1/projects/zaqeen-aa745/billingInfo {"name":"projects/zaqeen-aa745/billingInfo","projectId":"zaqeen-aa745","billingAccountName":"","billingEnabled":false}
[debug] [2026-02-27T09:09:42.002Z] Checked if tokens are valid: true, expires at: 1772186980689
[debug] [2026-02-27T09:09:42.002Z] Checked if tokens are valid: true, expires at: 1772186980689
[debug] [2026-02-27T09:09:42.003Z] Checked if tokens are valid: true, expires at: 1772186980689
[debug] [2026-02-27T09:09:42.003Z] Checked if tokens are valid: true, expires at: 1772186980689
[debug] [2026-02-27T09:09:42.130Z] Checked if tokens are valid: true, expires at: 1772186980689
[debug] [2026-02-27T09:09:42.130Z] Checked if tokens are valid: true, expires at: 1772186980689
[debug] [2026-02-27T09:09:42.135Z] Checked if tokens are valid: true, expires at: 1772186980689
[debug] [2026-02-27T09:09:42.135Z] Checked if tokens are valid: true, expires at: 1772186980689
[debug] [2026-02-27T09:09:42.136Z] >>> [apiv2][query] GET https://serviceusage.googleapis.com/v1/projects/zaqeen-aa745/services/firebasedataconnect.googleapis.com [none]
[debug] [2026-02-27T09:09:42.136Z] >>> [apiv2][(partial)header] GET https://serviceusage.googleapis.com/v1/projects/zaqeen-aa745/services/firebasedataconnect.googleapis.com  x-goog-user-project=zaqeen-aa745
[debug] [2026-02-27T09:09:42.143Z] >>> [apiv2][query] GET https://serviceusage.googleapis.com/v1/projects/zaqeen-aa745/services/cloudfunctions.googleapis.com [none]
[debug] [2026-02-27T09:09:42.143Z] >>> [apiv2][(partial)header] GET https://serviceusage.googleapis.com/v1/projects/zaqeen-aa745/services/cloudfunctions.googleapis.com  x-goog-user-project=zaqeen-aa745
[debug] [2026-02-27T09:09:42.147Z] >>> [apiv2][query] GET https://serviceusage.googleapis.com/v1/projects/zaqeen-aa745/services/firebaseapphosting.googleapis.com [none]
[debug] [2026-02-27T09:09:42.147Z] >>> [apiv2][(partial)header] GET https://serviceusage.googleapis.com/v1/projects/zaqeen-aa745/services/firebaseapphosting.googleapis.com  x-goog-user-project=zaqeen-aa745
[debug] [2026-02-27T09:09:42.153Z] >>> [apiv2][query] GET https://serviceusage.googleapis.com/v1/projects/zaqeen-aa745/services/firebaseio.com [none]
[debug] [2026-02-27T09:09:42.155Z] >>> [apiv2][(partial)header] GET https://serviceusage.googleapis.com/v1/projects/zaqeen-aa745/services/firebaseio.com  x-goog-user-project=zaqeen-aa745
[debug] [2026-02-27T09:09:42.842Z] <<< [apiv2][status] GET https://cloudbilling.googleapis.com/v1/projects/zaqeen-aa745/billingInfo 200
[debug] [2026-02-27T09:09:42.842Z] <<< [apiv2][body] GET https://cloudbilling.googleapis.com/v1/projects/zaqeen-aa745/billingInfo {"name":"projects/zaqeen-aa745/billingInfo","projectId":"zaqeen-aa745","billingAccountName":"","billingEnabled":false}
[debug] [2026-02-27T09:09:42.844Z] Checked if tokens are valid: true, expires at: 1772186980689
[debug] [2026-02-27T09:09:42.844Z] Checked if tokens are valid: true, expires at: 1772186980689
[debug] [2026-02-27T09:09:42.844Z] Checked if tokens are valid: true, expires at: 1772186980689
[debug] [2026-02-27T09:09:42.844Z] Checked if tokens are valid: true, expires at: 1772186980689
[debug] [2026-02-27T09:09:42.860Z] Checked if tokens are valid: true, expires at: 1772186980689
[debug] [2026-02-27T09:09:42.861Z] Checked if tokens are valid: true, expires at: 1772186980689
[debug] [2026-02-27T09:09:42.861Z] Checked if tokens are valid: true, expires at: 1772186980689
[debug] [2026-02-27T09:09:42.861Z] Checked if tokens are valid: true, expires at: 1772186980689
[debug] [2026-02-27T09:09:42.861Z] >>> [apiv2][query] GET https://serviceusage.googleapis.com/v1/projects/zaqeen-aa745/services/firebasedataconnect.googleapis.com [none]
[debug] [2026-02-27T09:09:42.862Z] >>> [apiv2][(partial)header] GET https://serviceusage.googleapis.com/v1/projects/zaqeen-aa745/services/firebasedataconnect.googleapis.com  x-goog-user-project=zaqeen-aa745
[debug] [2026-02-27T09:09:42.866Z] >>> [apiv2][query] GET https://serviceusage.googleapis.com/v1/projects/zaqeen-aa745/services/cloudfunctions.googleapis.com [none]
[debug] [2026-02-27T09:09:42.866Z] >>> [apiv2][(partial)header] GET https://serviceusage.googleapis.com/v1/projects/zaqeen-aa745/services/cloudfunctions.googleapis.com  x-goog-user-project=zaqeen-aa745
[debug] [2026-02-27T09:09:42.869Z] >>> [apiv2][query] GET https://serviceusage.googleapis.com/v1/projects/zaqeen-aa745/services/firebaseapphosting.googleapis.com [none]
[debug] [2026-02-27T09:09:42.870Z] >>> [apiv2][(partial)header] GET https://serviceusage.googleapis.com/v1/projects/zaqeen-aa745/services/firebaseapphosting.googleapis.com  x-goog-user-project=zaqeen-aa745
[debug] [2026-02-27T09:09:42.873Z] >>> [apiv2][query] GET https://serviceusage.googleapis.com/v1/projects/zaqeen-aa745/services/firebaseio.com [none]
[debug] [2026-02-27T09:09:42.873Z] >>> [apiv2][(partial)header] GET https://serviceusage.googleapis.com/v1/projects/zaqeen-aa745/services/firebaseio.com  x-goog-user-project=zaqeen-aa745
[debug] [2026-02-27T09:09:43.341Z] <<< [apiv2][status] GET https://serviceusage.googleapis.com/v1/projects/zaqeen-aa745/services/firebasedataconnect.googleapis.com 200
[debug] [2026-02-27T09:09:43.341Z] <<< [apiv2][body] GET https://serviceusage.googleapis.com/v1/projects/zaqeen-aa745/services/firebasedataconnect.googleapis.com [omitted]
[debug] [2026-02-27T09:09:43.405Z] <<< [apiv2][status] GET https://serviceusage.googleapis.com/v1/projects/zaqeen-aa745/services/firebaseio.com 403
[debug] [2026-02-27T09:09:43.406Z] <<< [apiv2][body] GET https://serviceusage.googleapis.com/v1/projects/zaqeen-aa745/services/firebaseio.com [omitted]
[debug] [2026-02-27T09:09:43.527Z] <<< [apiv2][status] GET https://serviceusage.googleapis.com/v1/projects/zaqeen-aa745/services/cloudfunctions.googleapis.com 200
[debug] [2026-02-27T09:09:43.531Z] <<< [apiv2][body] GET https://serviceusage.googleapis.com/v1/projects/zaqeen-aa745/services/cloudfunctions.googleapis.com [omitted]
[debug] [2026-02-27T09:09:43.552Z] <<< [apiv2][status] GET https://serviceusage.googleapis.com/v1/projects/zaqeen-aa745/services/firebaseapphosting.googleapis.com 200
[debug] [2026-02-27T09:09:43.555Z] <<< [apiv2][body] GET https://serviceusage.googleapis.com/v1/projects/zaqeen-aa745/services/firebaseapphosting.googleapis.com [omitted]
[error] Failed to fetch Firebase Project from Studio Workspace because WORKSPACE_SLUG environment variable is empty
[error] Failed to fetch Firebase Project from Studio Workspace because WORKSPACE_SLUG environment variable is empty
[error] Failed to fetch Firebase Project from Studio Workspace because WORKSPACE_SLUG environment variable is empty
[debug] [2026-02-27T09:09:43.570Z] > command requires scopes: ["email","openid","https://www.googleapis.com/auth/cloudplatformprojects.readonly","https://www.googleapis.com/auth/firebase","https://www.googleapis.com/auth/cloud-platform","https://www.googleapis.com/auth/userinfo.email"]
[debug] [2026-02-27T09:09:43.571Z] > authorizing via signed-in user (ai729776@gmail.com)
[debug] [2026-02-27T09:09:43.571Z] Checked if tokens are valid: true, expires at: 1772186980689
[debug] [2026-02-27T09:09:43.571Z] Checked if tokens are valid: true, expires at: 1772186980689
[debug] [2026-02-27T09:09:43.571Z] >>> [apiv2][query] GET https://cloudbilling.googleapis.com/v1/projects/zaqeen-aa745/billingInfo [none]
[debug] [2026-02-27T09:09:43.806Z] <<< [apiv2][status] GET https://cloudbilling.googleapis.com/v1/projects/zaqeen-aa745/billingInfo 200
[debug] [2026-02-27T09:09:43.806Z] <<< [apiv2][body] GET https://cloudbilling.googleapis.com/v1/projects/zaqeen-aa745/billingInfo {"name":"projects/zaqeen-aa745/billingInfo","projectId":"zaqeen-aa745","billingAccountName":"","billingEnabled":false}
[debug] [2026-02-27T09:09:43.810Z] >>> [apiv2][query] POST https://firestore.googleapis.com/mcp [none]
[debug] [2026-02-27T09:09:43.810Z] >>> [apiv2][body] POST https://firestore.googleapis.com/mcp {"method":"tools/list","jsonrpc":"2.0","id":1}
[debug] [2026-02-27T09:09:43.817Z] >>> [apiv2][query] POST https://developerknowledge.googleapis.com/mcp [none]
[debug] [2026-02-27T09:09:43.817Z] >>> [apiv2][body] POST https://developerknowledge.googleapis.com/mcp {"method":"tools/list","jsonrpc":"2.0","id":1}
[debug] [2026-02-27T09:09:43.907Z] <<< [apiv2][status] POST https://firestore.googleapis.com/mcp 200
[debug] [2026-02-27T09:09:43.911Z] <<< [apiv2][body] POST https://firestore.googleapis.com/mcp {"id":1,"jsonrpc":"2.0","result":{"tools":[{"annotations":{"destructiveHint":true,"idempotentHint":false,"openWorldHint":false,"readOnlyHint":true},"description":"Get a document from a Firestore database.","inputSchema":{"$defs":{"DocumentMask":{"description":"A set of field paths on a document. Used to restrict a get or update operation on a document to a subset of its fields. This is different from standard field masks, as this is always scoped to a Document, and takes in account the dynamic nature of Value.","properties":{"fieldPaths":{"description":"The list of field paths in the mask. See Document.fields for a field path syntax reference.","items":{"type":"string"},"type":"array"}},"type":"object"}},"description":"The request for Firestore.GetDocument.","properties":{"mask":{"$ref":"#/$defs/DocumentMask","description":"The fields to return. If not set, returns all fields. If the document has a field that is not present in this mask, that field will not be returned in the response."},"name":{"description":"Required. The resource name of the Document to get. In the format: `projects/{project_id}/databases/{database_id}/documents/{document_path}`.","type":"string"},"readTime":{"description":"Reads the version of the document at the given time. This must be a microsecond precision timestamp within the past one hour, or if Point-in-Time Recovery is enabled, can additionally be a whole minute timestamp within the past 7 days.","format":"date-time","type":"string"},"transaction":{"description":"Reads the document in a transaction.","format":"byte","type":"string"}},"required":["name"],"type":"object"},"name":"get_document","outputSchema":{"$defs":{"ArrayValue":{"description":"An array value.","properties":{"values":{"description":"Values in the array.","items":{"$ref":"#/$defs/Value"},"type":"array"}},"type":"object"},"Function":{"description":"Represents an unevaluated scalar expression. For example, the expression `like(user_name, \"%alice%\")` is represented as: ``` name: \"like\" args { field_reference: \"user_name\" } args { string_value: \"%alice%\" } ```","properties":{"args":{"description":"Optional. Ordered list of arguments the given function expects.","items":{"$ref":"#/$defs/Value"},"type":"array"},"name":{"description":"Required. The name of the function to evaluate. **Requires:** * must be in snake case (lower case with underscore separator).","type":"string"},"options":{"additionalProperties":{"$ref":"#/$defs/Value"},"description":"Optional. Optional named arguments that certain functions may support.","type":"object"}},"type":"object"},"LatLng":{"description":"An object that represents a latitude/longitude pair. This is expressed as a pair of doubles to represent degrees latitude and degrees longitude. Unless specified otherwise, this object must conform to the WGS84 standard <https://en.wikipedia.org/wiki/World_Geodetic_System#1984_version>. Values must be within normalized ranges.","properties":{"latitude":{"description":"The latitude in degrees. It must be in the range [-90.0, +90.0].","format":"double","type":"number"},"longitude":{"description":"The longitude in degrees. It must be in the range [-180.0, +180.0].","format":"double","type":"number"}},"type":"object"},"MapValue":{"description":"A map value.","properties":{"fields":{"additionalProperties":{"$ref":"#/$defs/Value"},"description":"The map's fields. The map keys represent field names. Field names matching the regular expression `__.*__` are reserved. Reserved field names are forbidden except in certain documented contexts. The map keys, represented as UTF-8, must not exceed 1,500 bytes and cannot be empty.","type":"object"}},"type":"object"},"Pipeline":{"description":"A Firestore query represented as an ordered list of operations / stages.","properties":{"stages":{"description":"Required. Ordered list of stages to evaluate.","items":{"$ref":"#/$defs/Stage"},"type":"array"}},"type":"object"},"Stage":{"description":"A single operation within a pipeline. A stage is made up of a unique name, and a list of arguments. The exact number of arguments & types is dependent on the stage type. To give an example, the stage `filter(state = \"MD\")` would be encoded as: ``` name: \"filter\" args { function_value { name: \"eq\" args { field_reference_value: \"state\" } args { string_value: \"MD\" } } } ``` See public documentation for the full list.","properties":{"args":{"description":"Optional. Ordered list of arguments the given stage expects.","items":{"$ref":"#/$defs/Value"},"type":"array"},"name":{"description":"Required. The name of the stage to evaluate. **Requires:** * must be in snake case (lower case with underscore separator).","type":"string"},"options":{"additionalProperties":{"$ref":"#/$defs/Value"},"description":"Optional. Optional named arguments that certain functions may support.","type":"object"}},"type":"object"},"Value":{"description":"A message that can hold any of the supported value types.","properties":{"arrayValue":{"$ref":"#/$defs/ArrayValue","description":"An array value. Cannot directly contain another array value, though can contain a map which contains another array."},"booleanValue":{"description":"A boolean value.","type":"boolean"},"bytesValue":{"description":"A bytes value. Must not exceed 1 MiB - 89 bytes. Only the first 1,500 bytes are considered by queries.","format":"byte","type":"string"},"doubleValue":{"description":"A double value.","format":"double","type":"number"},"fieldReferenceValue":{"description":"Value which references a field. This is considered relative (vs absolute) since it only refers to a field and not a field within a particular document. **Requires:** * Must follow field reference limitations. * Not allowed to be used when writing documents.","type":"string"},"functionValue":{"$ref":"#/$defs/Function","description":"A value that represents an unevaluated expression. **Requires:** * Not allowed to be used when writing documents."},"geoPointValue":{"$ref":"#/$defs/LatLng","description":"A geo point value representing a point on the surface of Earth."},"integerValue":{"description":"An integer value.","format":"int64","type":"string"},"mapValue":{"$ref":"#/$defs/MapValue","description":"A map value."},"nullValue":{"description":"A null value.","enum":["NULL_VALUE"],"type":"string","x-google-enum-descriptions":["Null value."]},"pipelineValue":{"$ref":"#/$defs/Pipeline","description":"A value that represents an unevaluated pipeline. **Requires:** * Not allowed to be used when writing documents."},"referenceValue":{"description":"A reference to a document. For example: `projects/{project_id}/databases/{database_id}/documents/{document_path}`.","type":"string"},"stringValue":{"description":"A string value. The string, represented as UTF-8, must not exceed 1 MiB - 89 bytes. Only the first 1,500 bytes of the UTF-8 representation are considered by queries.","type":"string"},"timestampValue":{"description":"A timestamp value. Precise only to microseconds. When stored, any additional precision is rounded down.","format":"date-time","type":"string"}},"type":"object"}},"description":"A Firestore document. Must not exceed 1 MiB - 4 bytes.","properties":{"createTime":{"description":"Output only. The time at which the document was created. This value increases monotonically when a document is deleted then recreated. It can also be compared to values from other documents and the `read_time` of a query.","format":"date-time","type":"string"},"fields":{"additionalProperties":{"$ref":"#/$defs/Value"},"description":"The document's fields. The map keys represent field names. Field names matching the regular expression `__.*__` are reserved. Reserved field names are forbidden except in certain documented contexts. The field names, represented as UTF-8, must not exceed 1,500 bytes and cannot be empty. Field paths may be used in other contexts to refer to structured fields defined here. For `map_value`, the field path is represented by a dot-delimited (`.`) string of segments. Each segment is either a simple field name (defined below) or a quoted field name. For example, the structured field `\"foo\" : { map_value: { \"x&y\" : { string_value: \"hello\" }}}` would be represented by the field path `` foo.`x&y` ``. A simple field name contains only characters `a` to `z`, `A` to `Z`, `0` to `9`, or `_`, and must not start with `0` to `9`. For example, `foo_bar_17`. A quoted field name starts and ends with `` ` `` and may contain any character. Some characters, including `` ` ``, must be escaped using a `\\`. For example, `` `x&y` `` represents `x&y` and `` `bak\\`tik` `` represents `` bak`tik ``.","type":"object"},"name":{"description":"The resource name of the document, for example `projects/{project_id}/databases/{database_id}/documents/{document_path}`.","type":"string"},"updateTime":{"description":"Output only. The time at which the document was last changed. This value is initially set to the `create_time` then increases monotonically with each change to the document. It can also be compared to values from other documents and the `read_time` of a query.","format":"date-time","type":"string"}},"type":"object"}},{"annotations":{"destructiveHint":true,"idempotentHint":false,"openWorldHint":false,"readOnlyHint":false},"description":"Create a document from a Firestore database.","inputSchema":{"$defs":{"ArrayValue":{"description":"An array value.","properties":{"values":{"description":"Values in the array.","items":{"$ref":"#/$defs/Value"},"type":"array"}},"type":"object"},"Document":{"description":"A Firestore document. Must not exceed 1 MiB - 4 bytes.","properties":{"createTime":{"description":"Output only. The time at which the document was created. This value increases monotonically when a document is deleted then recreated. It can also be compared to values from other documents and the `read_time` of a query.","format":"date-time","type":"string"},"fields":{"additionalProperties":{"$ref":"#/$defs/Value"},"description":"The document's fields. The map keys represent field names. Field names matching the regular expression `__.*__` are reserved. Reserved field names are forbidden except in certain documented contexts. The field names, represented as UTF-8, must not exceed 1,500 bytes and cannot be empty. Field paths may be used in other contexts to refer to structured fields defined here. For `map_value`, the field path is represented by a dot-delimited (`.`) string of segments. Each segment is either a simple field name (defined below) or a quoted field name. For example, the structured field `\"foo\" : { map_value: { \"x&y\" : { string_value: \"hello\" }}}` would be represented by the field path `` foo.`x&y` ``. A simple field name contains only characters `a` to `z`, `A` to `Z`, `0` to `9`, or `_`, and must not start with `0` to `9`. For example, `foo_bar_17`. A quoted field name starts and ends with `` ` `` and may contain any character. Some characters, including `` ` ``, must be escaped using a `\\`. For example, `` `x&y` `` represents `x&y` and `` `bak\\`tik` `` represents `` bak`tik ``.","type":"object"},"name":{"description":"The resource name of the document, for example `projects/{project_id}/databases/{database_id}/documents/{document_path}`.","type":"string"},"updateTime":{"description":"Output only. The time at which the document was last changed. This value is initially set to the `create_time` then increases monotonically with each change to the document. It can also be compared to values from other documents and the `read_time` of a query.","format":"date-time","type":"string"}},"type":"object"},"DocumentMask":{"description":"A set of field paths on a document. Used to restrict a get or update operation on a document to a subset of its fields. This is different from standard field masks, as this is always scoped to a Document, and takes in account the dynamic nature of Value.","properties":{"fieldPaths":{"description":"The list of field paths in the mask. See Document.fields for a field path syntax reference.","items":{"type":"string"},"type":"array"}},"type":"object"},"Function":{"description":"Represents an unevaluated scalar expression. For example, the expression `like(user_name, \"%alice%\")` is represented as: ``` name: \"like\" args { field_reference: \"user_name\" } args { string_value: \"%alice%\" } ```","properties":{"args":{"description":"Optional. Ordered list of arguments the given function expects.","items":{"$ref":"#/$defs/Value"},"type":"array"},"name":{"description":"Required. The name of the function to evaluate. **Requires:** * must be in snake case (lower case with underscore separator).","type":"string"},"options":{"additionalProperties":{"$ref":"#/$defs/Value"},"description":"Optional. Optional named arguments that certain functions may support.","type":"object"}},"required":["name"],"type":"object"},"LatLng":{"description":"An object that represents a latitude/longitude pair. This is expressed as a pair of doubles to represent degrees latitude and degrees longitude. Unless specified otherwise, this object must conform to the WGS84 standard <https://en.wikipedia.org/wiki/World_Geodetic_System#1984_version>. Values must be within normalized ranges.","properties":{"latitude":{"description":"The latitude in degrees. It must be in the range [-90.0, +90.0].","format":"double","type":"number"},"longitude":{"description":"The longitude in degrees. It must be in the range [-180.0, +180.0].","format":"double","type":"number"}},"type":"object"},"MapValue":{"description":"A map value.","properties":{"fields":{"additionalProperties":{"$ref":"#/$defs/Value"},"description":"The map's fields. The map keys represent field names. Field names matching the regular expression `__.*__` are reserved. Reserved field names are forbidden except in certain documented contexts. The map keys, represented as UTF-8, must not exceed 1,500 bytes and cannot be empty.","type":"object"}},"type":"object"},"Pipeline":{"description":"A Firestore query represented as an ordered list of operations / stages.","properties":{"stages":{"description":"Required. Ordered list of stages to evaluate.","items":{"$ref":"#/$defs/Stage"},"type":"array"}},"required":["stages"],"type":"object"},"Stage":{"description":"A single operation within a pipeline. A stage is made up of a unique name, and a list of arguments. The exact number of arguments & types is dependent on the stage type. To give an example, the stage `filter(state = \"MD\")` would be encoded as: ``` name: \"filter\" args { function_value { name: \"eq\" args { field_reference_value: \"state\" } args { string_value: \"MD\" } } } ``` See public documentation for the full list.","properties":{"args":{"description":"Optional. Ordered list of arguments the given stage expects.","items":{"$ref":"#/$defs/Value"},"type":"array"},"name":{"description":"Required. The name of the stage to evaluate. **Requires:** * must be in snake case (lower case with underscore separator).","type":"string"},"options":{"additionalProperties":{"$ref":"#/$defs/Value"},"description":"Optional. Optional named arguments that certain functions may support.","type":"object"}},"required":["name"],"type":"object"},"Value":{"description":"A message that can hold any of the supported value types.","properties":{"arrayValue":{"$ref":"#/$defs/ArrayValue","description":"An array value. Cannot directly contain another array value, though can contain a map which contains another array."},"booleanValue":{"description":"A boolean value.","type":"boolean"},"bytesValue":{"description":"A bytes value. Must not exceed 1 MiB - 89 bytes. Only the first 1,500 bytes are considered by queries.","format":"byte","type":"string"},"doubleValue":{"description":"A double value.","format":"double","type":"number"},"fieldReferenceValue":{"description":"Value which references a field. This is considered relative (vs absolute) since it only refers to a field and not a field within a particular document. **Requires:** * Must follow field reference limitations. * Not allowed to be used when writing documents.","type":"string"},"functionValue":{"$ref":"#/$defs/Function","description":"A value that represents an unevaluated expression. **Requires:** * Not allowed to be used when writing documents."},"geoPointValue":{"$ref":"#/$defs/LatLng","description":"A geo point value representing a point on the surface of Earth."},"integerValue":{"description":"An integer value.","format":"int64","type":"string"},"mapValue":{"$ref":"#/$defs/MapValue","description":"A map value."},"nullValue":{"description":"A null value.","enum":["NULL_VALUE"],"type":"string","x-google-enum-descriptions":["Null value."]},"pipelineValue":{"$ref":"#/$defs/Pipeline","description":"A value that represents an unevaluated pipeline. **Requires:** * Not allowed to be used when writing documents."},"referenceValue":{"description":"A reference to a document. For example: `projects/{project_id}/databases/{database_id}/documents/{document_path}`.","type":"string"},"stringValue":{"description":"A string value. The string, represented as UTF-8, must not exceed 1 MiB - 89 bytes. Only the first 1,500 bytes of the UTF-8 representation are considered by queries.","type":"string"},"timestampValue":{"description":"A timestamp value. Precise only to microseconds. When stored, any additional precision is rounded down.","format":"date-time","type":"string"}},"type":"object"}},"description":"The request for Firestore.CreateDocument.","properties":{"collectionId":{"description":"Required. The collection ID, relative to `parent`, to list. For example: `chatrooms`.","type":"string"},"document":{"$ref":"#/$defs/Document","description":"Required. The document to create. `name` must not be set."},"documentId":{"description":"The client-assigned document ID to use for this document. Optional. If not specified, an ID will be assigned by the service.","type":"string"},"mask":{"$ref":"#/$defs/DocumentMask","description":"The fields to return. If not set, returns all fields. If the document has a field that is not present in this mask, that field will not be returned in the response."},"parent":{"description":"Required. The parent resource. For example: `projects/{project_id}/databases/{database_id}/documents` or `projects/{project_id}/databases/{database_id}/documents/chatrooms/{chatroom_id}`","type":"string"}},"required":["parent","collectionId","document"],"type":"object"},"name":"add_document","outputSchema":{"$defs":{"ArrayValue":{"description":"An array value.","properties":{"values":{"description":"Values in the array.","items":{"$ref":"#/$defs/Value"},"type":"array"}},"type":"object"},"Function":{"description":"Represents an unevaluated scalar expression. For example, the expression `like(user_name, \"%alice%\")` is represented as: ``` name: \"like\" args { field_reference: \"user_name\" } args { string_value: \"%alice%\" } ```","properties":{"args":{"description":"Optional. Ordered list of arguments the given function expects.","items":{"$ref":"#/$defs/Value"},"type":"array"},"name":{"description":"Required. The name of the function to evaluate. **Requires:** * must be in snake case (lower case with underscore separator).","type":"string"},"options":{"additionalProperties":{"$ref":"#/$defs/Value"},"description":"Optional. Optional named arguments that certain functions may support.","type":"object"}},"type":"object"},"LatLng":{"description":"An object that represents a latitude/longitude pair. This is expressed as a pair of doubles to represent degrees latitude and degrees longitude. Unless specified otherwise, this object must conform to the WGS84 standard <https://en.wikipedia.org/wiki/World_Geodetic_System#1984_version>. Values must be within normalized ranges.","properties":{"latitude":{"description":"The latitude in degrees. It must be in the range [-90.0, +90.0].","format":"double","type":"number"},"longitude":{"description":"The longitude in degrees. It must be in the range [-180.0, +180.0].","format":"double","type":"number"}},"type":"object"},"MapValue":{"description":"A map value.","properties":{"fields":{"additionalProperties":{"$ref":"#/$defs/Value"},"description":"The map's fields. The map keys represent field names. Field names matching the regular expression `__.*__` are reserved. Reserved field names are forbidden except in certain documented contexts. The map keys, represented as UTF-8, must not exceed 1,500 bytes and cannot be empty.","type":"object"}},"type":"object"},"Pipeline":{"description":"A Firestore query represented as an ordered list of operations / stages.","properties":{"stages":{"description":"Required. Ordered list of stages to evaluate.","items":{"$ref":"#/$defs/Stage"},"type":"array"}},"type":"object"},"Stage":{"description":"A single operation within a pipeline. A stage is made up of a unique name, and a list of arguments. The exact number of arguments & types is dependent on the stage type. To give an example, the stage `filter(state = \"MD\")` would be encoded as: ``` name: \"filter\" args { function_value { name: \"eq\" args { field_reference_value: \"state\" } args { string_value: \"MD\" } } } ``` See public documentation for the full list.","properties":{"args":{"description":"Optional. Ordered list of arguments the given stage expects.","items":{"$ref":"#/$defs/Value"},"type":"array"},"name":{"description":"Required. The name of the stage to evaluate. **Requires:** * must be in snake case (lower case with underscore separator).","type":"string"},"options":{"additionalProperties":{"$ref":"#/$defs/Value"},"description":"Optional. Optional named arguments that certain functions may support.","type":"object"}},"type":"object"},"Value":{"description":"A message that can hold any of the supported value types.","properties":{"arrayValue":{"$ref":"#/$defs/ArrayValue","description":"An array value. Cannot directly contain another array value, though can contain a map which contains another array."},"booleanValue":{"description":"A boolean value.","type":"boolean"},"bytesValue":{"description":"A bytes value. Must not exceed 1 MiB - 89 bytes. Only the first 1,500 bytes are considered by queries.","format":"byte","type":"string"},"doubleValue":{"description":"A double value.","format":"double","type":"number"},"fieldReferenceValue":{"description":"Value which references a field. This is considered relative (vs absolute) since it only refers to a field and not a field within a particular document. **Requires:** * Must follow field reference limitations. * Not allowed to be used when writing documents.","type":"string"},"functionValue":{"$ref":"#/$defs/Function","description":"A value that represents an unevaluated expression. **Requires:** * Not allowed to be used when writing documents."},"geoPointValue":{"$ref":"#/$defs/LatLng","description":"A geo point value representing a point on the surface of Earth."},"integerValue":{"description":"An integer value.","format":"int64","type":"string"},"mapValue":{"$ref":"#/$defs/MapValue","description":"A map value."},"nullValue":{"description":"A null value.","enum":["NULL_VALUE"],"type":"string","x-google-enum-descriptions":["Null value."]},"pipelineValue":{"$ref":"#/$defs/Pipeline","description":"A value that represents an unevaluated pipeline. **Requires:** * Not allowed to be used when writing documents."},"referenceValue":{"description":"A reference to a document. For example: `projects/{project_id}/databases/{database_id}/documents/{document_path}`.","type":"string"},"stringValue":{"description":"A string value. The string, represented as UTF-8, must not exceed 1 MiB - 89 bytes. Only the first 1,500 bytes of the UTF-8 representation are considered by queries.","type":"string"},"timestampValue":{"description":"A timestamp value. Precise only to microseconds. When stored, any additional precision is rounded down.","format":"date-time","type":"string"}},"type":"object"}},"description":"A Firestore document. Must not exceed 1 MiB - 4 bytes.","properties":{"createTime":{"description":"Output only. The time at which the document was created. This value increases monotonically when a document is deleted then recreated. It can also be compared to values from other documents and the `read_time` of a query.","format":"date-time","type":"string"},"fields":{"additionalProperties":{"$ref":"#/$defs/Value"},"description":"The document's fields. The map keys represent field names. Field names matching the regular expression `__.*__` are reserved. Reserved field names are forbidden except in certain documented contexts. The field names, represented as UTF-8, must not exceed 1,500 bytes and cannot be empty. Field paths may be used in other contexts to refer to structured fields defined here. For `map_value`, the field path is represented by a dot-delimited (`.`) string of segments. Each segment is either a simple field name (defined below) or a quoted field name. For example, the structured field `\"foo\" : { map_value: { \"x&y\" : { string_value: \"hello\" }}}` would be represented by the field path `` foo.`x&y` ``. A simple field name contains only characters `a` to `z`, `A` to `Z`, `0` to `9`, or `_`, and must not start with `0` to `9`. For example, `foo_bar_17`. A quoted field name starts and ends with `` ` `` and may contain any character. Some characters, including `` ` ``, must be escaped using a `\\`. For example, `` `x&y` `` represents `x&y` and `` `bak\\`tik` `` represents `` bak`tik ``.","type":"object"},"name":{"description":"The resource name of the document, for example `projects/{project_id}/databases/{database_id}/documents/{document_path}`.","type":"string"},"updateTime":{"description":"Output only. The time at which the document was last changed. This value is initially set to the `create_time` then increases monotonically with each change to the document. It can also be compared to values from other documents and the `read_time` of a query.","format":"date-time","type":"string"}},"type":"object"}},{"annotations":{"destructiveHint":true,"idempotentHint":false,"openWorldHint":false,"readOnlyHint":false},"description":"Update a document from a Firestore database.","inputSchema":{"$defs":{"ArrayValue":{"description":"An array value.","properties":{"values":{"description":"Values in the array.","items":{"$ref":"#/$defs/Value"},"type":"array"}},"type":"object"},"Document":{"description":"A Firestore document. Must not exceed 1 MiB - 4 bytes.","properties":{"createTime":{"description":"Output only. The time at which the document was created. This value increases monotonically when a document is deleted then recreated. It can also be compared to values from other documents and the `read_time` of a query.","format":"date-time","type":"string"},"fields":{"additionalProperties":{"$ref":"#/$defs/Value"},"description":"The document's fields. The map keys represent field names. Field names matching the regular expression `__.*__` are reserved. Reserved field names are forbidden except in certain documented contexts. The field names, represented as UTF-8, must not exceed 1,500 bytes and cannot be empty. Field paths may be used in other contexts to refer to structured fields defined here. For `map_value`, the field path is represented by a dot-delimited (`.`) string of segments. Each segment is either a simple field name (defined below) or a quoted field name. For example, the structured field `\"foo\" : { map_value: { \"x&y\" : { string_value: \"hello\" }}}` would be represented by the field path `` foo.`x&y` ``. A simple field name contains only characters `a` to `z`, `A` to `Z`, `0` to `9`, or `_`, and must not start with `0` to `9`. For example, `foo_bar_17`. A quoted field name starts and ends with `` ` `` and may contain any character. Some characters, including `` ` ``, must be escaped using a `\\`. For example, `` `x&y` `` represents `x&y` and `` `bak\\`tik` `` represents `` bak`tik ``.","type":"object"},"name":{"description":"The resource name of the document, for example `projects/{project_id}/databases/{database_id}/documents/{document_path}`.","type":"string"},"updateTime":{"description":"Output only. The time at which the document was last changed. This value is initially set to the `create_time` then increases monotonically with each change to the document. It can also be compared to values from other documents and the `read_time` of a query.","format":"date-time","type":"string"}},"type":"object"},"DocumentMask":{"description":"A set of field paths on a document. Used to restrict a get or update operation on a document to a subset of its fields. This is different from standard field masks, as this is always scoped to a Document, and takes in account the dynamic nature of Value.","properties":{"fieldPaths":{"description":"The list of field paths in the mask. See Document.fields for a field path syntax reference.","items":{"type":"string"},"type":"array"}},"type":"object"},"Function":{"description":"Represents an unevaluated scalar expression. For example, the expression `like(user_name, \"%alice%\")` is represented as: ``` name: \"like\" args { field_reference: \"user_name\" } args { string_value: \"%alice%\" } ```","properties":{"args":{"description":"Optional. Ordered list of arguments the given function expects.","items":{"$ref":"#/$defs/Value"},"type":"array"},"name":{"description":"Required. The name of the function to evaluate. **Requires:** * must be in snake case (lower case with underscore separator).","type":"string"},"options":{"additionalProperties":{"$ref":"#/$defs/Value"},"description":"Optional. Optional named arguments that certain functions may support.","type":"object"}},"required":["name"],"type":"object"},"LatLng":{"description":"An object that represents a latitude/longitude pair. This is expressed as a pair of doubles to represent degrees latitude and degrees longitude. Unless specified otherwise, this object must conform to the WGS84 standard <https://en.wikipedia.org/wiki/World_Geodetic_System#1984_version>. Values must be within normalized ranges.","properties":{"latitude":{"description":"The latitude in degrees. It must be in the range [-90.0, +90.0].","format":"double","type":"number"},"longitude":{"description":"The longitude in degrees. It must be in the range [-180.0, +180.0].","format":"double","type":"number"}},"type":"object"},"MapValue":{"description":"A map value.","properties":{"fields":{"additionalProperties":{"$ref":"#/$defs/Value"},"description":"The map's fields. The map keys represent field names. Field names matching the regular expression `__.*__` are reserved. Reserved field names are forbidden except in certain documented contexts. The map keys, represented as UTF-8, must not exceed 1,500 bytes and cannot be empty.","type":"object"}},"type":"object"},"Pipeline":{"description":"A Firestore query represented as an ordered list of operations / stages.","properties":{"stages":{"description":"Required. Ordered list of stages to evaluate.","items":{"$ref":"#/$defs/Stage"},"type":"array"}},"required":["stages"],"type":"object"},"Precondition":{"description":"A precondition on a document, used for conditional operations.","properties":{"exists":{"description":"When set to `true`, the target document must exist. When set to `false`, the target document must not exist.","type":"boolean"},"updateTime":{"description":"When set, the target document must exist and have been last updated at that time. Timestamp must be microsecond aligned.","format":"date-time","type":"string"}},"type":"object"},"Stage":{"description":"A single operation within a pipeline. A stage is made up of a unique name, and a list of arguments. The exact number of arguments & types is dependent on the stage type. To give an example, the stage `filter(state = \"MD\")` would be encoded as: ``` name: \"filter\" args { function_value { name: \"eq\" args { field_reference_value: \"state\" } args { string_value: \"MD\" } } } ``` See public documentation for the full list.","properties":{"args":{"description":"Optional. Ordered list of arguments the given stage expects.","items":{"$ref":"#/$defs/Value"},"type":"array"},"name":{"description":"Required. The name of the stage to evaluate. **Requires:** * must be in snake case (lower case with underscore separator).","type":"string"},"options":{"additionalProperties":{"$ref":"#/$defs/Value"},"description":"Optional. Optional named arguments that certain functions may support.","type":"object"}},"required":["name"],"type":"object"},"Value":{"description":"A message that can hold any of the supported value types.","properties":{"arrayValue":{"$ref":"#/$defs/ArrayValue","description":"An array value. Cannot directly contain another array value, though can contain a map which contains another array."},"booleanValue":{"description":"A boolean value.","type":"boolean"},"bytesValue":{"description":"A bytes value. Must not exceed 1 MiB - 89 bytes. Only the first 1,500 bytes are considered by queries.","format":"byte","type":"string"},"doubleValue":{"description":"A double value.","format":"double","type":"number"},"fieldReferenceValue":{"description":"Value which references a field. This is considered relative (vs absolute) since it only refers to a field and not a field within a particular document. **Requires:** * Must follow field reference limitations. * Not allowed to be used when writing documents.","type":"string"},"functionValue":{"$ref":"#/$defs/Function","description":"A value that represents an unevaluated expression. **Requires:** * Not allowed to be used when writing documents."},"geoPointValue":{"$ref":"#/$defs/LatLng","description":"A geo point value representing a point on the surface of Earth."},"integerValue":{"description":"An integer value.","format":"int64","type":"string"},"mapValue":{"$ref":"#/$defs/MapValue","description":"A map value."},"nullValue":{"description":"A null value.","enum":["NULL_VALUE"],"type":"string","x-google-enum-descriptions":["Null value."]},"pipelineValue":{"$ref":"#/$defs/Pipeline","description":"A value that represents an unevaluated pipeline. **Requires:** * Not allowed to be used when writing documents."},"referenceValue":{"description":"A reference to a document. For example: `projects/{project_id}/databases/{database_id}/documents/{document_path}`.","type":"string"},"stringValue":{"description":"A string value. The string, represented as UTF-8, must not exceed 1 MiB - 89 bytes. Only the first 1,500 bytes of the UTF-8 representation are considered by queries.","type":"string"},"timestampValue":{"description":"A timestamp value. Precise only to microseconds. When stored, any additional precision is rounded down.","format":"date-time","type":"string"}},"type":"object"}},"description":"The request for Firestore.UpdateDocument.","properties":{"currentDocument":{"$ref":"#/$defs/Precondition","description":"An optional precondition on the document. The request will fail if this is set and not met by the target document."},"document":{"$ref":"#/$defs/Document","description":"Required. The updated document. Creates the document if it does not already exist."},"mask":{"$ref":"#/$defs/DocumentMask","description":"The fields to return. If not set, returns all fields. If the document has a field that is not present in this mask, that field will not be returned in the response."},"updateMask":{"$ref":"#/$defs/DocumentMask","description":"The fields to update. None of the field paths in the mask may contain a reserved name. If the document exists on the server and has fields not referenced in the mask, they are left unchanged. Fields referenced in the mask, but not present in the input document, are deleted from the document on the server."}},"required":["document"],"type":"object"},"name":"update_document","outputSchema":{"$defs":{"ArrayValue":{"description":"An array value.","properties":{"values":{"description":"Values in the array.","items":{"$ref":"#/$defs/Value"},"type":"array"}},"type":"object"},"Function":{"description":"Represents an unevaluated scalar expression. For example, the expression `like(user_name, \"%alice%\")` is represented as: ``` name: \"like\" args { field_reference: \"user_name\" } args { string_value: \"%alice%\" } ```","properties":{"args":{"description":"Optional. Ordered list of arguments the given function expects.","items":{"$ref":"#/$defs/Value"},"type":"array"},"name":{"description":"Required. The name of the function to evaluate. **Requires:** * must be in snake case (lower case with underscore separator).","type":"string"},"options":{"additionalProperties":{"$ref":"#/$defs/Value"},"description":"Optional. Optional named arguments that certain functions may support.","type":"object"}},"type":"object"},"LatLng":{"description":"An object that represents a latitude/longitude pair. This is expressed as a pair of doubles to represent degrees latitude and degrees longitude. Unless specified otherwise, this object must conform to the WGS84 standard <https://en.wikipedia.org/wiki/World_Geodetic_System#1984_version>. Values must be within normalized ranges.","properties":{"latitude":{"description":"The latitude in degrees. It must be in the range [-90.0, +90.0].","format":"double","type":"number"},"longitude":{"description":"The longitude in degrees. It must be in the range [-180.0, +180.0].","format":"double","type":"number"}},"type":"object"},"MapValue":{"description":"A map value.","properties":{"fields":{"additionalProperties":{"$ref":"#/$defs/Value"},"description":"The map's fields. The map keys represent field names. Field names matching the regular expression `__.*__` are reserved. Reserved field names are forbidden except in certain documented contexts. The map keys, represented as UTF-8, must not exceed 1,500 bytes and cannot be empty.","type":"object"}},"type":"object"},"Pipeline":{"description":"A Firestore query represented as an ordered list of operations / stages.","properties":{"stages":{"description":"Required. Ordered list of stages to evaluate.","items":{"$ref":"#/$defs/Stage"},"type":"array"}},"type":"object"},"Stage":{"description":"A single operation within a pipeline. A stage is made up of a unique name, and a list of arguments. The exact number of arguments & types is dependent on the stage type. To give an example, the stage `filter(state = \"MD\")` would be encoded as: ``` name: \"filter\" args { function_value { name: \"eq\" args { field_reference_value: \"state\" } args { string_value: \"MD\" } } } ``` See public documentation for the full list.","properties":{"args":{"description":"Optional. Ordered list of arguments the given stage expects.","items":{"$ref":"#/$defs/Value"},"type":"array"},"name":{"description":"Required. The name of the stage to evaluate. **Requires:** * must be in snake case (lower case with underscore separator).","type":"string"},"options":{"additionalProperties":{"$ref":"#/$defs/Value"},"description":"Optional. Optional named arguments that certain functions may support.","type":"object"}},"type":"object"},"Value":{"description":"A message that can hold any of the supported value types.","properties":{"arrayValue":{"$ref":"#/$defs/ArrayValue","description":"An array value. Cannot directly contain another array value, though can contain a map which contains another array."},"booleanValue":{"description":"A boolean value.","type":"boolean"},"bytesValue":{"description":"A bytes value. Must not exceed 1 MiB - 89 bytes. Only the first 1,500 bytes are considered by queries.","format":"byte","type":"string"},"doubleValue":{"description":"A double value.","format":"double","type":"number"},"fieldReferenceValue":{"description":"Value which references a field. This is considered relative (vs absolute) since it only refers to a field and not a field within a particular document. **Requires:** * Must follow field reference limitations. * Not allowed to be used when writing documents.","type":"string"},"functionValue":{"$ref":"#/$defs/Function","description":"A value that represents an unevaluated expression. **Requires:** * Not allowed to be used when writing documents."},"geoPointValue":{"$ref":"#/$defs/LatLng","description":"A geo point value representing a point on the surface of Earth."},"integerValue":{"description":"An integer value.","format":"int64","type":"string"},"mapValue":{"$ref":"#/$defs/MapValue","description":"A map value."},"nullValue":{"description":"A null value.","enum":["NULL_VALUE"],"type":"string","x-google-enum-descriptions":["Null value."]},"pipelineValue":{"$ref":"#/$defs/Pipeline","description":"A value that represents an unevaluated pipeline. **Requires:** * Not allowed to be used when writing documents."},"referenceValue":{"description":"A reference to a document. For example: `projects/{project_id}/databases/{database_id}/documents/{document_path}`.","type":"string"},"stringValue":{"description":"A string value. The string, represented as UTF-8, must not exceed 1 MiB - 89 bytes. Only the first 1,500 bytes of the UTF-8 representation are considered by queries.","type":"string"},"timestampValue":{"description":"A timestamp value. Precise only to microseconds. When stored, any additional precision is rounded down.","format":"date-time","type":"string"}},"type":"object"}},"description":"A Firestore document. Must not exceed 1 MiB - 4 bytes.","properties":{"createTime":{"description":"Output only. The time at which the document was created. This value increases monotonically when a document is deleted then recreated. It can also be compared to values from other documents and the `read_time` of a query.","format":"date-time","type":"string"},"fields":{"additionalProperties":{"$ref":"#/$defs/Value"},"description":"The document's fields. The map keys represent field names. Field names matching the regular expression `__.*__` are reserved. Reserved field names are forbidden except in certain documented contexts. The field names, represented as UTF-8, must not exceed 1,500 bytes and cannot be empty. Field paths may be used in other contexts to refer to structured fields defined here. For `map_value`, the field path is represented by a dot-delimited (`.`) string of segments. Each segment is either a simple field name (defined below) or a quoted field name. For example, the structured field `\"foo\" : { map_value: { \"x&y\" : { string_value: \"hello\" }}}` would be represented by the field path `` foo.`x&y` ``. A simple field name contains only characters `a` to `z`, `A` to `Z`, `0` to `9`, or `_`, and must not start with `0` to `9`. For example, `foo_bar_17`. A quoted field name starts and ends with `` ` `` and may contain any character. Some characters, including `` ` ``, must be escaped using a `\\`. For example, `` `x&y` `` represents `x&y` and `` `bak\\`tik` `` represents `` bak`tik ``.","type":"object"},"name":{"description":"The resource name of the document, for example `projects/{project_id}/databases/{database_id}/documents/{document_path}`.","type":"string"},"updateTime":{"description":"Output only. The time at which the document was last changed. This value is initially set to the `create_time` then increases monotonically with each change to the document. It can also be compared to values from other documents and the `read_time` of a query.","format":"date-time","type":"string"}},"type":"object"}},{"annotations":{"destructiveHint":true,"idempotentHint":false,"openWorldHint":false,"readOnlyHint":false},"description":"Delete a document from a Firestore database.","inputSchema":{"$defs":{"Precondition":{"description":"A precondition on a document, used for conditional operations.","properties":{"exists":{"description":"When set to `true`, the target document must exist. When set to `false`, the target document must not exist.","type":"boolean"},"updateTime":{"description":"When set, the target document must exist and have been last updated at that time. Timestamp must be microsecond aligned.","format":"date-time","type":"string"}},"type":"object"}},"description":"The request for Firestore.DeleteDocument.","properties":{"currentDocument":{"$ref":"#/$defs/Precondition","description":"An optional precondition on the document. The request will fail if this is set and not met by the target document."},"name":{"description":"Required. The resource name of the Document to delete. In the format: `projects/{project_id}/databases/{database_id}/documents/{document_path}`.","type":"string"}},"required":["name"],"type":"object"},"name":"delete_document","outputSchema":{"description":"A generic empty message that you can re-use to avoid defining duplicated empty messages in your APIs. A typical example is to use it as the request or the response type of an API method. For instance: service Foo { rpc Bar(google.protobuf.Empty) returns (google.protobuf.Empty); }","type":"object"}},{"annotations":{"destructiveHint":true,"idempotentHint":false,"openWorldHint":false,"readOnlyHint":true},"description":"List documents from a Firestore database.","inputSchema":{"$defs":{"DocumentMask":{"description":"A set of field paths on a document. Used to restrict a get or update operation on a document to a subset of its fields. This is different from standard field masks, as this is always scoped to a Document, and takes in account the dynamic nature of Value.","properties":{"fieldPaths":{"description":"The list of field paths in the mask. See Document.fields for a field path syntax reference.","items":{"type":"string"},"type":"array"}},"type":"object"}},"description":"The request for Firestore.ListDocuments.","properties":{"collectionId":{"description":"Optional. The collection ID, relative to `parent`, to list. For example: `chatrooms` or `messages`. This is optional, and when not provided, Firestore will list documents from all collections under the provided `parent`.","type":"string"},"mask":{"$ref":"#/$defs/DocumentMask","description":"Optional. The fields to return. If not set, returns all fields. If a document has a field that is not present in this mask, that field will not be returned in the response."},"orderBy":{"description":"Optional. The optional ordering of the documents to return. For example: `priority desc, __name__ desc`. This mirrors the `ORDER BY` used in Firestore queries but in a string representation. When absent, documents are ordered based on `__name__ ASC`.","type":"string"},"pageSize":{"description":"Optional. The maximum number of documents to return in a single response. Firestore may return fewer than this value.","format":"int32","type":"integer"},"pageToken":{"description":"Optional. A page token, received from a previous `ListDocuments` response. Provide this to retrieve the subsequent page. When paginating, all other parameters (with the exception of `page_size`) must match the values set in the request that generated the page token.","type":"string"},"parent":{"description":"Required. The parent resource name. In the format: `projects/{project_id}/databases/{database_id}/documents` or `projects/{project_id}/databases/{database_id}/documents/{document_path}`. For example: `projects/my-project/databases/my-database/documents` or `projects/my-project/databases/my-database/documents/chatrooms/my-chatroom`","type":"string"},"readTime":{"description":"Perform the read at the provided time. This must be a microsecond precision timestamp within the past one hour, or if Point-in-Time Recovery is enabled, can additionally be a whole minute timestamp within the past 7 days.","format":"date-time","type":"string"},"showMissing":{"description":"If the list should show missing documents. A document is missing if it does not exist, but there are sub-documents nested underneath it. When true, such missing documents will be returned with a key but will not have fields, `create_time`, or `update_time` set. Requests with `show_missing` may not specify `where` or `order_by`.","type":"boolean"},"transaction":{"description":"Perform the read as part of an already active transaction.","format":"byte","type":"string"}},"required":["parent"],"type":"object"},"name":"list_documents","outputSchema":{"$defs":{"ArrayValue":{"description":"An array value.","properties":{"values":{"description":"Values in the array.","items":{"$ref":"#/$defs/Value"},"type":"array"}},"type":"object"},"Document":{"description":"A Firestore document. Must not exceed 1 MiB - 4 bytes.","properties":{"createTime":{"description":"Output only. The time at which the document was created. This value increases monotonically when a document is deleted then recreated. It can also be compared to values from other documents and the `read_time` of a query.","format":"date-time","type":"string"},"fields":{"additionalProperties":{"$ref":"#/$defs/Value"},"description":"The document's fields. The map keys represent field names. Field names matching the regular expression `__.*__` are reserved. Reserved field names are forbidden except in certain documented contexts. The field names, represented as UTF-8, must not exceed 1,500 bytes and cannot be empty. Field paths may be used in other contexts to refer to structured fields defined here. For `map_value`, the field path is represented by a dot-delimited (`.`) string of segments. Each segment is either a simple field name (defined below) or a quoted field name. For example, the structured field `\"foo\" : { map_value: { \"x&y\" : { string_value: \"hello\" }}}` would be represented by the field path `` foo.`x&y` ``. A simple field name contains only characters `a` to `z`, `A` to `Z`, `0` to `9`, or `_`, and must not start with `0` to `9`. For example, `foo_bar_17`. A quoted field name starts and ends with `` ` `` and may contain any character. Some characters, including `` ` ``, must be escaped using a `\\`. For example, `` `x&y` `` represents `x&y` and `` `bak\\`tik` `` represents `` bak`tik ``.","type":"object"},"name":{"description":"The resource name of the document, for example `projects/{project_id}/databases/{database_id}/documents/{document_path}`.","type":"string"},"updateTime":{"description":"Output only. The time at which the document was last changed. This value is initially set to the `create_time` then increases monotonically with each change to the document. It can also be compared to values from other documents and the `read_time` of a query.","format":"date-time","type":"string"}},"type":"object"},"Function":{"description":"Represents an unevaluated scalar expression. For example, the expression `like(user_name, \"%alice%\")` is represented as: ``` name: \"like\" args { field_reference: \"user_name\" } args { string_value: \"%alice%\" } ```","properties":{"args":{"description":"Optional. Ordered list of arguments the given function expects.","items":{"$ref":"#/$defs/Value"},"type":"array"},"name":{"description":"Required. The name of the function to evaluate. **Requires:** * must be in snake case (lower case with underscore separator).","type":"string"},"options":{"additionalProperties":{"$ref":"#/$defs/Value"},"description":"Optional. Optional named arguments that certain functions may support.","type":"object"}},"type":"object"},"LatLng":{"description":"An object that represents a latitude/longitude pair. This is expressed as a pair of doubles to represent degrees latitude and degrees longitude. Unless specified otherwise, this object must conform to the WGS84 standard <https://en.wikipedia.org/wiki/World_Geodetic_System#1984_version>. Values must be within normalized ranges.","properties":{"latitude":{"description":"The latitude in degrees. It must be in the range [-90.0, +90.0].","format":"double","type":"number"},"longitude":{"description":"The longitude in degrees. It must be in the range [-180.0, +180.0].","format":"double","type":"number"}},"type":"object"},"MapValue":{"description":"A map value.","properties":{"fields":{"additionalProperties":{"$ref":"#/$defs/Value"},"description":"The map's fields. The map keys represent field names. Field names matching the regular expression `__.*__` are reserved. Reserved field names are forbidden except in certain documented contexts. The map keys, represented as UTF-8, must not exceed 1,500 bytes and cannot be empty.","type":"object"}},"type":"object"},"Pipeline":{"description":"A Firestore query represented as an ordered list of operations / stages.","properties":{"stages":{"description":"Required. Ordered list of stages to evaluate.","items":{"$ref":"#/$defs/Stage"},"type":"array"}},"type":"object"},"Stage":{"description":"A single operation within a pipeline. A stage is made up of a unique name, and a list of arguments. The exact number of arguments & types is dependent on the stage type. To give an example, the stage `filter(state = \"MD\")` would be encoded as: ``` name: \"filter\" args { function_value { name: \"eq\" args { field_reference_value: \"state\" } args { string_value: \"MD\" } } } ``` See public documentation for the full list.","properties":{"args":{"description":"Optional. Ordered list of arguments the given stage expects.","items":{"$ref":"#/$defs/Value"},"type":"array"},"name":{"description":"Required. The name of the stage to evaluate. **Requires:** * must be in snake case (lower case with underscore separator).","type":"string"},"options":{"additionalProperties":{"$ref":"#/$defs/Value"},"description":"Optional. Optional named arguments that certain functions may support.","type":"object"}},"type":"object"},"Value":{"description":"A message that can hold any of the supported value types.","properties":{"arrayValue":{"$ref":"#/$defs/ArrayValue","description":"An array value. Cannot directly contain another array value, though can contain a map which contains another array."},"booleanValue":{"description":"A boolean value.","type":"boolean"},"bytesValue":{"description":"A bytes value. Must not exceed 1 MiB - 89 bytes. Only the first 1,500 bytes are considered by queries.","format":"byte","type":"string"},"doubleValue":{"description":"A double value.","format":"double","type":"number"},"fieldReferenceValue":{"description":"Value which references a field. This is considered relative (vs absolute) since it only refers to a field and not a field within a particular document. **Requires:** * Must follow field reference limitations. * Not allowed to be used when writing documents.","type":"string"},"functionValue":{"$ref":"#/$defs/Function","description":"A value that represents an unevaluated expression. **Requires:** * Not allowed to be used when writing documents."},"geoPointValue":{"$ref":"#/$defs/LatLng","description":"A geo point value representing a point on the surface of Earth."},"integerValue":{"description":"An integer value.","format":"int64","type":"string"},"mapValue":{"$ref":"#/$defs/MapValue","description":"A map value."},"nullValue":{"description":"A null value.","enum":["NULL_VALUE"],"type":"string","x-google-enum-descriptions":["Null value."]},"pipelineValue":{"$ref":"#/$defs/Pipeline","description":"A value that represents an unevaluated pipeline. **Requires:** * Not allowed to be used when writing documents."},"referenceValue":{"description":"A reference to a document. For example: `projects/{project_id}/databases/{database_id}/documents/{document_path}`.","type":"string"},"stringValue":{"description":"A string value. The string, represented as UTF-8, must not exceed 1 MiB - 89 bytes. Only the first 1,500 bytes of the UTF-8 representation are considered by queries.","type":"string"},"timestampValue":{"description":"A timestamp value. Precise only to microseconds. When stored, any additional precision is rounded down.","format":"date-time","type":"string"}},"type":"object"}},"description":"The response for Firestore.ListDocuments.","properties":{"documents":{"description":"The Documents found.","items":{"$ref":"#/$defs/Document"},"type":"array"},"nextPageToken":{"description":"A token to retrieve the next page of documents. If this field is omitted, there are no subsequent pages.","type":"string"}},"type":"object"}},{"annotations":{"destructiveHint":true,"idempotentHint":false,"openWorldHint":false,"readOnlyHint":true},"description":"List all the collection IDs underneath a document.","inputSchema":{"description":"The request for Firestore.ListCollectionIds.","properties":{"pageSize":{"description":"The maximum number of results to return.","format":"int32","type":"integer"},"pageToken":{"description":"A page token. Must be a value from ListCollectionIdsResponse.","type":"string"},"parent":{"description":"Required. The parent document. In the format: `projects/{project_id}/databases/{database_id}/documents/{document_path}`. For example: `projects/my-project/databases/my-database/documents/chatrooms/my-chatroom`","type":"string"},"readTime":{"description":"Reads documents as they were at the given time. This must be a microsecond precision timestamp within the past one hour, or if Point-in-Time Recovery is enabled, can additionally be a whole minute timestamp within the past 7 days.","format":"date-time","type":"string"}},"required":["parent"],"type":"object"},"name":"list_collections","outputSchema":{"description":"The response from Firestore.ListCollectionIds.","properties":{"collectionIds":{"description":"The collection ids.","items":{"type":"string"},"type":"array"},"nextPageToken":{"description":"A page token that may be used to continue the list.","type":"string"}},"type":"object"}},{"annotations":{"destructiveHint":true,"idempotentHint":false,"openWorldHint":false,"readOnlyHint":false},"description":"Create a Firestore database.","inputSchema":{"$defs":{"BackupSource":{"description":"Information about a backup that was used to restore a database.","properties":{"backup":{"description":"The resource name of the backup that was used to restore this database. Format: `projects/{project}/locations/{location}/backups/{backup}`.","type":"string"}},"type":"object"},"CmekConfig":{"description":"The CMEK (Customer Managed Encryption Key) configuration for a Firestore database. If not present, the database is secured by the default Google encryption key.","properties":{"activeKeyVersion":{"description":"Output only. Currently in-use [KMS key versions](https://cloud.google.com/kms/docs/resource-hierarchy#key_versions). During [key rotation](https://cloud.google.com/kms/docs/key-rotation), there can be multiple in-use key versions. The expected format is `projects/{project_id}/locations/{kms_location}/keyRings/{key_ring}/cryptoKeys/{crypto_key}/cryptoKeyVersions/{key_version}`.","items":{"type":"string"},"readOnly":true,"type":"array"},"kmsKeyName":{"description":"Required. Only keys in the same location as this database are allowed to be used for encryption. For Firestore's nam5 multi-region, this corresponds to Cloud KMS multi-region us. For Firestore's eur3 multi-region, this corresponds to Cloud KMS multi-region europe. See https://cloud.google.com/kms/docs/locations. The expected format is `projects/{project_id}/locations/{kms_location}/keyRings/{key_ring}/cryptoKeys/{crypto_key}`.","type":"string"}},"required":["kmsKeyName"],"type":"object"},"Database":{"description":"A Cloud Firestore Database.","properties":{"appEngineIntegrationMode":{"description":"The App Engine integration mode to use for this database.","enum":["APP_ENGINE_INTEGRATION_MODE_UNSPECIFIED","ENABLED","DISABLED"],"type":"string","x-google-enum-descriptions":["Not used.","If an App Engine application exists in the same region as this database, App Engine configuration will impact this database. This includes disabling of the application & database, as well as disabling writes to the database.","App Engine has no effect on the ability of this database to serve requests. This is the default setting for databases created with the Firestore API."]},"cmekConfig":{"$ref":"#/$defs/CmekConfig","description":"Optional. Presence indicates CMEK is enabled for this database."},"concurrencyMode":{"description":"The concurrency control mode to use for this database. If unspecified in a CreateDatabase request, this will default based on the database edition: Optimistic for Enterprise and Pessimistic for all other databases.","enum":["CONCURRENCY_MODE_UNSPECIFIED","OPTIMISTIC","PESSIMISTIC","OPTIMISTIC_WITH_ENTITY_GROUPS"],"type":"string","x-google-enum-descriptions":["Not used.","Use optimistic concurrency control by default. This mode is available for Cloud Firestore databases. This is the default setting for Cloud Firestore Enterprise Edition databases.","Use pessimistic concurrency control by default. This mode is available for Cloud Firestore databases. This is the default setting for Cloud Firestore Standard Edition databases.","Use optimistic concurrency control with entity groups by default. This mode is enabled for some databases that were automatically upgraded from Cloud Datastore to Cloud Firestore with Datastore Mode. It is not recommended for any new databases, and not supported for Firestore Native databases."]},"createTime":{"description":"Output only. The timestamp at which this database was created. Databases created before 2016 do not populate create_time.","format":"date-time","readOnly":true,"type":"string"},"databaseEdition":{"description":"Immutable. The edition of the database.","enum":["DATABASE_EDITION_UNSPECIFIED","STANDARD","ENTERPRISE"],"type":"string","x-google-enum-descriptions":["Not used.","Standard edition. This is the default setting if not specified.","Enterprise edition."],"x-google-immutable":true},"deleteProtectionState":{"description":"State of delete protection for the database.","enum":["DELETE_PROTECTION_STATE_UNSPECIFIED","DELETE_PROTECTION_DISABLED","DELETE_PROTECTION_ENABLED"],"type":"string","x-google-enum-descriptions":["The default value. Delete protection type is not specified","Delete protection is disabled","Delete protection is enabled"]},"deleteTime":{"description":"Output only. The timestamp at which this database was deleted. Only set if the database has been deleted.","format":"date-time","readOnly":true,"type":"string"},"earliestVersionTime":{"description":"Output only. The earliest timestamp at which older versions of the data can be read from the database. See [version_retention_period] above; this field is populated with `now - version_retention_period`. This value is continuously updated, and becomes stale the moment it is queried. If you are using this value to recover data, make sure to account for the time from the moment when the value is queried to the moment when you initiate the recovery.","format":"date-time","readOnly":true,"type":"string"},"etag":{"description":"This checksum is computed by the server based on the value of other fields, and may be sent on update and delete requests to ensure the client has an up-to-date value before proceeding.","type":"string"},"firestoreDataAccessMode":{"description":"Optional. The Firestore API data access mode to use for this database. If not set on write: - the default value is DATA_ACCESS_MODE_DISABLED for Enterprise Edition. - the default value is DATA_ACCESS_MODE_ENABLED for Standard Edition.","enum":["DATA_ACCESS_MODE_UNSPECIFIED","DATA_ACCESS_MODE_ENABLED","DATA_ACCESS_MODE_DISABLED"],"type":"string","x-google-enum-descriptions":["Not Used.","Accessing the database through the API is allowed.","Accessing the database through the API is disallowed."]},"freeTier":{"description":"Output only. Background: Free tier is the ability of a Firestore database to use a small amount of resources every day without being charged. Once usage exceeds the free tier limit further usage is charged. Whether this database can make use of the free tier. Only one database per project can be eligible for the free tier. The first (or next) database that is created in a project without a free tier database will be marked as eligible for the free tier. Databases that are created while there is a free tier database will not be eligible for the free tier.","readOnly":true,"type":"boolean"},"keyPrefix":{"description":"Output only. The key_prefix for this database. This key_prefix is used, in combination with the project ID (\"~\") to construct the application ID that is returned from the Cloud Datastore APIs in Google App Engine first generation runtimes. This value may be empty in which case the appid to use for URL-encoded keys is the project_id (eg: foo instead of v~foo).","readOnly":true,"type":"string"},"locationId":{"description":"The location of the database. Available locations are listed at https://cloud.google.com/firestore/docs/locations.","type":"string"},"mongodbCompatibleDataAccessMode":{"description":"Optional. The MongoDB compatible API data access mode to use for this database. If not set on write, the default value is DATA_ACCESS_MODE_ENABLED for Enterprise Edition. The value is always DATA_ACCESS_MODE_DISABLED for Standard Edition.","enum":["DATA_ACCESS_MODE_UNSPECIFIED","DATA_ACCESS_MODE_ENABLED","DATA_ACCESS_MODE_DISABLED"],"type":"string","x-google-enum-descriptions":["Not Used.","Accessing the database through the API is allowed.","Accessing the database through the API is disallowed."]},"name":{"description":"The resource name of the Database. Format: `projects/{project}/databases/{database}`","type":"string"},"pointInTimeRecoveryEnablement":{"description":"Whether to enable the PITR feature on this database.","enum":["POINT_IN_TIME_RECOVERY_ENABLEMENT_UNSPECIFIED","POINT_IN_TIME_RECOVERY_ENABLED","POINT_IN_TIME_RECOVERY_DISABLED"],"type":"string","x-google-enum-descriptions":["Not used.","Reads are supported on selected versions of the data from within the past 7 days: * Reads against any timestamp within the past hour * Reads against 1-minute snapshots beyond 1 hour and within 7 days `version_retention_period` and `earliest_version_time` can be used to determine the supported versions.","Reads are supported on any version of the data from within the past 1 hour."]},"previousId":{"description":"Output only. The database resource's prior database ID. This field is only populated for deleted databases.","readOnly":true,"type":"string"},"realtimeUpdatesMode":{"description":"Immutable. The default Realtime Updates mode to use for this database.","enum":["REALTIME_UPDATES_MODE_UNSPECIFIED","REALTIME_UPDATES_MODE_ENABLED","REALTIME_UPDATES_MODE_DISABLED"],"type":"string","x-google-enum-descriptions":["The Realtime Updates feature is not specified.","The Realtime Updates feature is enabled by default. This could potentially degrade write performance for the database.","The Realtime Updates feature is disabled by default."],"x-google-immutable":true},"sourceInfo":{"$ref":"#/$defs/SourceInfo","description":"Output only. Information about the provenance of this database.","readOnly":true},"tags":{"additionalProperties":{"type":"string"},"description":"Optional. Input only. Immutable. Tag keys/values directly bound to this resource. For example: \"123/environment\": \"production\", \"123/costCenter\": \"marketing\"","type":"object","writeOnly":true,"x-google-immutable":true},"type":{"description":"The type of the database. See https://cloud.google.com/datastore/docs/firestore-or-datastore for information about how to choose.","enum":["DATABASE_TYPE_UNSPECIFIED","FIRESTORE_NATIVE","DATASTORE_MODE"],"type":"string","x-google-enum-descriptions":["Not used.","Firestore Native Mode","Firestore in Datastore Mode."]},"uid":{"description":"Output only. The system-generated UUID4 for this Database.","readOnly":true,"type":"string"},"updateTime":{"description":"Output only. The timestamp at which this database was most recently updated. Note this only includes updates to the database resource and not data contained by the database.","format":"date-time","readOnly":true,"type":"string"},"versionRetentionPeriod":{"description":"Output only. The period during which past versions of data are retained in the database. Any read or query can specify a `read_time` within this window, and will read the state of the database at that time. If the PITR feature is enabled, the retention period is 7 days. Otherwise, the retention period is 1 hour.","format":"google-duration","readOnly":true,"type":"string"}},"type":"object"},"SourceInfo":{"description":"Information about the provenance of this database.","properties":{"backup":{"$ref":"#/$defs/BackupSource","description":"If set, this database was restored from the specified backup (or a snapshot thereof)."},"operation":{"description":"The associated long-running operation. This field may not be set after the operation has completed. Format: `projects/{project}/databases/{database}/operations/{operation}`.","type":"string"}},"type":"object"}},"description":"The request for FirestoreAdmin.CreateDatabase.","properties":{"database":{"$ref":"#/$defs/Database","description":"Required. The Database to create."},"databaseId":{"description":"Required. The ID to use for the database, which will become the final component of the database's resource name. This value should be 4-63 characters. Valid characters are /a-z-/ with first character a letter and the last a letter or a number. Must not be UUID-like /[0-9a-f]{8}(-[0-9a-f]{4}){3}-[0-9a-f]{12}/. \"(default)\" database ID is also valid if the database is Standard edition.","type":"string"},"parent":{"description":"Required. A parent name of the form `projects/{project_id}`","type":"string"}},"required":["parent","database","databaseId"],"type":"object"},"name":"create_database","outputSchema":{"$defs":{"Status":{"description":"The `Status` type defines a logical error model that is suitable for different programming environments, including REST APIs and RPC APIs. It is used by [gRPC](https://github.com/grpc). Each `Status` message contains three pieces of data: error code, error message, and error details. You can find out more about this error model and how to work with it in the [API Design Guide](https://cloud.google.com/apis/design/errors).","properties":{"code":{"description":"The status code, which should be an enum value of google.rpc.Code.","format":"int32","type":"integer"},"details":{"description":"A list of messages that carry the error details. There is a common set of message types for APIs to use.","items":{"additionalProperties":{"description":"Properties of the object. Contains field @type with type URL."},"type":"object"},"type":"array"},"message":{"description":"A developer-facing error message, which should be in English. Any user-facing error message should be localized and sent in the google.rpc.Status.details field, or localized by the client.","type":"string"}},"type":"object"}},"description":"This resource represents a long-running operation that is the result of a network API call.","properties":{"done":{"description":"If the value is `false`, it means the operation is still in progress. If `true`, the operation is completed, and either `error` or `response` is available.","type":"boolean"},"error":{"$ref":"#/$defs/Status","description":"The error result of the operation in case of failure or cancellation."},"metadata":{"additionalProperties":{"description":"Properties of the object. Contains field @type with type URL."},"description":"Service-specific metadata associated with the operation. It typically contains progress information and common metadata such as create time. Some services might not provide such metadata. Any method that returns a long-running operation should document the metadata type, if any.","type":"object"},"name":{"description":"The server-assigned name, which is only unique within the same service that originally returns it. If you use the default HTTP mapping, the `name` should be a resource name ending with `operations/{unique_id}`.","type":"string"},"response":{"additionalProperties":{"description":"Properties of the object. Contains field @type with type URL."},"description":"The normal, successful response of the operation. If the original method returns no data on success, such as `Delete`, the response is `google.protobuf.Empty`. If the original method is standard `Get`/`Create`/`Update`, the response should be the resource. For other methods, the response should have the type `XxxResponse`, where `Xxx` is the original method name. For example, if the original method name is `TakeSnapshot()`, the inferred response type is `TakeSnapshotResponse`.","type":"object"}},"type":"object"}},{"annotations":{"destructiveHint":true,"idempotentHint":false,"openWorldHint":false,"readOnlyHint":true},"description":"Get a Firestore database.","inputSchema":{"description":"The request for FirestoreAdmin.GetDatabase.","properties":{"name":{"description":"Required. A name of the form `projects/{project_id}/databases/{database_id}`","type":"string"}},"required":["name"],"type":"object"},"name":"get_database","outputSchema":{"$defs":{"BackupSource":{"description":"Information about a backup that was used to restore a database.","properties":{"backup":{"description":"The resource name of the backup that was used to restore this database. Format: `projects/{project}/locations/{location}/backups/{backup}`.","type":"string"}},"type":"object"},"CmekConfig":{"description":"The CMEK (Customer Managed Encryption Key) configuration for a Firestore database. If not present, the database is secured by the default Google encryption key.","properties":{"activeKeyVersion":{"description":"Output only. Currently in-use [KMS key versions](https://cloud.google.com/kms/docs/resource-hierarchy#key_versions). During [key rotation](https://cloud.google.com/kms/docs/key-rotation), there can be multiple in-use key versions. The expected format is `projects/{project_id}/locations/{kms_location}/keyRings/{key_ring}/cryptoKeys/{crypto_key}/cryptoKeyVersions/{key_version}`.","items":{"type":"string"},"readOnly":true,"type":"array"},"kmsKeyName":{"description":"Required. Only keys in the same location as this database are allowed to be used for encryption. For Firestore's nam5 multi-region, this corresponds to Cloud KMS multi-region us. For Firestore's eur3 multi-region, this corresponds to Cloud KMS multi-region europe. See https://cloud.google.com/kms/docs/locations. The expected format is `projects/{project_id}/locations/{kms_location}/keyRings/{key_ring}/cryptoKeys/{crypto_key}`.","type":"string"}},"type":"object"},"SourceInfo":{"description":"Information about the provenance of this database.","properties":{"backup":{"$ref":"#/$defs/BackupSource","description":"If set, this database was restored from the specified backup (or a snapshot thereof)."},"operation":{"description":"The associated long-running operation. This field may not be set after the operation has completed. Format: `projects/{project}/databases/{database}/operations/{operation}`.","type":"string"}},"type":"object"}},"description":"A Cloud Firestore Database.","properties":{"appEngineIntegrationMode":{"description":"The App Engine integration mode to use for this database.","enum":["APP_ENGINE_INTEGRATION_MODE_UNSPECIFIED","ENABLED","DISABLED"],"type":"string","x-google-enum-descriptions":["Not used.","If an App Engine application exists in the same region as this database, App Engine configuration will impact this database. This includes disabling of the application & database, as well as disabling writes to the database.","App Engine has no effect on the ability of this database to serve requests. This is the default setting for databases created with the Firestore API."]},"cmekConfig":{"$ref":"#/$defs/CmekConfig","description":"Optional. Presence indicates CMEK is enabled for this database."},"concurrencyMode":{"description":"The concurrency control mode to use for this database. If unspecified in a CreateDatabase request, this will default based on the database edition: Optimistic for Enterprise and Pessimistic for all other databases.","enum":["CONCURRENCY_MODE_UNSPECIFIED","OPTIMISTIC","PESSIMISTIC","OPTIMISTIC_WITH_ENTITY_GROUPS"],"type":"string","x-google-enum-descriptions":["Not used.","Use optimistic concurrency control by default. This mode is available for Cloud Firestore databases. This is the default setting for Cloud Firestore Enterprise Edition databases.","Use pessimistic concurrency control by default. This mode is available for Cloud Firestore databases. This is the default setting for Cloud Firestore Standard Edition databases.","Use optimistic concurrency control with entity groups by default. This mode is enabled for some databases that were automatically upgraded from Cloud Datastore to Cloud Firestore with Datastore Mode. It is not recommended for any new databases, and not supported for Firestore Native databases."]},"createTime":{"description":"Output only. The timestamp at which this database was created. Databases created before 2016 do not populate create_time.","format":"date-time","readOnly":true,"type":"string"},"databaseEdition":{"description":"Immutable. The edition of the database.","enum":["DATABASE_EDITION_UNSPECIFIED","STANDARD","ENTERPRISE"],"type":"string","x-google-enum-descriptions":["Not used.","Standard edition. This is the default setting if not specified.","Enterprise edition."],"x-google-immutable":true},"deleteProtectionState":{"description":"State of delete protection for the database.","enum":["DELETE_PROTECTION_STATE_UNSPECIFIED","DELETE_PROTECTION_DISABLED","DELETE_PROTECTION_ENABLED"],"type":"string","x-google-enum-descriptions":["The default value. Delete protection type is not specified","Delete protection is disabled","Delete protection is enabled"]},"deleteTime":{"description":"Output only. The timestamp at which this database was deleted. Only set if the database has been deleted.","format":"date-time","readOnly":true,"type":"string"},"earliestVersionTime":{"description":"Output only. The earliest timestamp at which older versions of the data can be read from the database. See [version_retention_period] above; this field is populated with `now - version_retention_period`. This value is continuously updated, and becomes stale the moment it is queried. If you are using this value to recover data, make sure to account for the time from the moment when the value is queried to the moment when you initiate the recovery.","format":"date-time","readOnly":true,"type":"string"},"etag":{"description":"This checksum is computed by the server based on the value of other fields, and may be sent on update and delete requests to ensure the client has an up-to-date value before proceeding.","type":"string"},"firestoreDataAccessMode":{"description":"Optional. The Firestore API data access mode to use for this database. If not set on write: - the default value is DATA_ACCESS_MODE_DISABLED for Enterprise Edition. - the default value is DATA_ACCESS_MODE_ENABLED for Standard Edition.","enum":["DATA_ACCESS_MODE_UNSPECIFIED","DATA_ACCESS_MODE_ENABLED","DATA_ACCESS_MODE_DISABLED"],"type":"string","x-google-enum-descriptions":["Not Used.","Accessing the database through the API is allowed.","Accessing the database through the API is disallowed."]},"freeTier":{"description":"Output only. Background: Free tier is the ability of a Firestore database to use a small amount of resources every day without being charged. Once usage exceeds the free tier limit further usage is charged. Whether this database can make use of the free tier. Only one database per project can be eligible for the free tier. The first (or next) database that is created in a project without a free tier database will be marked as eligible for the free tier. Databases that are created while there is a free tier database will not be eligible for the free tier.","readOnly":true,"type":"boolean"},"keyPrefix":{"description":"Output only. The key_prefix for this database. This key_prefix is used, in combination with the project ID (\"~\") to construct the application ID that is returned from the Cloud Datastore APIs in Google App Engine first generation runtimes. This value may be empty in which case the appid to use for URL-encoded keys is the project_id (eg: foo instead of v~foo).","readOnly":true,"type":"string"},"locationId":{"description":"The location of the database. Available locations are listed at https://cloud.google.com/firestore/docs/locations.","type":"string"},"mongodbCompatibleDataAccessMode":{"description":"Optional. The MongoDB compatible API data access mode to use for this database. If not set on write, the default value is DATA_ACCESS_MODE_ENABLED for Enterprise Edition. The value is always DATA_ACCESS_MODE_DISABLED for Standard Edition.","enum":["DATA_ACCESS_MODE_UNSPECIFIED","DATA_ACCESS_MODE_ENABLED","DATA_ACCESS_MODE_DISABLED"],"type":"string","x-google-enum-descriptions":["Not Used.","Accessing the database through the API is allowed.","Accessing the database through the API is disallowed."]},"name":{"description":"The resource name of the Database. Format: `projects/{project}/databases/{database}`","type":"string"},"pointInTimeRecoveryEnablement":{"description":"Whether to enable the PITR feature on this database.","enum":["POINT_IN_TIME_RECOVERY_ENABLEMENT_UNSPECIFIED","POINT_IN_TIME_RECOVERY_ENABLED","POINT_IN_TIME_RECOVERY_DISABLED"],"type":"string","x-google-enum-descriptions":["Not used.","Reads are supported on selected versions of the data from within the past 7 days: * Reads against any timestamp within the past hour * Reads against 1-minute snapshots beyond 1 hour and within 7 days `version_retention_period` and `earliest_version_time` can be used to determine the supported versions.","Reads are supported on any version of the data from within the past 1 hour."]},"previousId":{"description":"Output only. The database resource's prior database ID. This field is only populated for deleted databases.","readOnly":true,"type":"string"},"realtimeUpdatesMode":{"description":"Immutable. The default Realtime Updates mode to use for this database.","enum":["REALTIME_UPDATES_MODE_UNSPECIFIED","REALTIME_UPDATES_MODE_ENABLED","REALTIME_UPDATES_MODE_DISABLED"],"type":"string","x-google-enum-descriptions":["The Realtime Updates feature is not specified.","The Realtime Updates feature is enabled by default. This could potentially degrade write performance for the database.","The Realtime Updates feature is disabled by default."],"x-google-immutable":true},"sourceInfo":{"$ref":"#/$defs/SourceInfo","description":"Output only. Information about the provenance of this database.","readOnly":true},"tags":{"additionalProperties":{"type":"string"},"description":"Optional. Input only. Immutable. Tag keys/values directly bound to this resource. For example: \"123/environment\": \"production\", \"123/costCenter\": \"marketing\"","type":"object","writeOnly":true,"x-google-immutable":true},"type":{"description":"The type of the database. See https://cloud.google.com/datastore/docs/firestore-or-datastore for information about how to choose.","enum":["DATABASE_TYPE_UNSPECIFIED","FIRESTORE_NATIVE","DATASTORE_MODE"],"type":"string","x-google-enum-descriptions":["Not used.","Firestore Native Mode","Firestore in Datastore Mode."]},"uid":{"description":"Output only. The system-generated UUID4 for this Database.","readOnly":true,"type":"string"},"updateTime":{"description":"Output only. The timestamp at which this database was most recently updated. Note this only includes updates to the database resource and not data contained by the database.","format":"date-time","readOnly":true,"type":"string"},"versionRetentionPeriod":{"description":"Output only. The period during which past versions of data are retained in the database. Any read or query can specify a `read_time` within this window, and will read the state of the database at that time. If the PITR feature is enabled, the retention period is 7 days. Otherwise, the retention period is 1 hour.","format":"google-duration","readOnly":true,"type":"string"}},"type":"object"}},{"annotations":{"destructiveHint":true,"idempotentHint":false,"openWorldHint":false,"readOnlyHint":true},"description":"List Firestore databases.","inputSchema":{"description":"A request to list the Firestore Databases in all locations for a project.","properties":{"parent":{"description":"Required. A parent name of the form `projects/{project_id}`","type":"string"},"showDeleted":{"description":"If true, also returns deleted resources.","type":"boolean"}},"required":["parent"],"type":"object"},"name":"list_databases","outputSchema":{"$defs":{"BackupSource":{"description":"Information about a backup that was used to restore a database.","properties":{"backup":{"description":"The resource name of the backup that was used to restore this database. Format: `projects/{project}/locations/{location}/backups/{backup}`.","type":"string"}},"type":"object"},"CmekConfig":{"description":"The CMEK (Customer Managed Encryption Key) configuration for a Firestore database. If not present, the database is secured by the default Google encryption key.","properties":{"activeKeyVersion":{"description":"Output only. Currently in-use [KMS key versions](https://cloud.google.com/kms/docs/resource-hierarchy#key_versions). During [key rotation](https://cloud.google.com/kms/docs/key-rotation), there can be multiple in-use key versions. The expected format is `projects/{project_id}/locations/{kms_location}/keyRings/{key_ring}/cryptoKeys/{crypto_key}/cryptoKeyVersions/{key_version}`.","items":{"type":"string"},"readOnly":true,"type":"array"},"kmsKeyName":{"description":"Required. Only keys in the same location as this database are allowed to be used for encryption. For Firestore's nam5 multi-region, this corresponds to Cloud KMS multi-region us. For Firestore's eur3 multi-region, this corresponds to Cloud KMS multi-region europe. See https://cloud.google.com/kms/docs/locations. The expected format is `projects/{project_id}/locations/{kms_location}/keyRings/{key_ring}/cryptoKeys/{crypto_key}`.","type":"string"}},"type":"object"},"Database":{"description":"A Cloud Firestore Database.","properties":{"appEngineIntegrationMode":{"description":"The App Engine integration mode to use for this database.","enum":["APP_ENGINE_INTEGRATION_MODE_UNSPECIFIED","ENABLED","DISABLED"],"type":"string","x-google-enum-descriptions":["Not used.","If an App Engine application exists in the same region as this database, App Engine configuration will impact this database. This includes disabling of the application & database, as well as disabling writes to the database.","App Engine has no effect on the ability of this database to serve requests. This is the default setting for databases created with the Firestore API."]},"cmekConfig":{"$ref":"#/$defs/CmekConfig","description":"Optional. Presence indicates CMEK is enabled for this database."},"concurrencyMode":{"description":"The concurrency control mode to use for this database. If unspecified in a CreateDatabase request, this will default based on the database edition: Optimistic for Enterprise and Pessimistic for all other databases.","enum":["CONCURRENCY_MODE_UNSPECIFIED","OPTIMISTIC","PESSIMISTIC","OPTIMISTIC_WITH_ENTITY_GROUPS"],"type":"string","x-google-enum-descriptions":["Not used.","Use optimistic concurrency control by default. This mode is available for Cloud Firestore databases. This is the default setting for Cloud Firestore Enterprise Edition databases.","Use pessimistic concurrency control by default. This mode is available for Cloud Firestore databases. This is the default setting for Cloud Firestore Standard Edition databases.","Use optimistic concurrency control with entity groups by default. This mode is enabled for some databases that were automatically upgraded from Cloud Datastore to Cloud Firestore with Datastore Mode. It is not recommended for any new databases, and not supported for Firestore Native databases."]},"createTime":{"description":"Output only. The timestamp at which this database was created. Databases created before 2016 do not populate create_time.","format":"date-time","readOnly":true,"type":"string"},"databaseEdition":{"description":"Immutable. The edition of the database.","enum":["DATABASE_EDITION_UNSPECIFIED","STANDARD","ENTERPRISE"],"type":"string","x-google-enum-descriptions":["Not used.","Standard edition. This is the default setting if not specified.","Enterprise edition."],"x-google-immutable":true},"deleteProtectionState":{"description":"State of delete protection for the database.","enum":["DELETE_PROTECTION_STATE_UNSPECIFIED","DELETE_PROTECTION_DISABLED","DELETE_PROTECTION_ENABLED"],"type":"string","x-google-enum-descriptions":["The default value. Delete protection type is not specified","Delete protection is disabled","Delete protection is enabled"]},"deleteTime":{"description":"Output only. The timestamp at which this database was deleted. Only set if the database has been deleted.","format":"date-time","readOnly":true,"type":"string"},"earliestVersionTime":{"description":"Output only. The earliest timestamp at which older versions of the data can be read from the database. See [version_retention_period] above; this field is populated with `now - version_retention_period`. This value is continuously updated, and becomes stale the moment it is queried. If you are using this value to recover data, make sure to account for the time from the moment when the value is queried to the moment when you initiate the recovery.","format":"date-time","readOnly":true,"type":"string"},"etag":{"description":"This checksum is computed by the server based on the value of other fields, and may be sent on update and delete requests to ensure the client has an up-to-date value before proceeding.","type":"string"},"firestoreDataAccessMode":{"description":"Optional. The Firestore API data access mode to use for this database. If not set on write: - the default value is DATA_ACCESS_MODE_DISABLED for Enterprise Edition. - the default value is DATA_ACCESS_MODE_ENABLED for Standard Edition.","enum":["DATA_ACCESS_MODE_UNSPECIFIED","DATA_ACCESS_MODE_ENABLED","DATA_ACCESS_MODE_DISABLED"],"type":"string","x-google-enum-descriptions":["Not Used.","Accessing the database through the API is allowed.","Accessing the database through the API is disallowed."]},"freeTier":{"description":"Output only. Background: Free tier is the ability of a Firestore database to use a small amount of resources every day without being charged. Once usage exceeds the free tier limit further usage is charged. Whether this database can make use of the free tier. Only one database per project can be eligible for the free tier. The first (or next) database that is created in a project without a free tier database will be marked as eligible for the free tier. Databases that are created while there is a free tier database will not be eligible for the free tier.","readOnly":true,"type":"boolean"},"keyPrefix":{"description":"Output only. The key_prefix for this database. This key_prefix is used, in combination with the project ID (\"~\") to construct the application ID that is returned from the Cloud Datastore APIs in Google App Engine first generation runtimes. This value may be empty in which case the appid to use for URL-encoded keys is the project_id (eg: foo instead of v~foo).","readOnly":true,"type":"string"},"locationId":{"description":"The location of the database. Available locations are listed at https://cloud.google.com/firestore/docs/locations.","type":"string"},"mongodbCompatibleDataAccessMode":{"description":"Optional. The MongoDB compatible API data access mode to use for this database. If not set on write, the default value is DATA_ACCESS_MODE_ENABLED for Enterprise Edition. The value is always DATA_ACCESS_MODE_DISABLED for Standard Edition.","enum":["DATA_ACCESS_MODE_UNSPECIFIED","DATA_ACCESS_MODE_ENABLED","DATA_ACCESS_MODE_DISABLED"],"type":"string","x-google-enum-descriptions":["Not Used.","Accessing the database through the API is allowed.","Accessing the database through the API is disallowed."]},"name":{"description":"The resource name of the Database. Format: `projects/{project}/databases/{database}`","type":"string"},"pointInTimeRecoveryEnablement":{"description":"Whether to enable the PITR feature on this database.","enum":["POINT_IN_TIME_RECOVERY_ENABLEMENT_UNSPECIFIED","POINT_IN_TIME_RECOVERY_ENABLED","POINT_IN_TIME_RECOVERY_DISABLED"],"type":"string","x-google-enum-descriptions":["Not used.","Reads are supported on selected versions of the data from within the past 7 days: * Reads against any timestamp within the past hour * Reads against 1-minute snapshots beyond 1 hour and within 7 days `version_retention_period` and `earliest_version_time` can be used to determine the supported versions.","Reads are supported on any version of the data from within the past 1 hour."]},"previousId":{"description":"Output only. The database resource's prior database ID. This field is only populated for deleted databases.","readOnly":true,"type":"string"},"realtimeUpdatesMode":{"description":"Immutable. The default Realtime Updates mode to use for this database.","enum":["REALTIME_UPDATES_MODE_UNSPECIFIED","REALTIME_UPDATES_MODE_ENABLED","REALTIME_UPDATES_MODE_DISABLED"],"type":"string","x-google-enum-descriptions":["The Realtime Updates feature is not specified.","The Realtime Updates feature is enabled by default. This could potentially degrade write performance for the database.","The Realtime Updates feature is disabled by default."],"x-google-immutable":true},"sourceInfo":{"$ref":"#/$defs/SourceInfo","description":"Output only. Information about the provenance of this database.","readOnly":true},"tags":{"additionalProperties":{"type":"string"},"description":"Optional. Input only. Immutable. Tag keys/values directly bound to this resource. For example: \"123/environment\": \"production\", \"123/costCenter\": \"marketing\"","type":"object","writeOnly":true,"x-google-immutable":true},"type":{"description":"The type of the database. See https://cloud.google.com/datastore/docs/firestore-or-datastore for information about how to choose.","enum":["DATABASE_TYPE_UNSPECIFIED","FIRESTORE_NATIVE","DATASTORE_MODE"],"type":"string","x-google-enum-descriptions":["Not used.","Firestore Native Mode","Firestore in Datastore Mode."]},"uid":{"description":"Output only. The system-generated UUID4 for this Database.","readOnly":true,"type":"string"},"updateTime":{"description":"Output only. The timestamp at which this database was most recently updated. Note this only includes updates to the database resource and not data contained by the database.","format":"date-time","readOnly":true,"type":"string"},"versionRetentionPeriod":{"description":"Output only. The period during which past versions of data are retained in the database. Any read or query can specify a `read_time` within this window, and will read the state of the database at that time. If the PITR feature is enabled, the retention period is 7 days. Otherwise, the retention period is 1 hour.","format":"google-duration","readOnly":true,"type":"string"}},"type":"object"},"SourceInfo":{"description":"Information about the provenance of this database.","properties":{"backup":{"$ref":"#/$defs/BackupSource","description":"If set, this database was restored from the specified backup (or a snapshot thereof)."},"operation":{"description":"The associated long-running operation. This field may not be set after the operation has completed. Format: `projects/{project}/databases/{database}/operations/{operation}`.","type":"string"}},"type":"object"}},"description":"The list of databases for a project.","properties":{"databases":{"description":"The databases in the project.","items":{"$ref":"#/$defs/Database"},"type":"array"},"unreachable":{"description":"In the event that data about individual databases cannot be listed they will be recorded here. An example entry might be: projects/some_project/locations/some_location This can happen if the Cloud Region that the Database resides in is currently unavailable. In this case we can't fetch all the details about the database. You may be able to get a more detailed error message (or possibly fetch the resource) by sending a 'Get' request for the resource or a 'List' request for the specific location.","items":{"type":"string"},"type":"array"}},"type":"object"}},{"annotations":{"destructiveHint":true,"idempotentHint":false,"openWorldHint":false,"readOnlyHint":false},"description":"Update a Firestore database.","inputSchema":{"$defs":{"BackupSource":{"description":"Information about a backup that was used to restore a database.","properties":{"backup":{"description":"The resource name of the backup that was used to restore this database. Format: `projects/{project}/locations/{location}/backups/{backup}`.","type":"string"}},"type":"object"},"CmekConfig":{"description":"The CMEK (Customer Managed Encryption Key) configuration for a Firestore database. If not present, the database is secured by the default Google encryption key.","properties":{"activeKeyVersion":{"description":"Output only. Currently in-use [KMS key versions](https://cloud.google.com/kms/docs/resource-hierarchy#key_versions). During [key rotation](https://cloud.google.com/kms/docs/key-rotation), there can be multiple in-use key versions. The expected format is `projects/{project_id}/locations/{kms_location}/keyRings/{key_ring}/cryptoKeys/{crypto_key}/cryptoKeyVersions/{key_version}`.","items":{"type":"string"},"readOnly":true,"type":"array"},"kmsKeyName":{"description":"Required. Only keys in the same location as this database are allowed to be used for encryption. For Firestore's nam5 multi-region, this corresponds to Cloud KMS multi-region us. For Firestore's eur3 multi-region, this corresponds to Cloud KMS multi-region europe. See https://cloud.google.com/kms/docs/locations. The expected format is `projects/{project_id}/locations/{kms_location}/keyRings/{key_ring}/cryptoKeys/{crypto_key}`.","type":"string"}},"required":["kmsKeyName"],"type":"object"},"Database":{"description":"A Cloud Firestore Database.","properties":{"appEngineIntegrationMode":{"description":"The App Engine integration mode to use for this database.","enum":["APP_ENGINE_INTEGRATION_MODE_UNSPECIFIED","ENABLED","DISABLED"],"type":"string","x-google-enum-descriptions":["Not used.","If an App Engine application exists in the same region as this database, App Engine configuration will impact this database. This includes disabling of the application & database, as well as disabling writes to the database.","App Engine has no effect on the ability of this database to serve requests. This is the default setting for databases created with the Firestore API."]},"cmekConfig":{"$ref":"#/$defs/CmekConfig","description":"Optional. Presence indicates CMEK is enabled for this database."},"concurrencyMode":{"description":"The concurrency control mode to use for this database. If unspecified in a CreateDatabase request, this will default based on the database edition: Optimistic for Enterprise and Pessimistic for all other databases.","enum":["CONCURRENCY_MODE_UNSPECIFIED","OPTIMISTIC","PESSIMISTIC","OPTIMISTIC_WITH_ENTITY_GROUPS"],"type":"string","x-google-enum-descriptions":["Not used.","Use optimistic concurrency control by default. This mode is available for Cloud Firestore databases. This is the default setting for Cloud Firestore Enterprise Edition databases.","Use pessimistic concurrency control by default. This mode is available for Cloud Firestore databases. This is the default setting for Cloud Firestore Standard Edition databases.","Use optimistic concurrency control with entity groups by default. This mode is enabled for some databases that were automatically upgraded from Cloud Datastore to Cloud Firestore with Datastore Mode. It is not recommended for any new databases, and not supported for Firestore Native databases."]},"createTime":{"description":"Output only. The timestamp at which this database was created. Databases created before 2016 do not populate create_time.","format":"date-time","readOnly":true,"type":"string"},"databaseEdition":{"description":"Immutable. The edition of the database.","enum":["DATABASE_EDITION_UNSPECIFIED","STANDARD","ENTERPRISE"],"type":"string","x-google-enum-descriptions":["Not used.","Standard edition. This is the default setting if not specified.","Enterprise edition."],"x-google-immutable":true},"deleteProtectionState":{"description":"State of delete protection for the database.","enum":["DELETE_PROTECTION_STATE_UNSPECIFIED","DELETE_PROTECTION_DISABLED","DELETE_PROTECTION_ENABLED"],"type":"string","x-google-enum-descriptions":["The default value. Delete protection type is not specified","Delete protection is disabled","Delete protection is enabled"]},"deleteTime":{"description":"Output only. The timestamp at which this database was deleted. Only set if the database has been deleted.","format":"date-time","readOnly":true,"type":"string"},"earliestVersionTime":{"description":"Output only. The earliest timestamp at which older versions of the data can be read from the database. See [version_retention_period] above; this field is populated with `now - version_retention_period`. This value is continuously updated, and becomes stale the moment it is queried. If you are using this value to recover data, make sure to account for the time from the moment when the value is queried to the moment when you initiate the recovery.","format":"date-time","readOnly":true,"type":"string"},"etag":{"description":"This checksum is computed by the server based on the value of other fields, and may be sent on update and delete requests to ensure the client has an up-to-date value before proceeding.","type":"string"},"firestoreDataAccessMode":{"description":"Optional. The Firestore API data access mode to use for this database. If not set on write: - the default value is DATA_ACCESS_MODE_DISABLED for Enterprise Edition. - the default value is DATA_ACCESS_MODE_ENABLED for Standard Edition.","enum":["DATA_ACCESS_MODE_UNSPECIFIED","DATA_ACCESS_MODE_ENABLED","DATA_ACCESS_MODE_DISABLED"],"type":"string","x-google-enum-descriptions":["Not Used.","Accessing the database through the API is allowed.","Accessing the database through the API is disallowed."]},"freeTier":{"description":"Output only. Background: Free tier is the ability of a Firestore database to use a small amount of resources every day without being charged. Once usage exceeds the free tier limit further usage is charged. Whether this database can make use of the free tier. Only one database per project can be eligible for the free tier. The first (or next) database that is created in a project without a free tier database will be marked as eligible for the free tier. Databases that are created while there is a free tier database will not be eligible for the free tier.","readOnly":true,"type":"boolean"},"keyPrefix":{"description":"Output only. The key_prefix for this database. This key_prefix is used, in combination with the project ID (\"~\") to construct the application ID that is returned from the Cloud Datastore APIs in Google App Engine first generation runtimes. This value may be empty in which case the appid to use for URL-encoded keys is the project_id (eg: foo instead of v~foo).","readOnly":true,"type":"string"},"locationId":{"description":"The location of the database. Available locations are listed at https://cloud.google.com/firestore/docs/locations.","type":"string"},"mongodbCompatibleDataAccessMode":{"description":"Optional. The MongoDB compatible API data access mode to use for this database. If not set on write, the default value is DATA_ACCESS_MODE_ENABLED for Enterprise Edition. The value is always DATA_ACCESS_MODE_DISABLED for Standard Edition.","enum":["DATA_ACCESS_MODE_UNSPECIFIED","DATA_ACCESS_MODE_ENABLED","DATA_ACCESS_MODE_DISABLED"],"type":"string","x-google-enum-descriptions":["Not Used.","Accessing the database through the API is allowed.","Accessing the database through the API is disallowed."]},"name":{"description":"The resource name of the Database. Format: `projects/{project}/databases/{database}`","type":"string"},"pointInTimeRecoveryEnablement":{"description":"Whether to enable the PITR feature on this database.","enum":["POINT_IN_TIME_RECOVERY_ENABLEMENT_UNSPECIFIED","POINT_IN_TIME_RECOVERY_ENABLED","POINT_IN_TIME_RECOVERY_DISABLED"],"type":"string","x-google-enum-descriptions":["Not used.","Reads are supported on selected versions of the data from within the past 7 days: * Reads against any timestamp within the past hour * Reads against 1-minute snapshots beyond 1 hour and within 7 days `version_retention_period` and `earliest_version_time` can be used to determine the supported versions.","Reads are supported on any version of the data from within the past 1 hour."]},"previousId":{"description":"Output only. The database resource's prior database ID. This field is only populated for deleted databases.","readOnly":true,"type":"string"},"realtimeUpdatesMode":{"description":"Immutable. The default Realtime Updates mode to use for this database.","enum":["REALTIME_UPDATES_MODE_UNSPECIFIED","REALTIME_UPDATES_MODE_ENABLED","REALTIME_UPDATES_MODE_DISABLED"],"type":"string","x-google-enum-descriptions":["The Realtime Updates feature is not specified.","The Realtime Updates feature is enabled by default. This could potentially degrade write performance for the database.","The Realtime Updates feature is disabled by default."],"x-google-immutable":true},"sourceInfo":{"$ref":"#/$defs/SourceInfo","description":"Output only. Information about the provenance of this database.","readOnly":true},"tags":{"additionalProperties":{"type":"string"},"description":"Optional. Input only. Immutable. Tag keys/values directly bound to this resource. For example: \"123/environment\": \"production\", \"123/costCenter\": \"marketing\"","type":"object","writeOnly":true,"x-google-immutable":true},"type":{"description":"The type of the database. See https://cloud.google.com/datastore/docs/firestore-or-datastore for information about how to choose.","enum":["DATABASE_TYPE_UNSPECIFIED","FIRESTORE_NATIVE","DATASTORE_MODE"],"type":"string","x-google-enum-descriptions":["Not used.","Firestore Native Mode","Firestore in Datastore Mode."]},"uid":{"description":"Output only. The system-generated UUID4 for this Database.","readOnly":true,"type":"string"},"updateTime":{"description":"Output only. The timestamp at which this database was most recently updated. Note this only includes updates to the database resource and not data contained by the database.","format":"date-time","readOnly":true,"type":"string"},"versionRetentionPeriod":{"description":"Output only. The period during which past versions of data are retained in the database. Any read or query can specify a `read_time` within this window, and will read the state of the database at that time. If the PITR feature is enabled, the retention period is 7 days. Otherwise, the retention period is 1 hour.","format":"google-duration","readOnly":true,"type":"string"}},"type":"object"},"SourceInfo":{"description":"Information about the provenance of this database.","properties":{"backup":{"$ref":"#/$defs/BackupSource","description":"If set, this database was restored from the specified backup (or a snapshot thereof)."},"operation":{"description":"The associated long-running operation. This field may not be set after the operation has completed. Format: `projects/{project}/databases/{database}/operations/{operation}`.","type":"string"}},"type":"object"}},"description":"The request for FirestoreAdmin.UpdateDatabase.","properties":{"database":{"$ref":"#/$defs/Database","description":"Required. The database to update."},"updateMask":{"description":"The list of fields to be updated.","format":"google-fieldmask","pattern":"^(\\s*[^,\\s.]+(\\s*[,.]\\s*[^,\\s.]+)*)?$","type":"string"}},"required":["database"],"type":"object"},"name":"update_database","outputSchema":{"$defs":{"Status":{"description":"The `Status` type defines a logical error model that is suitable for different programming environments, including REST APIs and RPC APIs. It is used by [gRPC](https://github.com/grpc). Each `Status` message contains three pieces of data: error code, error message, and error details. You can find out more about this error model and how to work with it in the [API Design Guide](https://cloud.google.com/apis/design/errors).","properties":{"code":{"description":"The status code, which should be an enum value of google.rpc.Code.","format":"int32","type":"integer"},"details":{"description":"A list of messages that carry the error details. There is a common set of message types for APIs to use.","items":{"additionalProperties":{"description":"Properties of the object. Contains field @type with type URL."},"type":"object"},"type":"array"},"message":{"description":"A developer-facing error message, which should be in English. Any user-facing error message should be localized and sent in the google.rpc.Status.details field, or localized by the client.","type":"string"}},"type":"object"}},"description":"This resource represents a long-running operation that is the result of a network API call.","properties":{"done":{"description":"If the value is `false`, it means the operation is still in progress. If `true`, the operation is completed, and either `error` or `response` is available.","type":"boolean"},"error":{"$ref":"#/$defs/Status","description":"The error result of the operation in case of failure or cancellation."},"metadata":{"additionalProperties":{"description":"Properties of the object. Contains field @type with type URL."},"description":"Service-specific metadata associated with the operation. It typically contains progress information and common metadata such as create time. Some services might not provide such metadata. Any method that returns a long-running operation should document the metadata type, if any.","type":"object"},"name":{"description":"The server-assigned name, which is only unique within the same service that originally returns it. If you use the default HTTP mapping, the `name` should be a resource name ending with `operations/{unique_id}`.","type":"string"},"response":{"additionalProperties":{"description":"Properties of the object. Contains field @type with type URL."},"description":"The normal, successful response of the operation. If the original method returns no data on success, such as `Delete`, the response is `google.protobuf.Empty`. If the original method is standard `Get`/`Create`/`Update`, the response should be the resource. For other methods, the response should have the type `XxxResponse`, where `Xxx` is the original method name. For example, if the original method name is `TakeSnapshot()`, the inferred response type is `TakeSnapshotResponse`.","type":"object"}},"type":"object"}},{"annotations":{"destructiveHint":true,"idempotentHint":false,"openWorldHint":false,"readOnlyHint":false},"description":"Delete a Firestore database.","inputSchema":{"description":"The request for FirestoreAdmin.DeleteDatabase.","properties":{"etag":{"description":"The current etag of the Database. If an etag is provided and does not match the current etag of the database, deletion will be blocked and a FAILED_PRECONDITION error will be returned.","type":"string"},"name":{"description":"Required. A name of the form `projects/{project_id}/databases/{database_id}`","type":"string"}},"required":["name"],"type":"object"},"name":"delete_database","outputSchema":{"$defs":{"Status":{"description":"The `Status` type defines a logical error model that is suitable for different programming environments, including REST APIs and RPC APIs. It is used by [gRPC](https://github.com/grpc). Each `Status` message contains three pieces of data: error code, error message, and error details. You can find out more about this error model and how to work with it in the [API Design Guide](https://cloud.google.com/apis/design/errors).","properties":{"code":{"description":"The status code, which should be an enum value of google.rpc.Code.","format":"int32","type":"integer"},"details":{"description":"A list of messages that carry the error details. There is a common set of message types for APIs to use.","items":{"additionalProperties":{"description":"Properties of the object. Contains field @type with type URL."},"type":"object"},"type":"array"},"message":{"description":"A developer-facing error message, which should be in English. Any user-facing error message should be localized and sent in the google.rpc.Status.details field, or localized by the client.","type":"string"}},"type":"object"}},"description":"This resource represents a long-running operation that is the result of a network API call.","properties":{"done":{"description":"If the value is `false`, it means the operation is still in progress. If `true`, the operation is completed, and either `error` or `response` is available.","type":"boolean"},"error":{"$ref":"#/$defs/Status","description":"The error result of the operation in case of failure or cancellation."},"metadata":{"additionalProperties":{"description":"Properties of the object. Contains field @type with type URL."},"description":"Service-specific metadata associated with the operation. It typically contains progress information and common metadata such as create time. Some services might not provide such metadata. Any method that returns a long-running operation should document the metadata type, if any.","type":"object"},"name":{"description":"The server-assigned name, which is only unique within the same service that originally returns it. If you use the default HTTP mapping, the `name` should be a resource name ending with `operations/{unique_id}`.","type":"string"},"response":{"additionalProperties":{"description":"Properties of the object. Contains field @type with type URL."},"description":"The normal, successful response of the operation. If the original method returns no data on success, such as `Delete`, the response is `google.protobuf.Empty`. If the original method is standard `Get`/`Create`/`Update`, the response should be the resource. For other methods, the response should have the type `XxxResponse`, where `Xxx` is the original method name. For example, if the original method name is `TakeSnapshot()`, the inferred response type is `TakeSnapshotResponse`.","type":"object"}},"type":"object"}},{"annotations":{"destructiveHint":true,"idempotentHint":false,"openWorldHint":false,"readOnlyHint":true},"description":"Get a Firestore index.","inputSchema":{"description":"The request for FirestoreAdmin.GetIndex.","properties":{"name":{"description":"Required. A name of the form `projects/{project_id}/databases/{database_id}/collectionGroups/{collection_id}/indexes/{index_id}`","type":"string"}},"required":["name"],"type":"object"},"name":"get_index","outputSchema":{"$defs":{"FlatIndex":{"description":"An index that stores vectors in a flat data structure, and supports exhaustive search.","type":"object"},"IndexField":{"description":"A field in an index. The field_path describes which field is indexed, the value_mode describes how the field value is indexed.","properties":{"arrayConfig":{"description":"Indicates that this field supports operations on `array_value`s.","enum":["ARRAY_CONFIG_UNSPECIFIED","CONTAINS"],"type":"string","x-google-enum-descriptions":["The index does not support additional array queries.","The index supports array containment queries."]},"fieldPath":{"description":"Can be __name__. For single field indexes, this must match the name of the field or may be omitted.","type":"string"},"order":{"description":"Indicates that this field supports ordering by the specified order or comparing using =, !=, <, <=, >, >=.","enum":["ORDER_UNSPECIFIED","ASCENDING","DESCENDING"],"type":"string","x-google-enum-descriptions":["The ordering is unspecified. Not a valid option.","The field is ordered by ascending field value.","The field is ordered by descending field value."]},"vectorConfig":{"$ref":"#/$defs/VectorConfig","description":"Indicates that this field supports nearest neighbor and distance operations on vector."}},"type":"object"},"VectorConfig":{"description":"The index configuration to support vector search operations","properties":{"dimension":{"description":"Required. The vector dimension this configuration applies to. The resulting index will only include vectors of this dimension, and can be used for vector search with the same dimension.","format":"int32","type":"integer"},"flat":{"$ref":"#/$defs/FlatIndex","description":"Indicates the vector index is a flat index."}},"type":"object"}},"description":"Cloud Firestore indexes enable simple and complex queries against documents in a database.","properties":{"apiScope":{"description":"The API scope supported by this index.","enum":["ANY_API","DATASTORE_MODE_API","MONGODB_COMPATIBLE_API"],"type":"string","x-google-enum-descriptions":["The index can only be used by the Firestore Native query API. This is the default.","The index can only be used by the Firestore in Datastore Mode query API.","The index can only be used by the MONGODB_COMPATIBLE_API."]},"density":{"description":"Immutable. The density configuration of the index.","enum":["DENSITY_UNSPECIFIED","SPARSE_ALL","SPARSE_ANY","DENSE"],"type":"string","x-google-enum-descriptions":["Unspecified. It will use database default setting. This value is input only.","An index entry will only exist if ALL fields are present in the document. This is both the default and only allowed value for Standard Edition databases (for both Cloud Firestore `ANY_API` and Cloud Datastore `DATASTORE_MODE_API`). Take for example the following document: ``` { \"__name__\": \"...\", \"a\": 1, \"b\": 2, \"c\": 3 } ``` an index on `(a ASC, b ASC, c ASC, __name__ ASC)` will generate an index entry for this document since `a`, 'b', `c`, and `__name__` are all present but an index of `(a ASC, d ASC, __name__ ASC)` will not generate an index entry for this document since `d` is missing. This means that such indexes can only be used to serve a query when the query has either implicit or explicit requirements that all fields from the index are present.","An index entry will exist if ANY field are present in the document. This is used as the definition of a sparse index for Enterprise Edition databases. Take for example the following document: ``` { \"__name__\": \"...\", \"a\": 1, \"b\": 2, \"c\": 3 } ``` an index on `(a ASC, d ASC)` will generate an index entry for this document since `a` is present, and will fill in an `unset` value for `d`. An index on `(d ASC, e ASC)` will not generate any index entry as neither `d` nor `e` are present. An index that contains `__name__` will generate an index entry for all documents since Firestore guarantees that all documents have a `__name__` field.","An index entry will exist regardless of if the fields are present or not. This is the default density for an Enterprise Edition database. The index will store `unset` values for fields that are not present in the document."],"x-google-immutable":true},"fields":{"description":"The fields supported by this index. For composite indexes, this requires a minimum of 2 and a maximum of 100 fields. The last field entry is always for the field path `__name__`. If, on creation, `__name__` was not specified as the last field, it will be added automatically with the same direction as that of the last field defined. If the final field in a composite index is not directional, the `__name__` will be ordered ASCENDING (unless explicitly specified). For single field indexes, this will always be exactly one entry with a field path equal to the field path of the associated field.","items":{"$ref":"#/$defs/IndexField"},"type":"array"},"multikey":{"description":"Optional. Whether the index is multikey. By default, the index is not multikey. For non-multikey indexes, none of the paths in the index definition reach or traverse an array, except via an explicit array index. For multikey indexes, at most one of the paths in the index definition reach or traverse an array, except via an explicit array index. Violations will result in errors. Note this field only applies to index with MONGODB_COMPATIBLE_API ApiScope.","type":"boolean"},"name":{"description":"Output only. A server defined name for this index. The form of this name for composite indexes will be: `projects/{project_id}/databases/{database_id}/collectionGroups/{collection_id}/indexes/{composite_index_id}` For single field indexes, this field will be empty.","type":"string"},"queryScope":{"description":"Indexes with a collection query scope specified allow queries against a collection that is the child of a specific document, specified at query time, and that has the same collection ID. Indexes with a collection group query scope specified allow queries against all collections descended from a specific document, specified at query time, and that have the same collection ID as this index.","enum":["QUERY_SCOPE_UNSPECIFIED","COLLECTION","COLLECTION_GROUP","COLLECTION_RECURSIVE"],"type":"string","x-google-enum-descriptions":["The query scope is unspecified. Not a valid option.","Indexes with a collection query scope specified allow queries against a collection that is the child of a specific document, specified at query time, and that has the collection ID specified by the index.","Indexes with a collection group query scope specified allow queries against all collections that has the collection ID specified by the index.","Include all the collections's ancestor in the index. Only available for Datastore Mode databases."]},"shardCount":{"description":"Optional. The number of shards for the index.","format":"int32","type":"integer"},"state":{"description":"Output only. The serving state of the index.","enum":["STATE_UNSPECIFIED","CREATING","READY","NEEDS_REPAIR"],"type":"string","x-google-enum-descriptions":["The state is unspecified.","The index is being created. There is an active long-running operation for the index. The index is updated when writing a document. Some index data may exist.","The index is ready to be used. The index is updated when writing a document. The index is fully populated from all stored documents it applies to.","The index was being created, but something went wrong. There is no active long-running operation for the index, and the most recently finished long-running operation failed. The index is not updated when writing a document. Some index data may exist. Use the google.longrunning.Operations API to determine why the operation that last attempted to create this index failed, then re-create the index."]},"unique":{"description":"Optional. Whether it is an unique index. Unique index ensures all values for the indexed field(s) are unique across documents.","type":"boolean"}},"type":"object"}},{"annotations":{"destructiveHint":true,"idempotentHint":false,"openWorldHint":false,"readOnlyHint":true},"description":"List Firestore indexes.","inputSchema":{"description":"The request for FirestoreAdmin.ListIndexes.","properties":{"filter":{"description":"The filter to apply to list results.","type":"string"},"pageSize":{"description":"The number of results to return.","format":"int32","type":"integer"},"pageToken":{"description":"A page token, returned from a previous call to FirestoreAdmin.ListIndexes, that may be used to get the next page of results.","type":"string"},"parent":{"description":"Required. A parent name of the form `projects/{project_id}/databases/{database_id}/collectionGroups/{collection_id}`","type":"string"}},"required":["parent"],"type":"object"},"name":"list_indexes","outputSchema":{"$defs":{"FlatIndex":{"description":"An index that stores vectors in a flat data structure, and supports exhaustive search.","type":"object"},"Index":{"description":"Cloud Firestore indexes enable simple and complex queries against documents in a database.","properties":{"apiScope":{"description":"The API scope supported by this index.","enum":["ANY_API","DATASTORE_MODE_API","MONGODB_COMPATIBLE_API"],"type":"string","x-google-enum-descriptions":["The index can only be used by the Firestore Native query API. This is the default.","The index can only be used by the Firestore in Datastore Mode query API.","The index can only be used by the MONGODB_COMPATIBLE_API."]},"density":{"description":"Immutable. The density configuration of the index.","enum":["DENSITY_UNSPECIFIED","SPARSE_ALL","SPARSE_ANY","DENSE"],"type":"string","x-google-enum-descriptions":["Unspecified. It will use database default setting. This value is input only.","An index entry will only exist if ALL fields are present in the document. This is both the default and only allowed value for Standard Edition databases (for both Cloud Firestore `ANY_API` and Cloud Datastore `DATASTORE_MODE_API`). Take for example the following document: ``` { \"__name__\": \"...\", \"a\": 1, \"b\": 2, \"c\": 3 } ``` an index on `(a ASC, b ASC, c ASC, __name__ ASC)` will generate an index entry for this document since `a`, 'b', `c`, and `__name__` are all present but an index of `(a ASC, d ASC, __name__ ASC)` will not generate an index entry for this document since `d` is missing. This means that such indexes can only be used to serve a query when the query has either implicit or explicit requirements that all fields from the index are present.","An index entry will exist if ANY field are present in the document. This is used as the definition of a sparse index for Enterprise Edition databases. Take for example the following document: ``` { \"__name__\": \"...\", \"a\": 1, \"b\": 2, \"c\": 3 } ``` an index on `(a ASC, d ASC)` will generate an index entry for this document since `a` is present, and will fill in an `unset` value for `d`. An index on `(d ASC, e ASC)` will not generate any index entry as neither `d` nor `e` are present. An index that contains `__name__` will generate an index entry for all documents since Firestore guarantees that all documents have a `__name__` field.","An index entry will exist regardless of if the fields are present or not. This is the default density for an Enterprise Edition database. The index will store `unset` values for fields that are not present in the document."],"x-google-immutable":true},"fields":{"description":"The fields supported by this index. For composite indexes, this requires a minimum of 2 and a maximum of 100 fields. The last field entry is always for the field path `__name__`. If, on creation, `__name__` was not specified as the last field, it will be added automatically with the same direction as that of the last field defined. If the final field in a composite index is not directional, the `__name__` will be ordered ASCENDING (unless explicitly specified). For single field indexes, this will always be exactly one entry with a field path equal to the field path of the associated field.","items":{"$ref":"#/$defs/IndexField"},"type":"array"},"multikey":{"description":"Optional. Whether the index is multikey. By default, the index is not multikey. For non-multikey indexes, none of the paths in the index definition reach or traverse an array, except via an explicit array index. For multikey indexes, at most one of the paths in the index definition reach or traverse an array, except via an explicit array index. Violations will result in errors. Note this field only applies to index with MONGODB_COMPATIBLE_API ApiScope.","type":"boolean"},"name":{"description":"Output only. A server defined name for this index. The form of this name for composite indexes will be: `projects/{project_id}/databases/{database_id}/collectionGroups/{collection_id}/indexes/{composite_index_id}` For single field indexes, this field will be empty.","type":"string"},"queryScope":{"description":"Indexes with a collection query scope specified allow queries against a collection that is the child of a specific document, specified at query time, and that has the same collection ID. Indexes with a collection group query scope specified allow queries against all collections descended from a specific document, specified at query time, and that have the same collection ID as this index.","enum":["QUERY_SCOPE_UNSPECIFIED","COLLECTION","COLLECTION_GROUP","COLLECTION_RECURSIVE"],"type":"string","x-google-enum-descriptions":["The query scope is unspecified. Not a valid option.","Indexes with a collection query scope specified allow queries against a collection that is the child of a specific document, specified at query time, and that has the collection ID specified by the index.","Indexes with a collection group query scope specified allow queries against all collections that has the collection ID specified by the index.","Include all the collections's ancestor in the index. Only available for Datastore Mode databases."]},"shardCount":{"description":"Optional. The number of shards for the index.","format":"int32","type":"integer"},"state":{"description":"Output only. The serving state of the index.","enum":["STATE_UNSPECIFIED","CREATING","READY","NEEDS_REPAIR"],"type":"string","x-google-enum-descriptions":["The state is unspecified.","The index is being created. There is an active long-running operation for the index. The index is updated when writing a document. Some index data may exist.","The index is ready to be used. The index is updated when writing a document. The index is fully populated from all stored documents it applies to.","The index was being created, but something went wrong. There is no active long-running operation for the index, and the most recently finished long-running operation failed. The index is not updated when writing a document. Some index data may exist. Use the google.longrunning.Operations API to determine why the operation that last attempted to create this index failed, then re-create the index."]},"unique":{"description":"Optional. Whether it is an unique index. Unique index ensures all values for the indexed field(s) are unique across documents.","type":"boolean"}},"type":"object"},"IndexField":{"description":"A field in an index. The field_path describes which field is indexed, the value_mode describes how the field value is indexed.","properties":{"arrayConfig":{"description":"Indicates that this field supports operations on `array_value`s.","enum":["ARRAY_CONFIG_UNSPECIFIED","CONTAINS"],"type":"string","x-google-enum-descriptions":["The index does not support additional array queries.","The index supports array containment queries."]},"fieldPath":{"description":"Can be __name__. For single field indexes, this must match the name of the field or may be omitted.","type":"string"},"order":{"description":"Indicates that this field supports ordering by the specified order or comparing using =, !=, <, <=, >, >=.","enum":["ORDER_UNSPECIFIED","ASCENDING","DESCENDING"],"type":"string","x-google-enum-descriptions":["The ordering is unspecified. Not a valid option.","The field is ordered by ascending field value.","The field is ordered by descending field value."]},"vectorConfig":{"$ref":"#/$defs/VectorConfig","description":"Indicates that this field supports nearest neighbor and distance operations on vector."}},"type":"object"},"VectorConfig":{"description":"The index configuration to support vector search operations","properties":{"dimension":{"description":"Required. The vector dimension this configuration applies to. The resulting index will only include vectors of this dimension, and can be used for vector search with the same dimension.","format":"int32","type":"integer"},"flat":{"$ref":"#/$defs/FlatIndex","description":"Indicates the vector index is a flat index."}},"type":"object"}},"description":"The response for FirestoreAdmin.ListIndexes.","properties":{"indexes":{"description":"The requested indexes.","items":{"$ref":"#/$defs/Index"},"type":"array"},"nextPageToken":{"description":"A page token that may be used to request another page of results. If blank, this is the last page.","type":"string"}},"type":"object"}},{"annotations":{"destructiveHint":true,"idempotentHint":false,"openWorldHint":false,"readOnlyHint":false},"description":"Delete a Firestore index.","inputSchema":{"description":"The request for FirestoreAdmin.DeleteIndex.","properties":{"name":{"description":"Required. A name of the form `projects/{project_id}/databases/{database_id}/collectionGroups/{collection_id}/indexes/{index_id}`","type":"string"}},"required":["name"],"type":"object"},"name":"delete_index","outputSchema":{"description":"A generic empty message that you can re-use to avoid defining duplicated empty messages in your APIs. A typical example is to use it as the request or the response type of an API method. For instance: service Foo { rpc Bar(google.protobuf.Empty) returns (google.protobuf.Empty); }","type":"object"}}]}}
[debug] [2026-02-27T09:09:44.029Z] <<< [apiv2][status] GET https://serviceusage.googleapis.com/v1/projects/zaqeen-aa745/services/firebaseio.com 403
[debug] [2026-02-27T09:09:44.033Z] <<< [apiv2][body] GET https://serviceusage.googleapis.com/v1/projects/zaqeen-aa745/services/firebaseio.com [omitted]
[debug] [2026-02-27T09:09:44.132Z] <<< [apiv2][status] POST https://developerknowledge.googleapis.com/mcp 200
[debug] [2026-02-27T09:09:44.133Z] <<< [apiv2][body] POST https://developerknowledge.googleapis.com/mcp {"id":1,"jsonrpc":"2.0","result":{"tools":[{"annotations":{"destructiveHint":false,"idempotentHint":true,"openWorldHint":false,"readOnlyHint":true},"description":"Use this tool to find documentation about Google developer products.\nThe documents contain official APIs, code snippets, release notes, best\npractices, guides, debugging info, and more. It covers the following\nproducts and domains:\n\n* Android: developer.android.com\n* Apigee: docs.apigee.com\n* Chrome: developer.chrome.com\n* Firebase: firebase.google.com\n* Fuchsia: fuchsia.dev\n* Google AI: ai.google.dev\n* Google Cloud: docs.cloud.google.com\n* Google Developers, Ads, Search, Google Maps, Youtube: developers.google.com\n* Google Home: developers.home.google.com\n* TensorFlow: www.tensorflow.org\n* Web: web.dev\n\nThis tool returns chunks of text, names, and URLs for matching documents.\nIf the returned chunks are not detailed enough to answer the\nuser's question, use `get_document` or `batch_get_documents` with the\n`parent` from this tool's output to retrieve the full document\ncontent.","inputSchema":{"description":"Request schema for search_documents. Use the query field to search for related Google developer documentation.","properties":{"query":{"description":"Required. The raw query string provided by the user, such as \"How to create a Cloud Storage bucket?\".","type":"string"}},"required":["query"],"type":"object"},"name":"search_documents","outputSchema":{"$defs":{"DocumentChunk":{"description":"A DocumentChunk represents a piece of content from a Document in the DeveloperKnowledge corpus. To fetch the entire document content, pass the `parent` to get_document or batch_get_documents.","properties":{"content":{"description":"Output only. The content of the document chunk.","readOnly":true,"type":"string"},"id":{"description":"Output only. The ID of this chunk within the document. The chunk ID is unique within a document, but not globally unique across documents. The chunk ID is not stable and may change over time.","readOnly":true,"type":"string"},"parent":{"description":"Output only. The resource name of the document this chunk is from. Format: `documents/{uri_without_scheme}` Example: `documents/docs.cloud.google.com/storage/docs/creating-buckets`","readOnly":true,"type":"string"}},"type":"object"}},"description":"Response schema for search_documents.","properties":{"results":{"description":"The search results for the given query. Each Document in this list contains a snippet of content relevant to the search query. Use the Document.name field of each result with get_document or batch_get_documents to retrieve the full document content.","items":{"$ref":"#/$defs/DocumentChunk"},"type":"array"}},"type":"object"}},{"annotations":{"destructiveHint":false,"idempotentHint":true,"openWorldHint":false,"readOnlyHint":true},"description":"Use this tool to retrieve the full content of a single document. The\ndocument name should be obtained from the `parent` field of results from a\ncall to the `search_documents` tool. If you need to retrieve multiple\ndocuments, use `batch_get_documents` instead.","inputSchema":{"description":"Request schema for get_document.","properties":{"name":{"description":"Required. The name of the document to retrieve. Format: `documents/{uri_without_scheme}` Example: `documents/docs.cloud.google.com/storage/docs/creating-buckets`","type":"string"}},"required":["name"],"type":"object"},"name":"get_document","outputSchema":{"description":"A Document represents a piece of content from the Developer Knowledge corpus.","properties":{"content":{"description":"Output only. The content of the document in Markdown format. If this document is returned by search_documents, this field contains a snippet of text relevant to the search query. If this document is returned by get_document or batch_get_documents, this field contains the full document content.","readOnly":true,"type":"string"},"description":{"description":"Output only. A description of the document.","readOnly":true,"type":"string"},"name":{"description":"Identifier. The resource name of the document. Format: `documents/{uri_without_scheme}` Example: `documents/docs.cloud.google.com/storage/docs/creating-buckets`","type":"string","x-google-identifier":true},"uri":{"description":"Output only. The URI of the content, such as `https://cloud.google.com/storage/docs/creating-buckets`.","readOnly":true,"type":"string"}},"type":"object"}},{"annotations":{"destructiveHint":false,"idempotentHint":true,"openWorldHint":false,"readOnlyHint":true},"description":"Use this tool to retrieve the full content of up to 20 documents in a\nsingle call. The document names should be obtained from the `parent` field\nof results from a call to the `search_documents` tool. Use this tool\ninstead of calling `get_document` multiple times to fetch multiple\ndocuments.","inputSchema":{"description":"Request schema for batch_get_documents.","properties":{"names":{"description":"Required. The names of the documents to retrieve, as returned by search_documents. A maximum of 20 documents can be retrieved in a batch. The documents are returned in the same order as the `names` in the request. Format: `documents/{uri_without_scheme}` Example: `documents/docs.cloud.google.com/storage/docs/creating-buckets`","items":{"type":"string"},"type":"array"}},"required":["names"],"type":"object"},"name":"batch_get_documents","outputSchema":{"$defs":{"Document":{"description":"A Document represents a piece of content from the Developer Knowledge corpus.","properties":{"content":{"description":"Output only. The content of the document in Markdown format. If this document is returned by search_documents, this field contains a snippet of text relevant to the search query. If this document is returned by get_document or batch_get_documents, this field contains the full document content.","readOnly":true,"type":"string"},"description":{"description":"Output only. A description of the document.","readOnly":true,"type":"string"},"name":{"description":"Identifier. The resource name of the document. Format: `documents/{uri_without_scheme}` Example: `documents/docs.cloud.google.com/storage/docs/creating-buckets`","type":"string","x-google-identifier":true},"uri":{"description":"Output only. The URI of the content, such as `https://cloud.google.com/storage/docs/creating-buckets`.","readOnly":true,"type":"string"}},"type":"object"}},"description":"Response schema for batch_get_documents.","properties":{"documents":{"description":"Documents requested.","items":{"$ref":"#/$defs/Document"},"type":"array"}},"type":"object"}}]}}
[error] Failed to fetch Firebase Project from Studio Workspace because WORKSPACE_SLUG environment variable is empty
[debug] [2026-02-27T09:09:44.141Z] > command requires scopes: ["email","openid","https://www.googleapis.com/auth/cloudplatformprojects.readonly","https://www.googleapis.com/auth/firebase","https://www.googleapis.com/auth/cloud-platform","https://www.googleapis.com/auth/userinfo.email"]
[debug] [2026-02-27T09:09:44.142Z] > authorizing via signed-in user (ai729776@gmail.com)
[debug] [2026-02-27T09:09:44.160Z] <<< [apiv2][status] GET https://serviceusage.googleapis.com/v1/projects/zaqeen-aa745/services/firebasedataconnect.googleapis.com 200
[debug] [2026-02-27T09:09:44.160Z] <<< [apiv2][body] GET https://serviceusage.googleapis.com/v1/projects/zaqeen-aa745/services/firebasedataconnect.googleapis.com [omitted]
[debug] [2026-02-27T09:09:44.162Z] <<< [apiv2][status] GET https://serviceusage.googleapis.com/v1/projects/zaqeen-aa745/services/cloudfunctions.googleapis.com 200
[debug] [2026-02-27T09:09:44.162Z] <<< [apiv2][body] GET https://serviceusage.googleapis.com/v1/projects/zaqeen-aa745/services/cloudfunctions.googleapis.com [omitted]
[debug] [2026-02-27T09:09:44.165Z] <<< [apiv2][status] GET https://serviceusage.googleapis.com/v1/projects/zaqeen-aa745/services/firebaseapphosting.googleapis.com 200
[debug] [2026-02-27T09:09:44.165Z] <<< [apiv2][body] GET https://serviceusage.googleapis.com/v1/projects/zaqeen-aa745/services/firebaseapphosting.googleapis.com [omitted]
[error] Failed to fetch Firebase Project from Studio Workspace because WORKSPACE_SLUG environment variable is empty
[error] Failed to fetch Firebase Project from Studio Workspace because WORKSPACE_SLUG environment variable is empty
[error] Failed to fetch Firebase Project from Studio Workspace because WORKSPACE_SLUG environment variable is empty
[debug] [2026-02-27T09:09:44.422Z] > command requires scopes: ["email","openid","https://www.googleapis.com/auth/cloudplatformprojects.readonly","https://www.googleapis.com/auth/firebase","https://www.googleapis.com/auth/cloud-platform","https://www.googleapis.com/auth/userinfo.email"]
[debug] [2026-02-27T09:09:44.423Z] > authorizing via signed-in user (ai729776@gmail.com)
[debug] [2026-02-27T09:09:44.423Z] Checked if tokens are valid: true, expires at: 1772186980689
[debug] [2026-02-27T09:09:44.423Z] Checked if tokens are valid: true, expires at: 1772186980689
[debug] [2026-02-27T09:09:44.423Z] >>> [apiv2][query] GET https://cloudbilling.googleapis.com/v1/projects/zaqeen-aa745/billingInfo [none]
[error] Failed to fetch Firebase Project from Studio Workspace because WORKSPACE_SLUG environment variable is empty
[error] Failed to fetch Firebase Project from Studio Workspace because WORKSPACE_SLUG environment variable is empty
[error] Failed to fetch Firebase Project from Studio Workspace because WORKSPACE_SLUG environment variable is empty
[debug] [2026-02-27T09:09:44.457Z] > command requires scopes: ["email","openid","https://www.googleapis.com/auth/cloudplatformprojects.readonly","https://www.googleapis.com/auth/firebase","https://www.googleapis.com/auth/cloud-platform","https://www.googleapis.com/auth/userinfo.email"]
[debug] [2026-02-27T09:09:44.457Z] > authorizing via signed-in user (ai729776@gmail.com)
[debug] [2026-02-27T09:09:44.458Z] Checked if tokens are valid: true, expires at: 1772186980689
[debug] [2026-02-27T09:09:44.458Z] Checked if tokens are valid: true, expires at: 1772186980689
[debug] [2026-02-27T09:09:44.462Z] >>> [apiv2][query] GET https://cloudbilling.googleapis.com/v1/projects/zaqeen-aa745/billingInfo [none]
[debug] [2026-02-27T09:09:44.648Z] <<< [apiv2][status] GET https://cloudbilling.googleapis.com/v1/projects/zaqeen-aa745/billingInfo 200
[debug] [2026-02-27T09:09:44.649Z] <<< [apiv2][body] GET https://cloudbilling.googleapis.com/v1/projects/zaqeen-aa745/billingInfo {"name":"projects/zaqeen-aa745/billingInfo","projectId":"zaqeen-aa745","billingAccountName":"","billingEnabled":false}
[debug] [2026-02-27T09:09:44.655Z] >>> [apiv2][query] POST https://firestore.googleapis.com/mcp [none]
[debug] [2026-02-27T09:09:44.656Z] >>> [apiv2][body] POST https://firestore.googleapis.com/mcp {"method":"tools/list","jsonrpc":"2.0","id":1}
[debug] [2026-02-27T09:09:44.657Z] >>> [apiv2][query] POST https://developerknowledge.googleapis.com/mcp [none]
[debug] [2026-02-27T09:09:44.657Z] >>> [apiv2][body] POST https://developerknowledge.googleapis.com/mcp {"method":"tools/list","jsonrpc":"2.0","id":1}
[debug] [2026-02-27T09:09:44.692Z] <<< [apiv2][status] GET https://cloudbilling.googleapis.com/v1/projects/zaqeen-aa745/billingInfo 200
[debug] [2026-02-27T09:09:44.692Z] <<< [apiv2][body] GET https://cloudbilling.googleapis.com/v1/projects/zaqeen-aa745/billingInfo {"name":"projects/zaqeen-aa745/billingInfo","projectId":"zaqeen-aa745","billingAccountName":"","billingEnabled":false}
[error] Failed to fetch Firebase Project from Studio Workspace because WORKSPACE_SLUG environment variable is empty
[debug] [2026-02-27T09:09:44.696Z] > command requires scopes: ["email","openid","https://www.googleapis.com/auth/cloudplatformprojects.readonly","https://www.googleapis.com/auth/firebase","https://www.googleapis.com/auth/cloud-platform","https://www.googleapis.com/auth/userinfo.email"]
[debug] [2026-02-27T09:09:44.696Z] > authorizing via signed-in user (ai729776@gmail.com)
[debug] [2026-02-27T09:09:44.707Z] <<< [apiv2][status] POST https://firestore.googleapis.com/mcp 200
[debug] [2026-02-27T09:09:44.715Z] <<< [apiv2][body] POST https://firestore.googleapis.com/mcp {"id":1,"jsonrpc":"2.0","result":{"tools":[{"annotations":{"destructiveHint":true,"idempotentHint":false,"openWorldHint":false,"readOnlyHint":true},"description":"Get a document from a Firestore database.","inputSchema":{"$defs":{"DocumentMask":{"description":"A set of field paths on a document. Used to restrict a get or update operation on a document to a subset of its fields. This is different from standard field masks, as this is always scoped to a Document, and takes in account the dynamic nature of Value.","properties":{"fieldPaths":{"description":"The list of field paths in the mask. See Document.fields for a field path syntax reference.","items":{"type":"string"},"type":"array"}},"type":"object"}},"description":"The request for Firestore.GetDocument.","properties":{"mask":{"$ref":"#/$defs/DocumentMask","description":"The fields to return. If not set, returns all fields. If the document has a field that is not present in this mask, that field will not be returned in the response."},"name":{"description":"Required. The resource name of the Document to get. In the format: `projects/{project_id}/databases/{database_id}/documents/{document_path}`.","type":"string"},"readTime":{"description":"Reads the version of the document at the given time. This must be a microsecond precision timestamp within the past one hour, or if Point-in-Time Recovery is enabled, can additionally be a whole minute timestamp within the past 7 days.","format":"date-time","type":"string"},"transaction":{"description":"Reads the document in a transaction.","format":"byte","type":"string"}},"required":["name"],"type":"object"},"name":"get_document","outputSchema":{"$defs":{"ArrayValue":{"description":"An array value.","properties":{"values":{"description":"Values in the array.","items":{"$ref":"#/$defs/Value"},"type":"array"}},"type":"object"},"Function":{"description":"Represents an unevaluated scalar expression. For example, the expression `like(user_name, \"%alice%\")` is represented as: ``` name: \"like\" args { field_reference: \"user_name\" } args { string_value: \"%alice%\" } ```","properties":{"args":{"description":"Optional. Ordered list of arguments the given function expects.","items":{"$ref":"#/$defs/Value"},"type":"array"},"name":{"description":"Required. The name of the function to evaluate. **Requires:** * must be in snake case (lower case with underscore separator).","type":"string"},"options":{"additionalProperties":{"$ref":"#/$defs/Value"},"description":"Optional. Optional named arguments that certain functions may support.","type":"object"}},"type":"object"},"LatLng":{"description":"An object that represents a latitude/longitude pair. This is expressed as a pair of doubles to represent degrees latitude and degrees longitude. Unless specified otherwise, this object must conform to the WGS84 standard <https://en.wikipedia.org/wiki/World_Geodetic_System#1984_version>. Values must be within normalized ranges.","properties":{"latitude":{"description":"The latitude in degrees. It must be in the range [-90.0, +90.0].","format":"double","type":"number"},"longitude":{"description":"The longitude in degrees. It must be in the range [-180.0, +180.0].","format":"double","type":"number"}},"type":"object"},"MapValue":{"description":"A map value.","properties":{"fields":{"additionalProperties":{"$ref":"#/$defs/Value"},"description":"The map's fields. The map keys represent field names. Field names matching the regular expression `__.*__` are reserved. Reserved field names are forbidden except in certain documented contexts. The map keys, represented as UTF-8, must not exceed 1,500 bytes and cannot be empty.","type":"object"}},"type":"object"},"Pipeline":{"description":"A Firestore query represented as an ordered list of operations / stages.","properties":{"stages":{"description":"Required. Ordered list of stages to evaluate.","items":{"$ref":"#/$defs/Stage"},"type":"array"}},"type":"object"},"Stage":{"description":"A single operation within a pipeline. A stage is made up of a unique name, and a list of arguments. The exact number of arguments & types is dependent on the stage type. To give an example, the stage `filter(state = \"MD\")` would be encoded as: ``` name: \"filter\" args { function_value { name: \"eq\" args { field_reference_value: \"state\" } args { string_value: \"MD\" } } } ``` See public documentation for the full list.","properties":{"args":{"description":"Optional. Ordered list of arguments the given stage expects.","items":{"$ref":"#/$defs/Value"},"type":"array"},"name":{"description":"Required. The name of the stage to evaluate. **Requires:** * must be in snake case (lower case with underscore separator).","type":"string"},"options":{"additionalProperties":{"$ref":"#/$defs/Value"},"description":"Optional. Optional named arguments that certain functions may support.","type":"object"}},"type":"object"},"Value":{"description":"A message that can hold any of the supported value types.","properties":{"arrayValue":{"$ref":"#/$defs/ArrayValue","description":"An array value. Cannot directly contain another array value, though can contain a map which contains another array."},"booleanValue":{"description":"A boolean value.","type":"boolean"},"bytesValue":{"description":"A bytes value. Must not exceed 1 MiB - 89 bytes. Only the first 1,500 bytes are considered by queries.","format":"byte","type":"string"},"doubleValue":{"description":"A double value.","format":"double","type":"number"},"fieldReferenceValue":{"description":"Value which references a field. This is considered relative (vs absolute) since it only refers to a field and not a field within a particular document. **Requires:** * Must follow field reference limitations. * Not allowed to be used when writing documents.","type":"string"},"functionValue":{"$ref":"#/$defs/Function","description":"A value that represents an unevaluated expression. **Requires:** * Not allowed to be used when writing documents."},"geoPointValue":{"$ref":"#/$defs/LatLng","description":"A geo point value representing a point on the surface of Earth."},"integerValue":{"description":"An integer value.","format":"int64","type":"string"},"mapValue":{"$ref":"#/$defs/MapValue","description":"A map value."},"nullValue":{"description":"A null value.","enum":["NULL_VALUE"],"type":"string","x-google-enum-descriptions":["Null value."]},"pipelineValue":{"$ref":"#/$defs/Pipeline","description":"A value that represents an unevaluated pipeline. **Requires:** * Not allowed to be used when writing documents."},"referenceValue":{"description":"A reference to a document. For example: `projects/{project_id}/databases/{database_id}/documents/{document_path}`.","type":"string"},"stringValue":{"description":"A string value. The string, represented as UTF-8, must not exceed 1 MiB - 89 bytes. Only the first 1,500 bytes of the UTF-8 representation are considered by queries.","type":"string"},"timestampValue":{"description":"A timestamp value. Precise only to microseconds. When stored, any additional precision is rounded down.","format":"date-time","type":"string"}},"type":"object"}},"description":"A Firestore document. Must not exceed 1 MiB - 4 bytes.","properties":{"createTime":{"description":"Output only. The time at which the document was created. This value increases monotonically when a document is deleted then recreated. It can also be compared to values from other documents and the `read_time` of a query.","format":"date-time","type":"string"},"fields":{"additionalProperties":{"$ref":"#/$defs/Value"},"description":"The document's fields. The map keys represent field names. Field names matching the regular expression `__.*__` are reserved. Reserved field names are forbidden except in certain documented contexts. The field names, represented as UTF-8, must not exceed 1,500 bytes and cannot be empty. Field paths may be used in other contexts to refer to structured fields defined here. For `map_value`, the field path is represented by a dot-delimited (`.`) string of segments. Each segment is either a simple field name (defined below) or a quoted field name. For example, the structured field `\"foo\" : { map_value: { \"x&y\" : { string_value: \"hello\" }}}` would be represented by the field path `` foo.`x&y` ``. A simple field name contains only characters `a` to `z`, `A` to `Z`, `0` to `9`, or `_`, and must not start with `0` to `9`. For example, `foo_bar_17`. A quoted field name starts and ends with `` ` `` and may contain any character. Some characters, including `` ` ``, must be escaped using a `\\`. For example, `` `x&y` `` represents `x&y` and `` `bak\\`tik` `` represents `` bak`tik ``.","type":"object"},"name":{"description":"The resource name of the document, for example `projects/{project_id}/databases/{database_id}/documents/{document_path}`.","type":"string"},"updateTime":{"description":"Output only. The time at which the document was last changed. This value is initially set to the `create_time` then increases monotonically with each change to the document. It can also be compared to values from other documents and the `read_time` of a query.","format":"date-time","type":"string"}},"type":"object"}},{"annotations":{"destructiveHint":true,"idempotentHint":false,"openWorldHint":false,"readOnlyHint":false},"description":"Create a document from a Firestore database.","inputSchema":{"$defs":{"ArrayValue":{"description":"An array value.","properties":{"values":{"description":"Values in the array.","items":{"$ref":"#/$defs/Value"},"type":"array"}},"type":"object"},"Document":{"description":"A Firestore document. Must not exceed 1 MiB - 4 bytes.","properties":{"createTime":{"description":"Output only. The time at which the document was created. This value increases monotonically when a document is deleted then recreated. It can also be compared to values from other documents and the `read_time` of a query.","format":"date-time","type":"string"},"fields":{"additionalProperties":{"$ref":"#/$defs/Value"},"description":"The document's fields. The map keys represent field names. Field names matching the regular expression `__.*__` are reserved. Reserved field names are forbidden except in certain documented contexts. The field names, represented as UTF-8, must not exceed 1,500 bytes and cannot be empty. Field paths may be used in other contexts to refer to structured fields defined here. For `map_value`, the field path is represented by a dot-delimited (`.`) string of segments. Each segment is either a simple field name (defined below) or a quoted field name. For example, the structured field `\"foo\" : { map_value: { \"x&y\" : { string_value: \"hello\" }}}` would be represented by the field path `` foo.`x&y` ``. A simple field name contains only characters `a` to `z`, `A` to `Z`, `0` to `9`, or `_`, and must not start with `0` to `9`. For example, `foo_bar_17`. A quoted field name starts and ends with `` ` `` and may contain any character. Some characters, including `` ` ``, must be escaped using a `\\`. For example, `` `x&y` `` represents `x&y` and `` `bak\\`tik` `` represents `` bak`tik ``.","type":"object"},"name":{"description":"The resource name of the document, for example `projects/{project_id}/databases/{database_id}/documents/{document_path}`.","type":"string"},"updateTime":{"description":"Output only. The time at which the document was last changed. This value is initially set to the `create_time` then increases monotonically with each change to the document. It can also be compared to values from other documents and the `read_time` of a query.","format":"date-time","type":"string"}},"type":"object"},"DocumentMask":{"description":"A set of field paths on a document. Used to restrict a get or update operation on a document to a subset of its fields. This is different from standard field masks, as this is always scoped to a Document, and takes in account the dynamic nature of Value.","properties":{"fieldPaths":{"description":"The list of field paths in the mask. See Document.fields for a field path syntax reference.","items":{"type":"string"},"type":"array"}},"type":"object"},"Function":{"description":"Represents an unevaluated scalar expression. For example, the expression `like(user_name, \"%alice%\")` is represented as: ``` name: \"like\" args { field_reference: \"user_name\" } args { string_value: \"%alice%\" } ```","properties":{"args":{"description":"Optional. Ordered list of arguments the given function expects.","items":{"$ref":"#/$defs/Value"},"type":"array"},"name":{"description":"Required. The name of the function to evaluate. **Requires:** * must be in snake case (lower case with underscore separator).","type":"string"},"options":{"additionalProperties":{"$ref":"#/$defs/Value"},"description":"Optional. Optional named arguments that certain functions may support.","type":"object"}},"required":["name"],"type":"object"},"LatLng":{"description":"An object that represents a latitude/longitude pair. This is expressed as a pair of doubles to represent degrees latitude and degrees longitude. Unless specified otherwise, this object must conform to the WGS84 standard <https://en.wikipedia.org/wiki/World_Geodetic_System#1984_version>. Values must be within normalized ranges.","properties":{"latitude":{"description":"The latitude in degrees. It must be in the range [-90.0, +90.0].","format":"double","type":"number"},"longitude":{"description":"The longitude in degrees. It must be in the range [-180.0, +180.0].","format":"double","type":"number"}},"type":"object"},"MapValue":{"description":"A map value.","properties":{"fields":{"additionalProperties":{"$ref":"#/$defs/Value"},"description":"The map's fields. The map keys represent field names. Field names matching the regular expression `__.*__` are reserved. Reserved field names are forbidden except in certain documented contexts. The map keys, represented as UTF-8, must not exceed 1,500 bytes and cannot be empty.","type":"object"}},"type":"object"},"Pipeline":{"description":"A Firestore query represented as an ordered list of operations / stages.","properties":{"stages":{"description":"Required. Ordered list of stages to evaluate.","items":{"$ref":"#/$defs/Stage"},"type":"array"}},"required":["stages"],"type":"object"},"Stage":{"description":"A single operation within a pipeline. A stage is made up of a unique name, and a list of arguments. The exact number of arguments & types is dependent on the stage type. To give an example, the stage `filter(state = \"MD\")` would be encoded as: ``` name: \"filter\" args { function_value { name: \"eq\" args { field_reference_value: \"state\" } args { string_value: \"MD\" } } } ``` See public documentation for the full list.","properties":{"args":{"description":"Optional. Ordered list of arguments the given stage expects.","items":{"$ref":"#/$defs/Value"},"type":"array"},"name":{"description":"Required. The name of the stage to evaluate. **Requires:** * must be in snake case (lower case with underscore separator).","type":"string"},"options":{"additionalProperties":{"$ref":"#/$defs/Value"},"description":"Optional. Optional named arguments that certain functions may support.","type":"object"}},"required":["name"],"type":"object"},"Value":{"description":"A message that can hold any of the supported value types.","properties":{"arrayValue":{"$ref":"#/$defs/ArrayValue","description":"An array value. Cannot directly contain another array value, though can contain a map which contains another array."},"booleanValue":{"description":"A boolean value.","type":"boolean"},"bytesValue":{"description":"A bytes value. Must not exceed 1 MiB - 89 bytes. Only the first 1,500 bytes are considered by queries.","format":"byte","type":"string"},"doubleValue":{"description":"A double value.","format":"double","type":"number"},"fieldReferenceValue":{"description":"Value which references a field. This is considered relative (vs absolute) since it only refers to a field and not a field within a particular document. **Requires:** * Must follow field reference limitations. * Not allowed to be used when writing documents.","type":"string"},"functionValue":{"$ref":"#/$defs/Function","description":"A value that represents an unevaluated expression. **Requires:** * Not allowed to be used when writing documents."},"geoPointValue":{"$ref":"#/$defs/LatLng","description":"A geo point value representing a point on the surface of Earth."},"integerValue":{"description":"An integer value.","format":"int64","type":"string"},"mapValue":{"$ref":"#/$defs/MapValue","description":"A map value."},"nullValue":{"description":"A null value.","enum":["NULL_VALUE"],"type":"string","x-google-enum-descriptions":["Null value."]},"pipelineValue":{"$ref":"#/$defs/Pipeline","description":"A value that represents an unevaluated pipeline. **Requires:** * Not allowed to be used when writing documents."},"referenceValue":{"description":"A reference to a document. For example: `projects/{project_id}/databases/{database_id}/documents/{document_path}`.","type":"string"},"stringValue":{"description":"A string value. The string, represented as UTF-8, must not exceed 1 MiB - 89 bytes. Only the first 1,500 bytes of the UTF-8 representation are considered by queries.","type":"string"},"timestampValue":{"description":"A timestamp value. Precise only to microseconds. When stored, any additional precision is rounded down.","format":"date-time","type":"string"}},"type":"object"}},"description":"The request for Firestore.CreateDocument.","properties":{"collectionId":{"description":"Required. The collection ID, relative to `parent`, to list. For example: `chatrooms`.","type":"string"},"document":{"$ref":"#/$defs/Document","description":"Required. The document to create. `name` must not be set."},"documentId":{"description":"The client-assigned document ID to use for this document. Optional. If not specified, an ID will be assigned by the service.","type":"string"},"mask":{"$ref":"#/$defs/DocumentMask","description":"The fields to return. If not set, returns all fields. If the document has a field that is not present in this mask, that field will not be returned in the response."},"parent":{"description":"Required. The parent resource. For example: `projects/{project_id}/databases/{database_id}/documents` or `projects/{project_id}/databases/{database_id}/documents/chatrooms/{chatroom_id}`","type":"string"}},"required":["parent","collectionId","document"],"type":"object"},"name":"add_document","outputSchema":{"$defs":{"ArrayValue":{"description":"An array value.","properties":{"values":{"description":"Values in the array.","items":{"$ref":"#/$defs/Value"},"type":"array"}},"type":"object"},"Function":{"description":"Represents an unevaluated scalar expression. For example, the expression `like(user_name, \"%alice%\")` is represented as: ``` name: \"like\" args { field_reference: \"user_name\" } args { string_value: \"%alice%\" } ```","properties":{"args":{"description":"Optional. Ordered list of arguments the given function expects.","items":{"$ref":"#/$defs/Value"},"type":"array"},"name":{"description":"Required. The name of the function to evaluate. **Requires:** * must be in snake case (lower case with underscore separator).","type":"string"},"options":{"additionalProperties":{"$ref":"#/$defs/Value"},"description":"Optional. Optional named arguments that certain functions may support.","type":"object"}},"type":"object"},"LatLng":{"description":"An object that represents a latitude/longitude pair. This is expressed as a pair of doubles to represent degrees latitude and degrees longitude. Unless specified otherwise, this object must conform to the WGS84 standard <https://en.wikipedia.org/wiki/World_Geodetic_System#1984_version>. Values must be within normalized ranges.","properties":{"latitude":{"description":"The latitude in degrees. It must be in the range [-90.0, +90.0].","format":"double","type":"number"},"longitude":{"description":"The longitude in degrees. It must be in the range [-180.0, +180.0].","format":"double","type":"number"}},"type":"object"},"MapValue":{"description":"A map value.","properties":{"fields":{"additionalProperties":{"$ref":"#/$defs/Value"},"description":"The map's fields. The map keys represent field names. Field names matching the regular expression `__.*__` are reserved. Reserved field names are forbidden except in certain documented contexts. The map keys, represented as UTF-8, must not exceed 1,500 bytes and cannot be empty.","type":"object"}},"type":"object"},"Pipeline":{"description":"A Firestore query represented as an ordered list of operations / stages.","properties":{"stages":{"description":"Required. Ordered list of stages to evaluate.","items":{"$ref":"#/$defs/Stage"},"type":"array"}},"type":"object"},"Stage":{"description":"A single operation within a pipeline. A stage is made up of a unique name, and a list of arguments. The exact number of arguments & types is dependent on the stage type. To give an example, the stage `filter(state = \"MD\")` would be encoded as: ``` name: \"filter\" args { function_value { name: \"eq\" args { field_reference_value: \"state\" } args { string_value: \"MD\" } } } ``` See public documentation for the full list.","properties":{"args":{"description":"Optional. Ordered list of arguments the given stage expects.","items":{"$ref":"#/$defs/Value"},"type":"array"},"name":{"description":"Required. The name of the stage to evaluate. **Requires:** * must be in snake case (lower case with underscore separator).","type":"string"},"options":{"additionalProperties":{"$ref":"#/$defs/Value"},"description":"Optional. Optional named arguments that certain functions may support.","type":"object"}},"type":"object"},"Value":{"description":"A message that can hold any of the supported value types.","properties":{"arrayValue":{"$ref":"#/$defs/ArrayValue","description":"An array value. Cannot directly contain another array value, though can contain a map which contains another array."},"booleanValue":{"description":"A boolean value.","type":"boolean"},"bytesValue":{"description":"A bytes value. Must not exceed 1 MiB - 89 bytes. Only the first 1,500 bytes are considered by queries.","format":"byte","type":"string"},"doubleValue":{"description":"A double value.","format":"double","type":"number"},"fieldReferenceValue":{"description":"Value which references a field. This is considered relative (vs absolute) since it only refers to a field and not a field within a particular document. **Requires:** * Must follow field reference limitations. * Not allowed to be used when writing documents.","type":"string"},"functionValue":{"$ref":"#/$defs/Function","description":"A value that represents an unevaluated expression. **Requires:** * Not allowed to be used when writing documents."},"geoPointValue":{"$ref":"#/$defs/LatLng","description":"A geo point value representing a point on the surface of Earth."},"integerValue":{"description":"An integer value.","format":"int64","type":"string"},"mapValue":{"$ref":"#/$defs/MapValue","description":"A map value."},"nullValue":{"description":"A null value.","enum":["NULL_VALUE"],"type":"string","x-google-enum-descriptions":["Null value."]},"pipelineValue":{"$ref":"#/$defs/Pipeline","description":"A value that represents an unevaluated pipeline. **Requires:** * Not allowed to be used when writing documents."},"referenceValue":{"description":"A reference to a document. For example: `projects/{project_id}/databases/{database_id}/documents/{document_path}`.","type":"string"},"stringValue":{"description":"A string value. The string, represented as UTF-8, must not exceed 1 MiB - 89 bytes. Only the first 1,500 bytes of the UTF-8 representation are considered by queries.","type":"string"},"timestampValue":{"description":"A timestamp value. Precise only to microseconds. When stored, any additional precision is rounded down.","format":"date-time","type":"string"}},"type":"object"}},"description":"A Firestore document. Must not exceed 1 MiB - 4 bytes.","properties":{"createTime":{"description":"Output only. The time at which the document was created. This value increases monotonically when a document is deleted then recreated. It can also be compared to values from other documents and the `read_time` of a query.","format":"date-time","type":"string"},"fields":{"additionalProperties":{"$ref":"#/$defs/Value"},"description":"The document's fields. The map keys represent field names. Field names matching the regular expression `__.*__` are reserved. Reserved field names are forbidden except in certain documented contexts. The field names, represented as UTF-8, must not exceed 1,500 bytes and cannot be empty. Field paths may be used in other contexts to refer to structured fields defined here. For `map_value`, the field path is represented by a dot-delimited (`.`) string of segments. Each segment is either a simple field name (defined below) or a quoted field name. For example, the structured field `\"foo\" : { map_value: { \"x&y\" : { string_value: \"hello\" }}}` would be represented by the field path `` foo.`x&y` ``. A simple field name contains only characters `a` to `z`, `A` to `Z`, `0` to `9`, or `_`, and must not start with `0` to `9`. For example, `foo_bar_17`. A quoted field name starts and ends with `` ` `` and may contain any character. Some characters, including `` ` ``, must be escaped using a `\\`. For example, `` `x&y` `` represents `x&y` and `` `bak\\`tik` `` represents `` bak`tik ``.","type":"object"},"name":{"description":"The resource name of the document, for example `projects/{project_id}/databases/{database_id}/documents/{document_path}`.","type":"string"},"updateTime":{"description":"Output only. The time at which the document was last changed. This value is initially set to the `create_time` then increases monotonically with each change to the document. It can also be compared to values from other documents and the `read_time` of a query.","format":"date-time","type":"string"}},"type":"object"}},{"annotations":{"destructiveHint":true,"idempotentHint":false,"openWorldHint":false,"readOnlyHint":false},"description":"Update a document from a Firestore database.","inputSchema":{"$defs":{"ArrayValue":{"description":"An array value.","properties":{"values":{"description":"Values in the array.","items":{"$ref":"#/$defs/Value"},"type":"array"}},"type":"object"},"Document":{"description":"A Firestore document. Must not exceed 1 MiB - 4 bytes.","properties":{"createTime":{"description":"Output only. The time at which the document was created. This value increases monotonically when a document is deleted then recreated. It can also be compared to values from other documents and the `read_time` of a query.","format":"date-time","type":"string"},"fields":{"additionalProperties":{"$ref":"#/$defs/Value"},"description":"The document's fields. The map keys represent field names. Field names matching the regular expression `__.*__` are reserved. Reserved field names are forbidden except in certain documented contexts. The field names, represented as UTF-8, must not exceed 1,500 bytes and cannot be empty. Field paths may be used in other contexts to refer to structured fields defined here. For `map_value`, the field path is represented by a dot-delimited (`.`) string of segments. Each segment is either a simple field name (defined below) or a quoted field name. For example, the structured field `\"foo\" : { map_value: { \"x&y\" : { string_value: \"hello\" }}}` would be represented by the field path `` foo.`x&y` ``. A simple field name contains only characters `a` to `z`, `A` to `Z`, `0` to `9`, or `_`, and must not start with `0` to `9`. For example, `foo_bar_17`. A quoted field name starts and ends with `` ` `` and may contain any character. Some characters, including `` ` ``, must be escaped using a `\\`. For example, `` `x&y` `` represents `x&y` and `` `bak\\`tik` `` represents `` bak`tik ``.","type":"object"},"name":{"description":"The resource name of the document, for example `projects/{project_id}/databases/{database_id}/documents/{document_path}`.","type":"string"},"updateTime":{"description":"Output only. The time at which the document was last changed. This value is initially set to the `create_time` then increases monotonically with each change to the document. It can also be compared to values from other documents and the `read_time` of a query.","format":"date-time","type":"string"}},"type":"object"},"DocumentMask":{"description":"A set of field paths on a document. Used to restrict a get or update operation on a document to a subset of its fields. This is different from standard field masks, as this is always scoped to a Document, and takes in account the dynamic nature of Value.","properties":{"fieldPaths":{"description":"The list of field paths in the mask. See Document.fields for a field path syntax reference.","items":{"type":"string"},"type":"array"}},"type":"object"},"Function":{"description":"Represents an unevaluated scalar expression. For example, the expression `like(user_name, \"%alice%\")` is represented as: ``` name: \"like\" args { field_reference: \"user_name\" } args { string_value: \"%alice%\" } ```","properties":{"args":{"description":"Optional. Ordered list of arguments the given function expects.","items":{"$ref":"#/$defs/Value"},"type":"array"},"name":{"description":"Required. The name of the function to evaluate. **Requires:** * must be in snake case (lower case with underscore separator).","type":"string"},"options":{"additionalProperties":{"$ref":"#/$defs/Value"},"description":"Optional. Optional named arguments that certain functions may support.","type":"object"}},"required":["name"],"type":"object"},"LatLng":{"description":"An object that represents a latitude/longitude pair. This is expressed as a pair of doubles to represent degrees latitude and degrees longitude. Unless specified otherwise, this object must conform to the WGS84 standard <https://en.wikipedia.org/wiki/World_Geodetic_System#1984_version>. Values must be within normalized ranges.","properties":{"latitude":{"description":"The latitude in degrees. It must be in the range [-90.0, +90.0].","format":"double","type":"number"},"longitude":{"description":"The longitude in degrees. It must be in the range [-180.0, +180.0].","format":"double","type":"number"}},"type":"object"},"MapValue":{"description":"A map value.","properties":{"fields":{"additionalProperties":{"$ref":"#/$defs/Value"},"description":"The map's fields. The map keys represent field names. Field names matching the regular expression `__.*__` are reserved. Reserved field names are forbidden except in certain documented contexts. The map keys, represented as UTF-8, must not exceed 1,500 bytes and cannot be empty.","type":"object"}},"type":"object"},"Pipeline":{"description":"A Firestore query represented as an ordered list of operations / stages.","properties":{"stages":{"description":"Required. Ordered list of stages to evaluate.","items":{"$ref":"#/$defs/Stage"},"type":"array"}},"required":["stages"],"type":"object"},"Precondition":{"description":"A precondition on a document, used for conditional operations.","properties":{"exists":{"description":"When set to `true`, the target document must exist. When set to `false`, the target document must not exist.","type":"boolean"},"updateTime":{"description":"When set, the target document must exist and have been last updated at that time. Timestamp must be microsecond aligned.","format":"date-time","type":"string"}},"type":"object"},"Stage":{"description":"A single operation within a pipeline. A stage is made up of a unique name, and a list of arguments. The exact number of arguments & types is dependent on the stage type. To give an example, the stage `filter(state = \"MD\")` would be encoded as: ``` name: \"filter\" args { function_value { name: \"eq\" args { field_reference_value: \"state\" } args { string_value: \"MD\" } } } ``` See public documentation for the full list.","properties":{"args":{"description":"Optional. Ordered list of arguments the given stage expects.","items":{"$ref":"#/$defs/Value"},"type":"array"},"name":{"description":"Required. The name of the stage to evaluate. **Requires:** * must be in snake case (lower case with underscore separator).","type":"string"},"options":{"additionalProperties":{"$ref":"#/$defs/Value"},"description":"Optional. Optional named arguments that certain functions may support.","type":"object"}},"required":["name"],"type":"object"},"Value":{"description":"A message that can hold any of the supported value types.","properties":{"arrayValue":{"$ref":"#/$defs/ArrayValue","description":"An array value. Cannot directly contain another array value, though can contain a map which contains another array."},"booleanValue":{"description":"A boolean value.","type":"boolean"},"bytesValue":{"description":"A bytes value. Must not exceed 1 MiB - 89 bytes. Only the first 1,500 bytes are considered by queries.","format":"byte","type":"string"},"doubleValue":{"description":"A double value.","format":"double","type":"number"},"fieldReferenceValue":{"description":"Value which references a field. This is considered relative (vs absolute) since it only refers to a field and not a field within a particular document. **Requires:** * Must follow field reference limitations. * Not allowed to be used when writing documents.","type":"string"},"functionValue":{"$ref":"#/$defs/Function","description":"A value that represents an unevaluated expression. **Requires:** * Not allowed to be used when writing documents."},"geoPointValue":{"$ref":"#/$defs/LatLng","description":"A geo point value representing a point on the surface of Earth."},"integerValue":{"description":"An integer value.","format":"int64","type":"string"},"mapValue":{"$ref":"#/$defs/MapValue","description":"A map value."},"nullValue":{"description":"A null value.","enum":["NULL_VALUE"],"type":"string","x-google-enum-descriptions":["Null value."]},"pipelineValue":{"$ref":"#/$defs/Pipeline","description":"A value that represents an unevaluated pipeline. **Requires:** * Not allowed to be used when writing documents."},"referenceValue":{"description":"A reference to a document. For example: `projects/{project_id}/databases/{database_id}/documents/{document_path}`.","type":"string"},"stringValue":{"description":"A string value. The string, represented as UTF-8, must not exceed 1 MiB - 89 bytes. Only the first 1,500 bytes of the UTF-8 representation are considered by queries.","type":"string"},"timestampValue":{"description":"A timestamp value. Precise only to microseconds. When stored, any additional precision is rounded down.","format":"date-time","type":"string"}},"type":"object"}},"description":"The request for Firestore.UpdateDocument.","properties":{"currentDocument":{"$ref":"#/$defs/Precondition","description":"An optional precondition on the document. The request will fail if this is set and not met by the target document."},"document":{"$ref":"#/$defs/Document","description":"Required. The updated document. Creates the document if it does not already exist."},"mask":{"$ref":"#/$defs/DocumentMask","description":"The fields to return. If not set, returns all fields. If the document has a field that is not present in this mask, that field will not be returned in the response."},"updateMask":{"$ref":"#/$defs/DocumentMask","description":"The fields to update. None of the field paths in the mask may contain a reserved name. If the document exists on the server and has fields not referenced in the mask, they are left unchanged. Fields referenced in the mask, but not present in the input document, are deleted from the document on the server."}},"required":["document"],"type":"object"},"name":"update_document","outputSchema":{"$defs":{"ArrayValue":{"description":"An array value.","properties":{"values":{"description":"Values in the array.","items":{"$ref":"#/$defs/Value"},"type":"array"}},"type":"object"},"Function":{"description":"Represents an unevaluated scalar expression. For example, the expression `like(user_name, \"%alice%\")` is represented as: ``` name: \"like\" args { field_reference: \"user_name\" } args { string_value: \"%alice%\" } ```","properties":{"args":{"description":"Optional. Ordered list of arguments the given function expects.","items":{"$ref":"#/$defs/Value"},"type":"array"},"name":{"description":"Required. The name of the function to evaluate. **Requires:** * must be in snake case (lower case with underscore separator).","type":"string"},"options":{"additionalProperties":{"$ref":"#/$defs/Value"},"description":"Optional. Optional named arguments that certain functions may support.","type":"object"}},"type":"object"},"LatLng":{"description":"An object that represents a latitude/longitude pair. This is expressed as a pair of doubles to represent degrees latitude and degrees longitude. Unless specified otherwise, this object must conform to the WGS84 standard <https://en.wikipedia.org/wiki/World_Geodetic_System#1984_version>. Values must be within normalized ranges.","properties":{"latitude":{"description":"The latitude in degrees. It must be in the range [-90.0, +90.0].","format":"double","type":"number"},"longitude":{"description":"The longitude in degrees. It must be in the range [-180.0, +180.0].","format":"double","type":"number"}},"type":"object"},"MapValue":{"description":"A map value.","properties":{"fields":{"additionalProperties":{"$ref":"#/$defs/Value"},"description":"The map's fields. The map keys represent field names. Field names matching the regular expression `__.*__` are reserved. Reserved field names are forbidden except in certain documented contexts. The map keys, represented as UTF-8, must not exceed 1,500 bytes and cannot be empty.","type":"object"}},"type":"object"},"Pipeline":{"description":"A Firestore query represented as an ordered list of operations / stages.","properties":{"stages":{"description":"Required. Ordered list of stages to evaluate.","items":{"$ref":"#/$defs/Stage"},"type":"array"}},"type":"object"},"Stage":{"description":"A single operation within a pipeline. A stage is made up of a unique name, and a list of arguments. The exact number of arguments & types is dependent on the stage type. To give an example, the stage `filter(state = \"MD\")` would be encoded as: ``` name: \"filter\" args { function_value { name: \"eq\" args { field_reference_value: \"state\" } args { string_value: \"MD\" } } } ``` See public documentation for the full list.","properties":{"args":{"description":"Optional. Ordered list of arguments the given stage expects.","items":{"$ref":"#/$defs/Value"},"type":"array"},"name":{"description":"Required. The name of the stage to evaluate. **Requires:** * must be in snake case (lower case with underscore separator).","type":"string"},"options":{"additionalProperties":{"$ref":"#/$defs/Value"},"description":"Optional. Optional named arguments that certain functions may support.","type":"object"}},"type":"object"},"Value":{"description":"A message that can hold any of the supported value types.","properties":{"arrayValue":{"$ref":"#/$defs/ArrayValue","description":"An array value. Cannot directly contain another array value, though can contain a map which contains another array."},"booleanValue":{"description":"A boolean value.","type":"boolean"},"bytesValue":{"description":"A bytes value. Must not exceed 1 MiB - 89 bytes. Only the first 1,500 bytes are considered by queries.","format":"byte","type":"string"},"doubleValue":{"description":"A double value.","format":"double","type":"number"},"fieldReferenceValue":{"description":"Value which references a field. This is considered relative (vs absolute) since it only refers to a field and not a field within a particular document. **Requires:** * Must follow field reference limitations. * Not allowed to be used when writing documents.","type":"string"},"functionValue":{"$ref":"#/$defs/Function","description":"A value that represents an unevaluated expression. **Requires:** * Not allowed to be used when writing documents."},"geoPointValue":{"$ref":"#/$defs/LatLng","description":"A geo point value representing a point on the surface of Earth."},"integerValue":{"description":"An integer value.","format":"int64","type":"string"},"mapValue":{"$ref":"#/$defs/MapValue","description":"A map value."},"nullValue":{"description":"A null value.","enum":["NULL_VALUE"],"type":"string","x-google-enum-descriptions":["Null value."]},"pipelineValue":{"$ref":"#/$defs/Pipeline","description":"A value that represents an unevaluated pipeline. **Requires:** * Not allowed to be used when writing documents."},"referenceValue":{"description":"A reference to a document. For example: `projects/{project_id}/databases/{database_id}/documents/{document_path}`.","type":"string"},"stringValue":{"description":"A string value. The string, represented as UTF-8, must not exceed 1 MiB - 89 bytes. Only the first 1,500 bytes of the UTF-8 representation are considered by queries.","type":"string"},"timestampValue":{"description":"A timestamp value. Precise only to microseconds. When stored, any additional precision is rounded down.","format":"date-time","type":"string"}},"type":"object"}},"description":"A Firestore document. Must not exceed 1 MiB - 4 bytes.","properties":{"createTime":{"description":"Output only. The time at which the document was created. This value increases monotonically when a document is deleted then recreated. It can also be compared to values from other documents and the `read_time` of a query.","format":"date-time","type":"string"},"fields":{"additionalProperties":{"$ref":"#/$defs/Value"},"description":"The document's fields. The map keys represent field names. Field names matching the regular expression `__.*__` are reserved. Reserved field names are forbidden except in certain documented contexts. The field names, represented as UTF-8, must not exceed 1,500 bytes and cannot be empty. Field paths may be used in other contexts to refer to structured fields defined here. For `map_value`, the field path is represented by a dot-delimited (`.`) string of segments. Each segment is either a simple field name (defined below) or a quoted field name. For example, the structured field `\"foo\" : { map_value: { \"x&y\" : { string_value: \"hello\" }}}` would be represented by the field path `` foo.`x&y` ``. A simple field name contains only characters `a` to `z`, `A` to `Z`, `0` to `9`, or `_`, and must not start with `0` to `9`. For example, `foo_bar_17`. A quoted field name starts and ends with `` ` `` and may contain any character. Some characters, including `` ` ``, must be escaped using a `\\`. For example, `` `x&y` `` represents `x&y` and `` `bak\\`tik` `` represents `` bak`tik ``.","type":"object"},"name":{"description":"The resource name of the document, for example `projects/{project_id}/databases/{database_id}/documents/{document_path}`.","type":"string"},"updateTime":{"description":"Output only. The time at which the document was last changed. This value is initially set to the `create_time` then increases monotonically with each change to the document. It can also be compared to values from other documents and the `read_time` of a query.","format":"date-time","type":"string"}},"type":"object"}},{"annotations":{"destructiveHint":true,"idempotentHint":false,"openWorldHint":false,"readOnlyHint":false},"description":"Delete a document from a Firestore database.","inputSchema":{"$defs":{"Precondition":{"description":"A precondition on a document, used for conditional operations.","properties":{"exists":{"description":"When set to `true`, the target document must exist. When set to `false`, the target document must not exist.","type":"boolean"},"updateTime":{"description":"When set, the target document must exist and have been last updated at that time. Timestamp must be microsecond aligned.","format":"date-time","type":"string"}},"type":"object"}},"description":"The request for Firestore.DeleteDocument.","properties":{"currentDocument":{"$ref":"#/$defs/Precondition","description":"An optional precondition on the document. The request will fail if this is set and not met by the target document."},"name":{"description":"Required. The resource name of the Document to delete. In the format: `projects/{project_id}/databases/{database_id}/documents/{document_path}`.","type":"string"}},"required":["name"],"type":"object"},"name":"delete_document","outputSchema":{"description":"A generic empty message that you can re-use to avoid defining duplicated empty messages in your APIs. A typical example is to use it as the request or the response type of an API method. For instance: service Foo { rpc Bar(google.protobuf.Empty) returns (google.protobuf.Empty); }","type":"object"}},{"annotations":{"destructiveHint":true,"idempotentHint":false,"openWorldHint":false,"readOnlyHint":true},"description":"List documents from a Firestore database.","inputSchema":{"$defs":{"DocumentMask":{"description":"A set of field paths on a document. Used to restrict a get or update operation on a document to a subset of its fields. This is different from standard field masks, as this is always scoped to a Document, and takes in account the dynamic nature of Value.","properties":{"fieldPaths":{"description":"The list of field paths in the mask. See Document.fields for a field path syntax reference.","items":{"type":"string"},"type":"array"}},"type":"object"}},"description":"The request for Firestore.ListDocuments.","properties":{"collectionId":{"description":"Optional. The collection ID, relative to `parent`, to list. For example: `chatrooms` or `messages`. This is optional, and when not provided, Firestore will list documents from all collections under the provided `parent`.","type":"string"},"mask":{"$ref":"#/$defs/DocumentMask","description":"Optional. The fields to return. If not set, returns all fields. If a document has a field that is not present in this mask, that field will not be returned in the response."},"orderBy":{"description":"Optional. The optional ordering of the documents to return. For example: `priority desc, __name__ desc`. This mirrors the `ORDER BY` used in Firestore queries but in a string representation. When absent, documents are ordered based on `__name__ ASC`.","type":"string"},"pageSize":{"description":"Optional. The maximum number of documents to return in a single response. Firestore may return fewer than this value.","format":"int32","type":"integer"},"pageToken":{"description":"Optional. A page token, received from a previous `ListDocuments` response. Provide this to retrieve the subsequent page. When paginating, all other parameters (with the exception of `page_size`) must match the values set in the request that generated the page token.","type":"string"},"parent":{"description":"Required. The parent resource name. In the format: `projects/{project_id}/databases/{database_id}/documents` or `projects/{project_id}/databases/{database_id}/documents/{document_path}`. For example: `projects/my-project/databases/my-database/documents` or `projects/my-project/databases/my-database/documents/chatrooms/my-chatroom`","type":"string"},"readTime":{"description":"Perform the read at the provided time. This must be a microsecond precision timestamp within the past one hour, or if Point-in-Time Recovery is enabled, can additionally be a whole minute timestamp within the past 7 days.","format":"date-time","type":"string"},"showMissing":{"description":"If the list should show missing documents. A document is missing if it does not exist, but there are sub-documents nested underneath it. When true, such missing documents will be returned with a key but will not have fields, `create_time`, or `update_time` set. Requests with `show_missing` may not specify `where` or `order_by`.","type":"boolean"},"transaction":{"description":"Perform the read as part of an already active transaction.","format":"byte","type":"string"}},"required":["parent"],"type":"object"},"name":"list_documents","outputSchema":{"$defs":{"ArrayValue":{"description":"An array value.","properties":{"values":{"description":"Values in the array.","items":{"$ref":"#/$defs/Value"},"type":"array"}},"type":"object"},"Document":{"description":"A Firestore document. Must not exceed 1 MiB - 4 bytes.","properties":{"createTime":{"description":"Output only. The time at which the document was created. This value increases monotonically when a document is deleted then recreated. It can also be compared to values from other documents and the `read_time` of a query.","format":"date-time","type":"string"},"fields":{"additionalProperties":{"$ref":"#/$defs/Value"},"description":"The document's fields. The map keys represent field names. Field names matching the regular expression `__.*__` are reserved. Reserved field names are forbidden except in certain documented contexts. The field names, represented as UTF-8, must not exceed 1,500 bytes and cannot be empty. Field paths may be used in other contexts to refer to structured fields defined here. For `map_value`, the field path is represented by a dot-delimited (`.`) string of segments. Each segment is either a simple field name (defined below) or a quoted field name. For example, the structured field `\"foo\" : { map_value: { \"x&y\" : { string_value: \"hello\" }}}` would be represented by the field path `` foo.`x&y` ``. A simple field name contains only characters `a` to `z`, `A` to `Z`, `0` to `9`, or `_`, and must not start with `0` to `9`. For example, `foo_bar_17`. A quoted field name starts and ends with `` ` `` and may contain any character. Some characters, including `` ` ``, must be escaped using a `\\`. For example, `` `x&y` `` represents `x&y` and `` `bak\\`tik` `` represents `` bak`tik ``.","type":"object"},"name":{"description":"The resource name of the document, for example `projects/{project_id}/databases/{database_id}/documents/{document_path}`.","type":"string"},"updateTime":{"description":"Output only. The time at which the document was last changed. This value is initially set to the `create_time` then increases monotonically with each change to the document. It can also be compared to values from other documents and the `read_time` of a query.","format":"date-time","type":"string"}},"type":"object"},"Function":{"description":"Represents an unevaluated scalar expression. For example, the expression `like(user_name, \"%alice%\")` is represented as: ``` name: \"like\" args { field_reference: \"user_name\" } args { string_value: \"%alice%\" } ```","properties":{"args":{"description":"Optional. Ordered list of arguments the given function expects.","items":{"$ref":"#/$defs/Value"},"type":"array"},"name":{"description":"Required. The name of the function to evaluate. **Requires:** * must be in snake case (lower case with underscore separator).","type":"string"},"options":{"additionalProperties":{"$ref":"#/$defs/Value"},"description":"Optional. Optional named arguments that certain functions may support.","type":"object"}},"type":"object"},"LatLng":{"description":"An object that represents a latitude/longitude pair. This is expressed as a pair of doubles to represent degrees latitude and degrees longitude. Unless specified otherwise, this object must conform to the WGS84 standard <https://en.wikipedia.org/wiki/World_Geodetic_System#1984_version>. Values must be within normalized ranges.","properties":{"latitude":{"description":"The latitude in degrees. It must be in the range [-90.0, +90.0].","format":"double","type":"number"},"longitude":{"description":"The longitude in degrees. It must be in the range [-180.0, +180.0].","format":"double","type":"number"}},"type":"object"},"MapValue":{"description":"A map value.","properties":{"fields":{"additionalProperties":{"$ref":"#/$defs/Value"},"description":"The map's fields. The map keys represent field names. Field names matching the regular expression `__.*__` are reserved. Reserved field names are forbidden except in certain documented contexts. The map keys, represented as UTF-8, must not exceed 1,500 bytes and cannot be empty.","type":"object"}},"type":"object"},"Pipeline":{"description":"A Firestore query represented as an ordered list of operations / stages.","properties":{"stages":{"description":"Required. Ordered list of stages to evaluate.","items":{"$ref":"#/$defs/Stage"},"type":"array"}},"type":"object"},"Stage":{"description":"A single operation within a pipeline. A stage is made up of a unique name, and a list of arguments. The exact number of arguments & types is dependent on the stage type. To give an example, the stage `filter(state = \"MD\")` would be encoded as: ``` name: \"filter\" args { function_value { name: \"eq\" args { field_reference_value: \"state\" } args { string_value: \"MD\" } } } ``` See public documentation for the full list.","properties":{"args":{"description":"Optional. Ordered list of arguments the given stage expects.","items":{"$ref":"#/$defs/Value"},"type":"array"},"name":{"description":"Required. The name of the stage to evaluate. **Requires:** * must be in snake case (lower case with underscore separator).","type":"string"},"options":{"additionalProperties":{"$ref":"#/$defs/Value"},"description":"Optional. Optional named arguments that certain functions may support.","type":"object"}},"type":"object"},"Value":{"description":"A message that can hold any of the supported value types.","properties":{"arrayValue":{"$ref":"#/$defs/ArrayValue","description":"An array value. Cannot directly contain another array value, though can contain a map which contains another array."},"booleanValue":{"description":"A boolean value.","type":"boolean"},"bytesValue":{"description":"A bytes value. Must not exceed 1 MiB - 89 bytes. Only the first 1,500 bytes are considered by queries.","format":"byte","type":"string"},"doubleValue":{"description":"A double value.","format":"double","type":"number"},"fieldReferenceValue":{"description":"Value which references a field. This is considered relative (vs absolute) since it only refers to a field and not a field within a particular document. **Requires:** * Must follow field reference limitations. * Not allowed to be used when writing documents.","type":"string"},"functionValue":{"$ref":"#/$defs/Function","description":"A value that represents an unevaluated expression. **Requires:** * Not allowed to be used when writing documents."},"geoPointValue":{"$ref":"#/$defs/LatLng","description":"A geo point value representing a point on the surface of Earth."},"integerValue":{"description":"An integer value.","format":"int64","type":"string"},"mapValue":{"$ref":"#/$defs/MapValue","description":"A map value."},"nullValue":{"description":"A null value.","enum":["NULL_VALUE"],"type":"string","x-google-enum-descriptions":["Null value."]},"pipelineValue":{"$ref":"#/$defs/Pipeline","description":"A value that represents an unevaluated pipeline. **Requires:** * Not allowed to be used when writing documents."},"referenceValue":{"description":"A reference to a document. For example: `projects/{project_id}/databases/{database_id}/documents/{document_path}`.","type":"string"},"stringValue":{"description":"A string value. The string, represented as UTF-8, must not exceed 1 MiB - 89 bytes. Only the first 1,500 bytes of the UTF-8 representation are considered by queries.","type":"string"},"timestampValue":{"description":"A timestamp value. Precise only to microseconds. When stored, any additional precision is rounded down.","format":"date-time","type":"string"}},"type":"object"}},"description":"The response for Firestore.ListDocuments.","properties":{"documents":{"description":"The Documents found.","items":{"$ref":"#/$defs/Document"},"type":"array"},"nextPageToken":{"description":"A token to retrieve the next page of documents. If this field is omitted, there are no subsequent pages.","type":"string"}},"type":"object"}},{"annotations":{"destructiveHint":true,"idempotentHint":false,"openWorldHint":false,"readOnlyHint":true},"description":"List all the collection IDs underneath a document.","inputSchema":{"description":"The request for Firestore.ListCollectionIds.","properties":{"pageSize":{"description":"The maximum number of results to return.","format":"int32","type":"integer"},"pageToken":{"description":"A page token. Must be a value from ListCollectionIdsResponse.","type":"string"},"parent":{"description":"Required. The parent document. In the format: `projects/{project_id}/databases/{database_id}/documents/{document_path}`. For example: `projects/my-project/databases/my-database/documents/chatrooms/my-chatroom`","type":"string"},"readTime":{"description":"Reads documents as they were at the given time. This must be a microsecond precision timestamp within the past one hour, or if Point-in-Time Recovery is enabled, can additionally be a whole minute timestamp within the past 7 days.","format":"date-time","type":"string"}},"required":["parent"],"type":"object"},"name":"list_collections","outputSchema":{"description":"The response from Firestore.ListCollectionIds.","properties":{"collectionIds":{"description":"The collection ids.","items":{"type":"string"},"type":"array"},"nextPageToken":{"description":"A page token that may be used to continue the list.","type":"string"}},"type":"object"}},{"annotations":{"destructiveHint":true,"idempotentHint":false,"openWorldHint":false,"readOnlyHint":false},"description":"Create a Firestore database.","inputSchema":{"$defs":{"BackupSource":{"description":"Information about a backup that was used to restore a database.","properties":{"backup":{"description":"The resource name of the backup that was used to restore this database. Format: `projects/{project}/locations/{location}/backups/{backup}`.","type":"string"}},"type":"object"},"CmekConfig":{"description":"The CMEK (Customer Managed Encryption Key) configuration for a Firestore database. If not present, the database is secured by the default Google encryption key.","properties":{"activeKeyVersion":{"description":"Output only. Currently in-use [KMS key versions](https://cloud.google.com/kms/docs/resource-hierarchy#key_versions). During [key rotation](https://cloud.google.com/kms/docs/key-rotation), there can be multiple in-use key versions. The expected format is `projects/{project_id}/locations/{kms_location}/keyRings/{key_ring}/cryptoKeys/{crypto_key}/cryptoKeyVersions/{key_version}`.","items":{"type":"string"},"readOnly":true,"type":"array"},"kmsKeyName":{"description":"Required. Only keys in the same location as this database are allowed to be used for encryption. For Firestore's nam5 multi-region, this corresponds to Cloud KMS multi-region us. For Firestore's eur3 multi-region, this corresponds to Cloud KMS multi-region europe. See https://cloud.google.com/kms/docs/locations. The expected format is `projects/{project_id}/locations/{kms_location}/keyRings/{key_ring}/cryptoKeys/{crypto_key}`.","type":"string"}},"required":["kmsKeyName"],"type":"object"},"Database":{"description":"A Cloud Firestore Database.","properties":{"appEngineIntegrationMode":{"description":"The App Engine integration mode to use for this database.","enum":["APP_ENGINE_INTEGRATION_MODE_UNSPECIFIED","ENABLED","DISABLED"],"type":"string","x-google-enum-descriptions":["Not used.","If an App Engine application exists in the same region as this database, App Engine configuration will impact this database. This includes disabling of the application & database, as well as disabling writes to the database.","App Engine has no effect on the ability of this database to serve requests. This is the default setting for databases created with the Firestore API."]},"cmekConfig":{"$ref":"#/$defs/CmekConfig","description":"Optional. Presence indicates CMEK is enabled for this database."},"concurrencyMode":{"description":"The concurrency control mode to use for this database. If unspecified in a CreateDatabase request, this will default based on the database edition: Optimistic for Enterprise and Pessimistic for all other databases.","enum":["CONCURRENCY_MODE_UNSPECIFIED","OPTIMISTIC","PESSIMISTIC","OPTIMISTIC_WITH_ENTITY_GROUPS"],"type":"string","x-google-enum-descriptions":["Not used.","Use optimistic concurrency control by default. This mode is available for Cloud Firestore databases. This is the default setting for Cloud Firestore Enterprise Edition databases.","Use pessimistic concurrency control by default. This mode is available for Cloud Firestore databases. This is the default setting for Cloud Firestore Standard Edition databases.","Use optimistic concurrency control with entity groups by default. This mode is enabled for some databases that were automatically upgraded from Cloud Datastore to Cloud Firestore with Datastore Mode. It is not recommended for any new databases, and not supported for Firestore Native databases."]},"createTime":{"description":"Output only. The timestamp at which this database was created. Databases created before 2016 do not populate create_time.","format":"date-time","readOnly":true,"type":"string"},"databaseEdition":{"description":"Immutable. The edition of the database.","enum":["DATABASE_EDITION_UNSPECIFIED","STANDARD","ENTERPRISE"],"type":"string","x-google-enum-descriptions":["Not used.","Standard edition. This is the default setting if not specified.","Enterprise edition."],"x-google-immutable":true},"deleteProtectionState":{"description":"State of delete protection for the database.","enum":["DELETE_PROTECTION_STATE_UNSPECIFIED","DELETE_PROTECTION_DISABLED","DELETE_PROTECTION_ENABLED"],"type":"string","x-google-enum-descriptions":["The default value. Delete protection type is not specified","Delete protection is disabled","Delete protection is enabled"]},"deleteTime":{"description":"Output only. The timestamp at which this database was deleted. Only set if the database has been deleted.","format":"date-time","readOnly":true,"type":"string"},"earliestVersionTime":{"description":"Output only. The earliest timestamp at which older versions of the data can be read from the database. See [version_retention_period] above; this field is populated with `now - version_retention_period`. This value is continuously updated, and becomes stale the moment it is queried. If you are using this value to recover data, make sure to account for the time from the moment when the value is queried to the moment when you initiate the recovery.","format":"date-time","readOnly":true,"type":"string"},"etag":{"description":"This checksum is computed by the server based on the value of other fields, and may be sent on update and delete requests to ensure the client has an up-to-date value before proceeding.","type":"string"},"firestoreDataAccessMode":{"description":"Optional. The Firestore API data access mode to use for this database. If not set on write: - the default value is DATA_ACCESS_MODE_DISABLED for Enterprise Edition. - the default value is DATA_ACCESS_MODE_ENABLED for Standard Edition.","enum":["DATA_ACCESS_MODE_UNSPECIFIED","DATA_ACCESS_MODE_ENABLED","DATA_ACCESS_MODE_DISABLED"],"type":"string","x-google-enum-descriptions":["Not Used.","Accessing the database through the API is allowed.","Accessing the database through the API is disallowed."]},"freeTier":{"description":"Output only. Background: Free tier is the ability of a Firestore database to use a small amount of resources every day without being charged. Once usage exceeds the free tier limit further usage is charged. Whether this database can make use of the free tier. Only one database per project can be eligible for the free tier. The first (or next) database that is created in a project without a free tier database will be marked as eligible for the free tier. Databases that are created while there is a free tier database will not be eligible for the free tier.","readOnly":true,"type":"boolean"},"keyPrefix":{"description":"Output only. The key_prefix for this database. This key_prefix is used, in combination with the project ID (\"~\") to construct the application ID that is returned from the Cloud Datastore APIs in Google App Engine first generation runtimes. This value may be empty in which case the appid to use for URL-encoded keys is the project_id (eg: foo instead of v~foo).","readOnly":true,"type":"string"},"locationId":{"description":"The location of the database. Available locations are listed at https://cloud.google.com/firestore/docs/locations.","type":"string"},"mongodbCompatibleDataAccessMode":{"description":"Optional. The MongoDB compatible API data access mode to use for this database. If not set on write, the default value is DATA_ACCESS_MODE_ENABLED for Enterprise Edition. The value is always DATA_ACCESS_MODE_DISABLED for Standard Edition.","enum":["DATA_ACCESS_MODE_UNSPECIFIED","DATA_ACCESS_MODE_ENABLED","DATA_ACCESS_MODE_DISABLED"],"type":"string","x-google-enum-descriptions":["Not Used.","Accessing the database through the API is allowed.","Accessing the database through the API is disallowed."]},"name":{"description":"The resource name of the Database. Format: `projects/{project}/databases/{database}`","type":"string"},"pointInTimeRecoveryEnablement":{"description":"Whether to enable the PITR feature on this database.","enum":["POINT_IN_TIME_RECOVERY_ENABLEMENT_UNSPECIFIED","POINT_IN_TIME_RECOVERY_ENABLED","POINT_IN_TIME_RECOVERY_DISABLED"],"type":"string","x-google-enum-descriptions":["Not used.","Reads are supported on selected versions of the data from within the past 7 days: * Reads against any timestamp within the past hour * Reads against 1-minute snapshots beyond 1 hour and within 7 days `version_retention_period` and `earliest_version_time` can be used to determine the supported versions.","Reads are supported on any version of the data from within the past 1 hour."]},"previousId":{"description":"Output only. The database resource's prior database ID. This field is only populated for deleted databases.","readOnly":true,"type":"string"},"realtimeUpdatesMode":{"description":"Immutable. The default Realtime Updates mode to use for this database.","enum":["REALTIME_UPDATES_MODE_UNSPECIFIED","REALTIME_UPDATES_MODE_ENABLED","REALTIME_UPDATES_MODE_DISABLED"],"type":"string","x-google-enum-descriptions":["The Realtime Updates feature is not specified.","The Realtime Updates feature is enabled by default. This could potentially degrade write performance for the database.","The Realtime Updates feature is disabled by default."],"x-google-immutable":true},"sourceInfo":{"$ref":"#/$defs/SourceInfo","description":"Output only. Information about the provenance of this database.","readOnly":true},"tags":{"additionalProperties":{"type":"string"},"description":"Optional. Input only. Immutable. Tag keys/values directly bound to this resource. For example: \"123/environment\": \"production\", \"123/costCenter\": \"marketing\"","type":"object","writeOnly":true,"x-google-immutable":true},"type":{"description":"The type of the database. See https://cloud.google.com/datastore/docs/firestore-or-datastore for information about how to choose.","enum":["DATABASE_TYPE_UNSPECIFIED","FIRESTORE_NATIVE","DATASTORE_MODE"],"type":"string","x-google-enum-descriptions":["Not used.","Firestore Native Mode","Firestore in Datastore Mode."]},"uid":{"description":"Output only. The system-generated UUID4 for this Database.","readOnly":true,"type":"string"},"updateTime":{"description":"Output only. The timestamp at which this database was most recently updated. Note this only includes updates to the database resource and not data contained by the database.","format":"date-time","readOnly":true,"type":"string"},"versionRetentionPeriod":{"description":"Output only. The period during which past versions of data are retained in the database. Any read or query can specify a `read_time` within this window, and will read the state of the database at that time. If the PITR feature is enabled, the retention period is 7 days. Otherwise, the retention period is 1 hour.","format":"google-duration","readOnly":true,"type":"string"}},"type":"object"},"SourceInfo":{"description":"Information about the provenance of this database.","properties":{"backup":{"$ref":"#/$defs/BackupSource","description":"If set, this database was restored from the specified backup (or a snapshot thereof)."},"operation":{"description":"The associated long-running operation. This field may not be set after the operation has completed. Format: `projects/{project}/databases/{database}/operations/{operation}`.","type":"string"}},"type":"object"}},"description":"The request for FirestoreAdmin.CreateDatabase.","properties":{"database":{"$ref":"#/$defs/Database","description":"Required. The Database to create."},"databaseId":{"description":"Required. The ID to use for the database, which will become the final component of the database's resource name. This value should be 4-63 characters. Valid characters are /a-z-/ with first character a letter and the last a letter or a number. Must not be UUID-like /[0-9a-f]{8}(-[0-9a-f]{4}){3}-[0-9a-f]{12}/. \"(default)\" database ID is also valid if the database is Standard edition.","type":"string"},"parent":{"description":"Required. A parent name of the form `projects/{project_id}`","type":"string"}},"required":["parent","database","databaseId"],"type":"object"},"name":"create_database","outputSchema":{"$defs":{"Status":{"description":"The `Status` type defines a logical error model that is suitable for different programming environments, including REST APIs and RPC APIs. It is used by [gRPC](https://github.com/grpc). Each `Status` message contains three pieces of data: error code, error message, and error details. You can find out more about this error model and how to work with it in the [API Design Guide](https://cloud.google.com/apis/design/errors).","properties":{"code":{"description":"The status code, which should be an enum value of google.rpc.Code.","format":"int32","type":"integer"},"details":{"description":"A list of messages that carry the error details. There is a common set of message types for APIs to use.","items":{"additionalProperties":{"description":"Properties of the object. Contains field @type with type URL."},"type":"object"},"type":"array"},"message":{"description":"A developer-facing error message, which should be in English. Any user-facing error message should be localized and sent in the google.rpc.Status.details field, or localized by the client.","type":"string"}},"type":"object"}},"description":"This resource represents a long-running operation that is the result of a network API call.","properties":{"done":{"description":"If the value is `false`, it means the operation is still in progress. If `true`, the operation is completed, and either `error` or `response` is available.","type":"boolean"},"error":{"$ref":"#/$defs/Status","description":"The error result of the operation in case of failure or cancellation."},"metadata":{"additionalProperties":{"description":"Properties of the object. Contains field @type with type URL."},"description":"Service-specific metadata associated with the operation. It typically contains progress information and common metadata such as create time. Some services might not provide such metadata. Any method that returns a long-running operation should document the metadata type, if any.","type":"object"},"name":{"description":"The server-assigned name, which is only unique within the same service that originally returns it. If you use the default HTTP mapping, the `name` should be a resource name ending with `operations/{unique_id}`.","type":"string"},"response":{"additionalProperties":{"description":"Properties of the object. Contains field @type with type URL."},"description":"The normal, successful response of the operation. If the original method returns no data on success, such as `Delete`, the response is `google.protobuf.Empty`. If the original method is standard `Get`/`Create`/`Update`, the response should be the resource. For other methods, the response should have the type `XxxResponse`, where `Xxx` is the original method name. For example, if the original method name is `TakeSnapshot()`, the inferred response type is `TakeSnapshotResponse`.","type":"object"}},"type":"object"}},{"annotations":{"destructiveHint":true,"idempotentHint":false,"openWorldHint":false,"readOnlyHint":true},"description":"Get a Firestore database.","inputSchema":{"description":"The request for FirestoreAdmin.GetDatabase.","properties":{"name":{"description":"Required. A name of the form `projects/{project_id}/databases/{database_id}`","type":"string"}},"required":["name"],"type":"object"},"name":"get_database","outputSchema":{"$defs":{"BackupSource":{"description":"Information about a backup that was used to restore a database.","properties":{"backup":{"description":"The resource name of the backup that was used to restore this database. Format: `projects/{project}/locations/{location}/backups/{backup}`.","type":"string"}},"type":"object"},"CmekConfig":{"description":"The CMEK (Customer Managed Encryption Key) configuration for a Firestore database. If not present, the database is secured by the default Google encryption key.","properties":{"activeKeyVersion":{"description":"Output only. Currently in-use [KMS key versions](https://cloud.google.com/kms/docs/resource-hierarchy#key_versions). During [key rotation](https://cloud.google.com/kms/docs/key-rotation), there can be multiple in-use key versions. The expected format is `projects/{project_id}/locations/{kms_location}/keyRings/{key_ring}/cryptoKeys/{crypto_key}/cryptoKeyVersions/{key_version}`.","items":{"type":"string"},"readOnly":true,"type":"array"},"kmsKeyName":{"description":"Required. Only keys in the same location as this database are allowed to be used for encryption. For Firestore's nam5 multi-region, this corresponds to Cloud KMS multi-region us. For Firestore's eur3 multi-region, this corresponds to Cloud KMS multi-region europe. See https://cloud.google.com/kms/docs/locations. The expected format is `projects/{project_id}/locations/{kms_location}/keyRings/{key_ring}/cryptoKeys/{crypto_key}`.","type":"string"}},"type":"object"},"SourceInfo":{"description":"Information about the provenance of this database.","properties":{"backup":{"$ref":"#/$defs/BackupSource","description":"If set, this database was restored from the specified backup (or a snapshot thereof)."},"operation":{"description":"The associated long-running operation. This field may not be set after the operation has completed. Format: `projects/{project}/databases/{database}/operations/{operation}`.","type":"string"}},"type":"object"}},"description":"A Cloud Firestore Database.","properties":{"appEngineIntegrationMode":{"description":"The App Engine integration mode to use for this database.","enum":["APP_ENGINE_INTEGRATION_MODE_UNSPECIFIED","ENABLED","DISABLED"],"type":"string","x-google-enum-descriptions":["Not used.","If an App Engine application exists in the same region as this database, App Engine configuration will impact this database. This includes disabling of the application & database, as well as disabling writes to the database.","App Engine has no effect on the ability of this database to serve requests. This is the default setting for databases created with the Firestore API."]},"cmekConfig":{"$ref":"#/$defs/CmekConfig","description":"Optional. Presence indicates CMEK is enabled for this database."},"concurrencyMode":{"description":"The concurrency control mode to use for this database. If unspecified in a CreateDatabase request, this will default based on the database edition: Optimistic for Enterprise and Pessimistic for all other databases.","enum":["CONCURRENCY_MODE_UNSPECIFIED","OPTIMISTIC","PESSIMISTIC","OPTIMISTIC_WITH_ENTITY_GROUPS"],"type":"string","x-google-enum-descriptions":["Not used.","Use optimistic concurrency control by default. This mode is available for Cloud Firestore databases. This is the default setting for Cloud Firestore Enterprise Edition databases.","Use pessimistic concurrency control by default. This mode is available for Cloud Firestore databases. This is the default setting for Cloud Firestore Standard Edition databases.","Use optimistic concurrency control with entity groups by default. This mode is enabled for some databases that were automatically upgraded from Cloud Datastore to Cloud Firestore with Datastore Mode. It is not recommended for any new databases, and not supported for Firestore Native databases."]},"createTime":{"description":"Output only. The timestamp at which this database was created. Databases created before 2016 do not populate create_time.","format":"date-time","readOnly":true,"type":"string"},"databaseEdition":{"description":"Immutable. The edition of the database.","enum":["DATABASE_EDITION_UNSPECIFIED","STANDARD","ENTERPRISE"],"type":"string","x-google-enum-descriptions":["Not used.","Standard edition. This is the default setting if not specified.","Enterprise edition."],"x-google-immutable":true},"deleteProtectionState":{"description":"State of delete protection for the database.","enum":["DELETE_PROTECTION_STATE_UNSPECIFIED","DELETE_PROTECTION_DISABLED","DELETE_PROTECTION_ENABLED"],"type":"string","x-google-enum-descriptions":["The default value. Delete protection type is not specified","Delete protection is disabled","Delete protection is enabled"]},"deleteTime":{"description":"Output only. The timestamp at which this database was deleted. Only set if the database has been deleted.","format":"date-time","readOnly":true,"type":"string"},"earliestVersionTime":{"description":"Output only. The earliest timestamp at which older versions of the data can be read from the database. See [version_retention_period] above; this field is populated with `now - version_retention_period`. This value is continuously updated, and becomes stale the moment it is queried. If you are using this value to recover data, make sure to account for the time from the moment when the value is queried to the moment when you initiate the recovery.","format":"date-time","readOnly":true,"type":"string"},"etag":{"description":"This checksum is computed by the server based on the value of other fields, and may be sent on update and delete requests to ensure the client has an up-to-date value before proceeding.","type":"string"},"firestoreDataAccessMode":{"description":"Optional. The Firestore API data access mode to use for this database. If not set on write: - the default value is DATA_ACCESS_MODE_DISABLED for Enterprise Edition. - the default value is DATA_ACCESS_MODE_ENABLED for Standard Edition.","enum":["DATA_ACCESS_MODE_UNSPECIFIED","DATA_ACCESS_MODE_ENABLED","DATA_ACCESS_MODE_DISABLED"],"type":"string","x-google-enum-descriptions":["Not Used.","Accessing the database through the API is allowed.","Accessing the database through the API is disallowed."]},"freeTier":{"description":"Output only. Background: Free tier is the ability of a Firestore database to use a small amount of resources every day without being charged. Once usage exceeds the free tier limit further usage is charged. Whether this database can make use of the free tier. Only one database per project can be eligible for the free tier. The first (or next) database that is created in a project without a free tier database will be marked as eligible for the free tier. Databases that are created while there is a free tier database will not be eligible for the free tier.","readOnly":true,"type":"boolean"},"keyPrefix":{"description":"Output only. The key_prefix for this database. This key_prefix is used, in combination with the project ID (\"~\") to construct the application ID that is returned from the Cloud Datastore APIs in Google App Engine first generation runtimes. This value may be empty in which case the appid to use for URL-encoded keys is the project_id (eg: foo instead of v~foo).","readOnly":true,"type":"string"},"locationId":{"description":"The location of the database. Available locations are listed at https://cloud.google.com/firestore/docs/locations.","type":"string"},"mongodbCompatibleDataAccessMode":{"description":"Optional. The MongoDB compatible API data access mode to use for this database. If not set on write, the default value is DATA_ACCESS_MODE_ENABLED for Enterprise Edition. The value is always DATA_ACCESS_MODE_DISABLED for Standard Edition.","enum":["DATA_ACCESS_MODE_UNSPECIFIED","DATA_ACCESS_MODE_ENABLED","DATA_ACCESS_MODE_DISABLED"],"type":"string","x-google-enum-descriptions":["Not Used.","Accessing the database through the API is allowed.","Accessing the database through the API is disallowed."]},"name":{"description":"The resource name of the Database. Format: `projects/{project}/databases/{database}`","type":"string"},"pointInTimeRecoveryEnablement":{"description":"Whether to enable the PITR feature on this database.","enum":["POINT_IN_TIME_RECOVERY_ENABLEMENT_UNSPECIFIED","POINT_IN_TIME_RECOVERY_ENABLED","POINT_IN_TIME_RECOVERY_DISABLED"],"type":"string","x-google-enum-descriptions":["Not used.","Reads are supported on selected versions of the data from within the past 7 days: * Reads against any timestamp within the past hour * Reads against 1-minute snapshots beyond 1 hour and within 7 days `version_retention_period` and `earliest_version_time` can be used to determine the supported versions.","Reads are supported on any version of the data from within the past 1 hour."]},"previousId":{"description":"Output only. The database resource's prior database ID. This field is only populated for deleted databases.","readOnly":true,"type":"string"},"realtimeUpdatesMode":{"description":"Immutable. The default Realtime Updates mode to use for this database.","enum":["REALTIME_UPDATES_MODE_UNSPECIFIED","REALTIME_UPDATES_MODE_ENABLED","REALTIME_UPDATES_MODE_DISABLED"],"type":"string","x-google-enum-descriptions":["The Realtime Updates feature is not specified.","The Realtime Updates feature is enabled by default. This could potentially degrade write performance for the database.","The Realtime Updates feature is disabled by default."],"x-google-immutable":true},"sourceInfo":{"$ref":"#/$defs/SourceInfo","description":"Output only. Information about the provenance of this database.","readOnly":true},"tags":{"additionalProperties":{"type":"string"},"description":"Optional. Input only. Immutable. Tag keys/values directly bound to this resource. For example: \"123/environment\": \"production\", \"123/costCenter\": \"marketing\"","type":"object","writeOnly":true,"x-google-immutable":true},"type":{"description":"The type of the database. See https://cloud.google.com/datastore/docs/firestore-or-datastore for information about how to choose.","enum":["DATABASE_TYPE_UNSPECIFIED","FIRESTORE_NATIVE","DATASTORE_MODE"],"type":"string","x-google-enum-descriptions":["Not used.","Firestore Native Mode","Firestore in Datastore Mode."]},"uid":{"description":"Output only. The system-generated UUID4 for this Database.","readOnly":true,"type":"string"},"updateTime":{"description":"Output only. The timestamp at which this database was most recently updated. Note this only includes updates to the database resource and not data contained by the database.","format":"date-time","readOnly":true,"type":"string"},"versionRetentionPeriod":{"description":"Output only. The period during which past versions of data are retained in the database. Any read or query can specify a `read_time` within this window, and will read the state of the database at that time. If the PITR feature is enabled, the retention period is 7 days. Otherwise, the retention period is 1 hour.","format":"google-duration","readOnly":true,"type":"string"}},"type":"object"}},{"annotations":{"destructiveHint":true,"idempotentHint":false,"openWorldHint":false,"readOnlyHint":true},"description":"List Firestore databases.","inputSchema":{"description":"A request to list the Firestore Databases in all locations for a project.","properties":{"parent":{"description":"Required. A parent name of the form `projects/{project_id}`","type":"string"},"showDeleted":{"description":"If true, also returns deleted resources.","type":"boolean"}},"required":["parent"],"type":"object"},"name":"list_databases","outputSchema":{"$defs":{"BackupSource":{"description":"Information about a backup that was used to restore a database.","properties":{"backup":{"description":"The resource name of the backup that was used to restore this database. Format: `projects/{project}/locations/{location}/backups/{backup}`.","type":"string"}},"type":"object"},"CmekConfig":{"description":"The CMEK (Customer Managed Encryption Key) configuration for a Firestore database. If not present, the database is secured by the default Google encryption key.","properties":{"activeKeyVersion":{"description":"Output only. Currently in-use [KMS key versions](https://cloud.google.com/kms/docs/resource-hierarchy#key_versions). During [key rotation](https://cloud.google.com/kms/docs/key-rotation), there can be multiple in-use key versions. The expected format is `projects/{project_id}/locations/{kms_location}/keyRings/{key_ring}/cryptoKeys/{crypto_key}/cryptoKeyVersions/{key_version}`.","items":{"type":"string"},"readOnly":true,"type":"array"},"kmsKeyName":{"description":"Required. Only keys in the same location as this database are allowed to be used for encryption. For Firestore's nam5 multi-region, this corresponds to Cloud KMS multi-region us. For Firestore's eur3 multi-region, this corresponds to Cloud KMS multi-region europe. See https://cloud.google.com/kms/docs/locations. The expected format is `projects/{project_id}/locations/{kms_location}/keyRings/{key_ring}/cryptoKeys/{crypto_key}`.","type":"string"}},"type":"object"},"Database":{"description":"A Cloud Firestore Database.","properties":{"appEngineIntegrationMode":{"description":"The App Engine integration mode to use for this database.","enum":["APP_ENGINE_INTEGRATION_MODE_UNSPECIFIED","ENABLED","DISABLED"],"type":"string","x-google-enum-descriptions":["Not used.","If an App Engine application exists in the same region as this database, App Engine configuration will impact this database. This includes disabling of the application & database, as well as disabling writes to the database.","App Engine has no effect on the ability of this database to serve requests. This is the default setting for databases created with the Firestore API."]},"cmekConfig":{"$ref":"#/$defs/CmekConfig","description":"Optional. Presence indicates CMEK is enabled for this database."},"concurrencyMode":{"description":"The concurrency control mode to use for this database. If unspecified in a CreateDatabase request, this will default based on the database edition: Optimistic for Enterprise and Pessimistic for all other databases.","enum":["CONCURRENCY_MODE_UNSPECIFIED","OPTIMISTIC","PESSIMISTIC","OPTIMISTIC_WITH_ENTITY_GROUPS"],"type":"string","x-google-enum-descriptions":["Not used.","Use optimistic concurrency control by default. This mode is available for Cloud Firestore databases. This is the default setting for Cloud Firestore Enterprise Edition databases.","Use pessimistic concurrency control by default. This mode is available for Cloud Firestore databases. This is the default setting for Cloud Firestore Standard Edition databases.","Use optimistic concurrency control with entity groups by default. This mode is enabled for some databases that were automatically upgraded from Cloud Datastore to Cloud Firestore with Datastore Mode. It is not recommended for any new databases, and not supported for Firestore Native databases."]},"createTime":{"description":"Output only. The timestamp at which this database was created. Databases created before 2016 do not populate create_time.","format":"date-time","readOnly":true,"type":"string"},"databaseEdition":{"description":"Immutable. The edition of the database.","enum":["DATABASE_EDITION_UNSPECIFIED","STANDARD","ENTERPRISE"],"type":"string","x-google-enum-descriptions":["Not used.","Standard edition. This is the default setting if not specified.","Enterprise edition."],"x-google-immutable":true},"deleteProtectionState":{"description":"State of delete protection for the database.","enum":["DELETE_PROTECTION_STATE_UNSPECIFIED","DELETE_PROTECTION_DISABLED","DELETE_PROTECTION_ENABLED"],"type":"string","x-google-enum-descriptions":["The default value. Delete protection type is not specified","Delete protection is disabled","Delete protection is enabled"]},"deleteTime":{"description":"Output only. The timestamp at which this database was deleted. Only set if the database has been deleted.","format":"date-time","readOnly":true,"type":"string"},"earliestVersionTime":{"description":"Output only. The earliest timestamp at which older versions of the data can be read from the database. See [version_retention_period] above; this field is populated with `now - version_retention_period`. This value is continuously updated, and becomes stale the moment it is queried. If you are using this value to recover data, make sure to account for the time from the moment when the value is queried to the moment when you initiate the recovery.","format":"date-time","readOnly":true,"type":"string"},"etag":{"description":"This checksum is computed by the server based on the value of other fields, and may be sent on update and delete requests to ensure the client has an up-to-date value before proceeding.","type":"string"},"firestoreDataAccessMode":{"description":"Optional. The Firestore API data access mode to use for this database. If not set on write: - the default value is DATA_ACCESS_MODE_DISABLED for Enterprise Edition. - the default value is DATA_ACCESS_MODE_ENABLED for Standard Edition.","enum":["DATA_ACCESS_MODE_UNSPECIFIED","DATA_ACCESS_MODE_ENABLED","DATA_ACCESS_MODE_DISABLED"],"type":"string","x-google-enum-descriptions":["Not Used.","Accessing the database through the API is allowed.","Accessing the database through the API is disallowed."]},"freeTier":{"description":"Output only. Background: Free tier is the ability of a Firestore database to use a small amount of resources every day without being charged. Once usage exceeds the free tier limit further usage is charged. Whether this database can make use of the free tier. Only one database per project can be eligible for the free tier. The first (or next) database that is created in a project without a free tier database will be marked as eligible for the free tier. Databases that are created while there is a free tier database will not be eligible for the free tier.","readOnly":true,"type":"boolean"},"keyPrefix":{"description":"Output only. The key_prefix for this database. This key_prefix is used, in combination with the project ID (\"~\") to construct the application ID that is returned from the Cloud Datastore APIs in Google App Engine first generation runtimes. This value may be empty in which case the appid to use for URL-encoded keys is the project_id (eg: foo instead of v~foo).","readOnly":true,"type":"string"},"locationId":{"description":"The location of the database. Available locations are listed at https://cloud.google.com/firestore/docs/locations.","type":"string"},"mongodbCompatibleDataAccessMode":{"description":"Optional. The MongoDB compatible API data access mode to use for this database. If not set on write, the default value is DATA_ACCESS_MODE_ENABLED for Enterprise Edition. The value is always DATA_ACCESS_MODE_DISABLED for Standard Edition.","enum":["DATA_ACCESS_MODE_UNSPECIFIED","DATA_ACCESS_MODE_ENABLED","DATA_ACCESS_MODE_DISABLED"],"type":"string","x-google-enum-descriptions":["Not Used.","Accessing the database through the API is allowed.","Accessing the database through the API is disallowed."]},"name":{"description":"The resource name of the Database. Format: `projects/{project}/databases/{database}`","type":"string"},"pointInTimeRecoveryEnablement":{"description":"Whether to enable the PITR feature on this database.","enum":["POINT_IN_TIME_RECOVERY_ENABLEMENT_UNSPECIFIED","POINT_IN_TIME_RECOVERY_ENABLED","POINT_IN_TIME_RECOVERY_DISABLED"],"type":"string","x-google-enum-descriptions":["Not used.","Reads are supported on selected versions of the data from within the past 7 days: * Reads against any timestamp within the past hour * Reads against 1-minute snapshots beyond 1 hour and within 7 days `version_retention_period` and `earliest_version_time` can be used to determine the supported versions.","Reads are supported on any version of the data from within the past 1 hour."]},"previousId":{"description":"Output only. The database resource's prior database ID. This field is only populated for deleted databases.","readOnly":true,"type":"string"},"realtimeUpdatesMode":{"description":"Immutable. The default Realtime Updates mode to use for this database.","enum":["REALTIME_UPDATES_MODE_UNSPECIFIED","REALTIME_UPDATES_MODE_ENABLED","REALTIME_UPDATES_MODE_DISABLED"],"type":"string","x-google-enum-descriptions":["The Realtime Updates feature is not specified.","The Realtime Updates feature is enabled by default. This could potentially degrade write performance for the database.","The Realtime Updates feature is disabled by default."],"x-google-immutable":true},"sourceInfo":{"$ref":"#/$defs/SourceInfo","description":"Output only. Information about the provenance of this database.","readOnly":true},"tags":{"additionalProperties":{"type":"string"},"description":"Optional. Input only. Immutable. Tag keys/values directly bound to this resource. For example: \"123/environment\": \"production\", \"123/costCenter\": \"marketing\"","type":"object","writeOnly":true,"x-google-immutable":true},"type":{"description":"The type of the database. See https://cloud.google.com/datastore/docs/firestore-or-datastore for information about how to choose.","enum":["DATABASE_TYPE_UNSPECIFIED","FIRESTORE_NATIVE","DATASTORE_MODE"],"type":"string","x-google-enum-descriptions":["Not used.","Firestore Native Mode","Firestore in Datastore Mode."]},"uid":{"description":"Output only. The system-generated UUID4 for this Database.","readOnly":true,"type":"string"},"updateTime":{"description":"Output only. The timestamp at which this database was most recently updated. Note this only includes updates to the database resource and not data contained by the database.","format":"date-time","readOnly":true,"type":"string"},"versionRetentionPeriod":{"description":"Output only. The period during which past versions of data are retained in the database. Any read or query can specify a `read_time` within this window, and will read the state of the database at that time. If the PITR feature is enabled, the retention period is 7 days. Otherwise, the retention period is 1 hour.","format":"google-duration","readOnly":true,"type":"string"}},"type":"object"},"SourceInfo":{"description":"Information about the provenance of this database.","properties":{"backup":{"$ref":"#/$defs/BackupSource","description":"If set, this database was restored from the specified backup (or a snapshot thereof)."},"operation":{"description":"The associated long-running operation. This field may not be set after the operation has completed. Format: `projects/{project}/databases/{database}/operations/{operation}`.","type":"string"}},"type":"object"}},"description":"The list of databases for a project.","properties":{"databases":{"description":"The databases in the project.","items":{"$ref":"#/$defs/Database"},"type":"array"},"unreachable":{"description":"In the event that data about individual databases cannot be listed they will be recorded here. An example entry might be: projects/some_project/locations/some_location This can happen if the Cloud Region that the Database resides in is currently unavailable. In this case we can't fetch all the details about the database. You may be able to get a more detailed error message (or possibly fetch the resource) by sending a 'Get' request for the resource or a 'List' request for the specific location.","items":{"type":"string"},"type":"array"}},"type":"object"}},{"annotations":{"destructiveHint":true,"idempotentHint":false,"openWorldHint":false,"readOnlyHint":false},"description":"Update a Firestore database.","inputSchema":{"$defs":{"BackupSource":{"description":"Information about a backup that was used to restore a database.","properties":{"backup":{"description":"The resource name of the backup that was used to restore this database. Format: `projects/{project}/locations/{location}/backups/{backup}`.","type":"string"}},"type":"object"},"CmekConfig":{"description":"The CMEK (Customer Managed Encryption Key) configuration for a Firestore database. If not present, the database is secured by the default Google encryption key.","properties":{"activeKeyVersion":{"description":"Output only. Currently in-use [KMS key versions](https://cloud.google.com/kms/docs/resource-hierarchy#key_versions). During [key rotation](https://cloud.google.com/kms/docs/key-rotation), there can be multiple in-use key versions. The expected format is `projects/{project_id}/locations/{kms_location}/keyRings/{key_ring}/cryptoKeys/{crypto_key}/cryptoKeyVersions/{key_version}`.","items":{"type":"string"},"readOnly":true,"type":"array"},"kmsKeyName":{"description":"Required. Only keys in the same location as this database are allowed to be used for encryption. For Firestore's nam5 multi-region, this corresponds to Cloud KMS multi-region us. For Firestore's eur3 multi-region, this corresponds to Cloud KMS multi-region europe. See https://cloud.google.com/kms/docs/locations. The expected format is `projects/{project_id}/locations/{kms_location}/keyRings/{key_ring}/cryptoKeys/{crypto_key}`.","type":"string"}},"required":["kmsKeyName"],"type":"object"},"Database":{"description":"A Cloud Firestore Database.","properties":{"appEngineIntegrationMode":{"description":"The App Engine integration mode to use for this database.","enum":["APP_ENGINE_INTEGRATION_MODE_UNSPECIFIED","ENABLED","DISABLED"],"type":"string","x-google-enum-descriptions":["Not used.","If an App Engine application exists in the same region as this database, App Engine configuration will impact this database. This includes disabling of the application & database, as well as disabling writes to the database.","App Engine has no effect on the ability of this database to serve requests. This is the default setting for databases created with the Firestore API."]},"cmekConfig":{"$ref":"#/$defs/CmekConfig","description":"Optional. Presence indicates CMEK is enabled for this database."},"concurrencyMode":{"description":"The concurrency control mode to use for this database. If unspecified in a CreateDatabase request, this will default based on the database edition: Optimistic for Enterprise and Pessimistic for all other databases.","enum":["CONCURRENCY_MODE_UNSPECIFIED","OPTIMISTIC","PESSIMISTIC","OPTIMISTIC_WITH_ENTITY_GROUPS"],"type":"string","x-google-enum-descriptions":["Not used.","Use optimistic concurrency control by default. This mode is available for Cloud Firestore databases. This is the default setting for Cloud Firestore Enterprise Edition databases.","Use pessimistic concurrency control by default. This mode is available for Cloud Firestore databases. This is the default setting for Cloud Firestore Standard Edition databases.","Use optimistic concurrency control with entity groups by default. This mode is enabled for some databases that were automatically upgraded from Cloud Datastore to Cloud Firestore with Datastore Mode. It is not recommended for any new databases, and not supported for Firestore Native databases."]},"createTime":{"description":"Output only. The timestamp at which this database was created. Databases created before 2016 do not populate create_time.","format":"date-time","readOnly":true,"type":"string"},"databaseEdition":{"description":"Immutable. The edition of the database.","enum":["DATABASE_EDITION_UNSPECIFIED","STANDARD","ENTERPRISE"],"type":"string","x-google-enum-descriptions":["Not used.","Standard edition. This is the default setting if not specified.","Enterprise edition."],"x-google-immutable":true},"deleteProtectionState":{"description":"State of delete protection for the database.","enum":["DELETE_PROTECTION_STATE_UNSPECIFIED","DELETE_PROTECTION_DISABLED","DELETE_PROTECTION_ENABLED"],"type":"string","x-google-enum-descriptions":["The default value. Delete protection type is not specified","Delete protection is disabled","Delete protection is enabled"]},"deleteTime":{"description":"Output only. The timestamp at which this database was deleted. Only set if the database has been deleted.","format":"date-time","readOnly":true,"type":"string"},"earliestVersionTime":{"description":"Output only. The earliest timestamp at which older versions of the data can be read from the database. See [version_retention_period] above; this field is populated with `now - version_retention_period`. This value is continuously updated, and becomes stale the moment it is queried. If you are using this value to recover data, make sure to account for the time from the moment when the value is queried to the moment when you initiate the recovery.","format":"date-time","readOnly":true,"type":"string"},"etag":{"description":"This checksum is computed by the server based on the value of other fields, and may be sent on update and delete requests to ensure the client has an up-to-date value before proceeding.","type":"string"},"firestoreDataAccessMode":{"description":"Optional. The Firestore API data access mode to use for this database. If not set on write: - the default value is DATA_ACCESS_MODE_DISABLED for Enterprise Edition. - the default value is DATA_ACCESS_MODE_ENABLED for Standard Edition.","enum":["DATA_ACCESS_MODE_UNSPECIFIED","DATA_ACCESS_MODE_ENABLED","DATA_ACCESS_MODE_DISABLED"],"type":"string","x-google-enum-descriptions":["Not Used.","Accessing the database through the API is allowed.","Accessing the database through the API is disallowed."]},"freeTier":{"description":"Output only. Background: Free tier is the ability of a Firestore database to use a small amount of resources every day without being charged. Once usage exceeds the free tier limit further usage is charged. Whether this database can make use of the free tier. Only one database per project can be eligible for the free tier. The first (or next) database that is created in a project without a free tier database will be marked as eligible for the free tier. Databases that are created while there is a free tier database will not be eligible for the free tier.","readOnly":true,"type":"boolean"},"keyPrefix":{"description":"Output only. The key_prefix for this database. This key_prefix is used, in combination with the project ID (\"~\") to construct the application ID that is returned from the Cloud Datastore APIs in Google App Engine first generation runtimes. This value may be empty in which case the appid to use for URL-encoded keys is the project_id (eg: foo instead of v~foo).","readOnly":true,"type":"string"},"locationId":{"description":"The location of the database. Available locations are listed at https://cloud.google.com/firestore/docs/locations.","type":"string"},"mongodbCompatibleDataAccessMode":{"description":"Optional. The MongoDB compatible API data access mode to use for this database. If not set on write, the default value is DATA_ACCESS_MODE_ENABLED for Enterprise Edition. The value is always DATA_ACCESS_MODE_DISABLED for Standard Edition.","enum":["DATA_ACCESS_MODE_UNSPECIFIED","DATA_ACCESS_MODE_ENABLED","DATA_ACCESS_MODE_DISABLED"],"type":"string","x-google-enum-descriptions":["Not Used.","Accessing the database through the API is allowed.","Accessing the database through the API is disallowed."]},"name":{"description":"The resource name of the Database. Format: `projects/{project}/databases/{database}`","type":"string"},"pointInTimeRecoveryEnablement":{"description":"Whether to enable the PITR feature on this database.","enum":["POINT_IN_TIME_RECOVERY_ENABLEMENT_UNSPECIFIED","POINT_IN_TIME_RECOVERY_ENABLED","POINT_IN_TIME_RECOVERY_DISABLED"],"type":"string","x-google-enum-descriptions":["Not used.","Reads are supported on selected versions of the data from within the past 7 days: * Reads against any timestamp within the past hour * Reads against 1-minute snapshots beyond 1 hour and within 7 days `version_retention_period` and `earliest_version_time` can be used to determine the supported versions.","Reads are supported on any version of the data from within the past 1 hour."]},"previousId":{"description":"Output only. The database resource's prior database ID. This field is only populated for deleted databases.","readOnly":true,"type":"string"},"realtimeUpdatesMode":{"description":"Immutable. The default Realtime Updates mode to use for this database.","enum":["REALTIME_UPDATES_MODE_UNSPECIFIED","REALTIME_UPDATES_MODE_ENABLED","REALTIME_UPDATES_MODE_DISABLED"],"type":"string","x-google-enum-descriptions":["The Realtime Updates feature is not specified.","The Realtime Updates feature is enabled by default. This could potentially degrade write performance for the database.","The Realtime Updates feature is disabled by default."],"x-google-immutable":true},"sourceInfo":{"$ref":"#/$defs/SourceInfo","description":"Output only. Information about the provenance of this database.","readOnly":true},"tags":{"additionalProperties":{"type":"string"},"description":"Optional. Input only. Immutable. Tag keys/values directly bound to this resource. For example: \"123/environment\": \"production\", \"123/costCenter\": \"marketing\"","type":"object","writeOnly":true,"x-google-immutable":true},"type":{"description":"The type of the database. See https://cloud.google.com/datastore/docs/firestore-or-datastore for information about how to choose.","enum":["DATABASE_TYPE_UNSPECIFIED","FIRESTORE_NATIVE","DATASTORE_MODE"],"type":"string","x-google-enum-descriptions":["Not used.","Firestore Native Mode","Firestore in Datastore Mode."]},"uid":{"description":"Output only. The system-generated UUID4 for this Database.","readOnly":true,"type":"string"},"updateTime":{"description":"Output only. The timestamp at which this database was most recently updated. Note this only includes updates to the database resource and not data contained by the database.","format":"date-time","readOnly":true,"type":"string"},"versionRetentionPeriod":{"description":"Output only. The period during which past versions of data are retained in the database. Any read or query can specify a `read_time` within this window, and will read the state of the database at that time. If the PITR feature is enabled, the retention period is 7 days. Otherwise, the retention period is 1 hour.","format":"google-duration","readOnly":true,"type":"string"}},"type":"object"},"SourceInfo":{"description":"Information about the provenance of this database.","properties":{"backup":{"$ref":"#/$defs/BackupSource","description":"If set, this database was restored from the specified backup (or a snapshot thereof)."},"operation":{"description":"The associated long-running operation. This field may not be set after the operation has completed. Format: `projects/{project}/databases/{database}/operations/{operation}`.","type":"string"}},"type":"object"}},"description":"The request for FirestoreAdmin.UpdateDatabase.","properties":{"database":{"$ref":"#/$defs/Database","description":"Required. The database to update."},"updateMask":{"description":"The list of fields to be updated.","format":"google-fieldmask","pattern":"^(\\s*[^,\\s.]+(\\s*[,.]\\s*[^,\\s.]+)*)?$","type":"string"}},"required":["database"],"type":"object"},"name":"update_database","outputSchema":{"$defs":{"Status":{"description":"The `Status` type defines a logical error model that is suitable for different programming environments, including REST APIs and RPC APIs. It is used by [gRPC](https://github.com/grpc). Each `Status` message contains three pieces of data: error code, error message, and error details. You can find out more about this error model and how to work with it in the [API Design Guide](https://cloud.google.com/apis/design/errors).","properties":{"code":{"description":"The status code, which should be an enum value of google.rpc.Code.","format":"int32","type":"integer"},"details":{"description":"A list of messages that carry the error details. There is a common set of message types for APIs to use.","items":{"additionalProperties":{"description":"Properties of the object. Contains field @type with type URL."},"type":"object"},"type":"array"},"message":{"description":"A developer-facing error message, which should be in English. Any user-facing error message should be localized and sent in the google.rpc.Status.details field, or localized by the client.","type":"string"}},"type":"object"}},"description":"This resource represents a long-running operation that is the result of a network API call.","properties":{"done":{"description":"If the value is `false`, it means the operation is still in progress. If `true`, the operation is completed, and either `error` or `response` is available.","type":"boolean"},"error":{"$ref":"#/$defs/Status","description":"The error result of the operation in case of failure or cancellation."},"metadata":{"additionalProperties":{"description":"Properties of the object. Contains field @type with type URL."},"description":"Service-specific metadata associated with the operation. It typically contains progress information and common metadata such as create time. Some services might not provide such metadata. Any method that returns a long-running operation should document the metadata type, if any.","type":"object"},"name":{"description":"The server-assigned name, which is only unique within the same service that originally returns it. If you use the default HTTP mapping, the `name` should be a resource name ending with `operations/{unique_id}`.","type":"string"},"response":{"additionalProperties":{"description":"Properties of the object. Contains field @type with type URL."},"description":"The normal, successful response of the operation. If the original method returns no data on success, such as `Delete`, the response is `google.protobuf.Empty`. If the original method is standard `Get`/`Create`/`Update`, the response should be the resource. For other methods, the response should have the type `XxxResponse`, where `Xxx` is the original method name. For example, if the original method name is `TakeSnapshot()`, the inferred response type is `TakeSnapshotResponse`.","type":"object"}},"type":"object"}},{"annotations":{"destructiveHint":true,"idempotentHint":false,"openWorldHint":false,"readOnlyHint":false},"description":"Delete a Firestore database.","inputSchema":{"description":"The request for FirestoreAdmin.DeleteDatabase.","properties":{"etag":{"description":"The current etag of the Database. If an etag is provided and does not match the current etag of the database, deletion will be blocked and a FAILED_PRECONDITION error will be returned.","type":"string"},"name":{"description":"Required. A name of the form `projects/{project_id}/databases/{database_id}`","type":"string"}},"required":["name"],"type":"object"},"name":"delete_database","outputSchema":{"$defs":{"Status":{"description":"The `Status` type defines a logical error model that is suitable for different programming environments, including REST APIs and RPC APIs. It is used by [gRPC](https://github.com/grpc). Each `Status` message contains three pieces of data: error code, error message, and error details. You can find out more about this error model and how to work with it in the [API Design Guide](https://cloud.google.com/apis/design/errors).","properties":{"code":{"description":"The status code, which should be an enum value of google.rpc.Code.","format":"int32","type":"integer"},"details":{"description":"A list of messages that carry the error details. There is a common set of message types for APIs to use.","items":{"additionalProperties":{"description":"Properties of the object. Contains field @type with type URL."},"type":"object"},"type":"array"},"message":{"description":"A developer-facing error message, which should be in English. Any user-facing error message should be localized and sent in the google.rpc.Status.details field, or localized by the client.","type":"string"}},"type":"object"}},"description":"This resource represents a long-running operation that is the result of a network API call.","properties":{"done":{"description":"If the value is `false`, it means the operation is still in progress. If `true`, the operation is completed, and either `error` or `response` is available.","type":"boolean"},"error":{"$ref":"#/$defs/Status","description":"The error result of the operation in case of failure or cancellation."},"metadata":{"additionalProperties":{"description":"Properties of the object. Contains field @type with type URL."},"description":"Service-specific metadata associated with the operation. It typically contains progress information and common metadata such as create time. Some services might not provide such metadata. Any method that returns a long-running operation should document the metadata type, if any.","type":"object"},"name":{"description":"The server-assigned name, which is only unique within the same service that originally returns it. If you use the default HTTP mapping, the `name` should be a resource name ending with `operations/{unique_id}`.","type":"string"},"response":{"additionalProperties":{"description":"Properties of the object. Contains field @type with type URL."},"description":"The normal, successful response of the operation. If the original method returns no data on success, such as `Delete`, the response is `google.protobuf.Empty`. If the original method is standard `Get`/`Create`/`Update`, the response should be the resource. For other methods, the response should have the type `XxxResponse`, where `Xxx` is the original method name. For example, if the original method name is `TakeSnapshot()`, the inferred response type is `TakeSnapshotResponse`.","type":"object"}},"type":"object"}},{"annotations":{"destructiveHint":true,"idempotentHint":false,"openWorldHint":false,"readOnlyHint":true},"description":"Get a Firestore index.","inputSchema":{"description":"The request for FirestoreAdmin.GetIndex.","properties":{"name":{"description":"Required. A name of the form `projects/{project_id}/databases/{database_id}/collectionGroups/{collection_id}/indexes/{index_id}`","type":"string"}},"required":["name"],"type":"object"},"name":"get_index","outputSchema":{"$defs":{"FlatIndex":{"description":"An index that stores vectors in a flat data structure, and supports exhaustive search.","type":"object"},"IndexField":{"description":"A field in an index. The field_path describes which field is indexed, the value_mode describes how the field value is indexed.","properties":{"arrayConfig":{"description":"Indicates that this field supports operations on `array_value`s.","enum":["ARRAY_CONFIG_UNSPECIFIED","CONTAINS"],"type":"string","x-google-enum-descriptions":["The index does not support additional array queries.","The index supports array containment queries."]},"fieldPath":{"description":"Can be __name__. For single field indexes, this must match the name of the field or may be omitted.","type":"string"},"order":{"description":"Indicates that this field supports ordering by the specified order or comparing using =, !=, <, <=, >, >=.","enum":["ORDER_UNSPECIFIED","ASCENDING","DESCENDING"],"type":"string","x-google-enum-descriptions":["The ordering is unspecified. Not a valid option.","The field is ordered by ascending field value.","The field is ordered by descending field value."]},"vectorConfig":{"$ref":"#/$defs/VectorConfig","description":"Indicates that this field supports nearest neighbor and distance operations on vector."}},"type":"object"},"VectorConfig":{"description":"The index configuration to support vector search operations","properties":{"dimension":{"description":"Required. The vector dimension this configuration applies to. The resulting index will only include vectors of this dimension, and can be used for vector search with the same dimension.","format":"int32","type":"integer"},"flat":{"$ref":"#/$defs/FlatIndex","description":"Indicates the vector index is a flat index."}},"type":"object"}},"description":"Cloud Firestore indexes enable simple and complex queries against documents in a database.","properties":{"apiScope":{"description":"The API scope supported by this index.","enum":["ANY_API","DATASTORE_MODE_API","MONGODB_COMPATIBLE_API"],"type":"string","x-google-enum-descriptions":["The index can only be used by the Firestore Native query API. This is the default.","The index can only be used by the Firestore in Datastore Mode query API.","The index can only be used by the MONGODB_COMPATIBLE_API."]},"density":{"description":"Immutable. The density configuration of the index.","enum":["DENSITY_UNSPECIFIED","SPARSE_ALL","SPARSE_ANY","DENSE"],"type":"string","x-google-enum-descriptions":["Unspecified. It will use database default setting. This value is input only.","An index entry will only exist if ALL fields are present in the document. This is both the default and only allowed value for Standard Edition databases (for both Cloud Firestore `ANY_API` and Cloud Datastore `DATASTORE_MODE_API`). Take for example the following document: ``` { \"__name__\": \"...\", \"a\": 1, \"b\": 2, \"c\": 3 } ``` an index on `(a ASC, b ASC, c ASC, __name__ ASC)` will generate an index entry for this document since `a`, 'b', `c`, and `__name__` are all present but an index of `(a ASC, d ASC, __name__ ASC)` will not generate an index entry for this document since `d` is missing. This means that such indexes can only be used to serve a query when the query has either implicit or explicit requirements that all fields from the index are present.","An index entry will exist if ANY field are present in the document. This is used as the definition of a sparse index for Enterprise Edition databases. Take for example the following document: ``` { \"__name__\": \"...\", \"a\": 1, \"b\": 2, \"c\": 3 } ``` an index on `(a ASC, d ASC)` will generate an index entry for this document since `a` is present, and will fill in an `unset` value for `d`. An index on `(d ASC, e ASC)` will not generate any index entry as neither `d` nor `e` are present. An index that contains `__name__` will generate an index entry for all documents since Firestore guarantees that all documents have a `__name__` field.","An index entry will exist regardless of if the fields are present or not. This is the default density for an Enterprise Edition database. The index will store `unset` values for fields that are not present in the document."],"x-google-immutable":true},"fields":{"description":"The fields supported by this index. For composite indexes, this requires a minimum of 2 and a maximum of 100 fields. The last field entry is always for the field path `__name__`. If, on creation, `__name__` was not specified as the last field, it will be added automatically with the same direction as that of the last field defined. If the final field in a composite index is not directional, the `__name__` will be ordered ASCENDING (unless explicitly specified). For single field indexes, this will always be exactly one entry with a field path equal to the field path of the associated field.","items":{"$ref":"#/$defs/IndexField"},"type":"array"},"multikey":{"description":"Optional. Whether the index is multikey. By default, the index is not multikey. For non-multikey indexes, none of the paths in the index definition reach or traverse an array, except via an explicit array index. For multikey indexes, at most one of the paths in the index definition reach or traverse an array, except via an explicit array index. Violations will result in errors. Note this field only applies to index with MONGODB_COMPATIBLE_API ApiScope.","type":"boolean"},"name":{"description":"Output only. A server defined name for this index. The form of this name for composite indexes will be: `projects/{project_id}/databases/{database_id}/collectionGroups/{collection_id}/indexes/{composite_index_id}` For single field indexes, this field will be empty.","type":"string"},"queryScope":{"description":"Indexes with a collection query scope specified allow queries against a collection that is the child of a specific document, specified at query time, and that has the same collection ID. Indexes with a collection group query scope specified allow queries against all collections descended from a specific document, specified at query time, and that have the same collection ID as this index.","enum":["QUERY_SCOPE_UNSPECIFIED","COLLECTION","COLLECTION_GROUP","COLLECTION_RECURSIVE"],"type":"string","x-google-enum-descriptions":["The query scope is unspecified. Not a valid option.","Indexes with a collection query scope specified allow queries against a collection that is the child of a specific document, specified at query time, and that has the collection ID specified by the index.","Indexes with a collection group query scope specified allow queries against all collections that has the collection ID specified by the index.","Include all the collections's ancestor in the index. Only available for Datastore Mode databases."]},"shardCount":{"description":"Optional. The number of shards for the index.","format":"int32","type":"integer"},"state":{"description":"Output only. The serving state of the index.","enum":["STATE_UNSPECIFIED","CREATING","READY","NEEDS_REPAIR"],"type":"string","x-google-enum-descriptions":["The state is unspecified.","The index is being created. There is an active long-running operation for the index. The index is updated when writing a document. Some index data may exist.","The index is ready to be used. The index is updated when writing a document. The index is fully populated from all stored documents it applies to.","The index was being created, but something went wrong. There is no active long-running operation for the index, and the most recently finished long-running operation failed. The index is not updated when writing a document. Some index data may exist. Use the google.longrunning.Operations API to determine why the operation that last attempted to create this index failed, then re-create the index."]},"unique":{"description":"Optional. Whether it is an unique index. Unique index ensures all values for the indexed field(s) are unique across documents.","type":"boolean"}},"type":"object"}},{"annotations":{"destructiveHint":true,"idempotentHint":false,"openWorldHint":false,"readOnlyHint":true},"description":"List Firestore indexes.","inputSchema":{"description":"The request for FirestoreAdmin.ListIndexes.","properties":{"filter":{"description":"The filter to apply to list results.","type":"string"},"pageSize":{"description":"The number of results to return.","format":"int32","type":"integer"},"pageToken":{"description":"A page token, returned from a previous call to FirestoreAdmin.ListIndexes, that may be used to get the next page of results.","type":"string"},"parent":{"description":"Required. A parent name of the form `projects/{project_id}/databases/{database_id}/collectionGroups/{collection_id}`","type":"string"}},"required":["parent"],"type":"object"},"name":"list_indexes","outputSchema":{"$defs":{"FlatIndex":{"description":"An index that stores vectors in a flat data structure, and supports exhaustive search.","type":"object"},"Index":{"description":"Cloud Firestore indexes enable simple and complex queries against documents in a database.","properties":{"apiScope":{"description":"The API scope supported by this index.","enum":["ANY_API","DATASTORE_MODE_API","MONGODB_COMPATIBLE_API"],"type":"string","x-google-enum-descriptions":["The index can only be used by the Firestore Native query API. This is the default.","The index can only be used by the Firestore in Datastore Mode query API.","The index can only be used by the MONGODB_COMPATIBLE_API."]},"density":{"description":"Immutable. The density configuration of the index.","enum":["DENSITY_UNSPECIFIED","SPARSE_ALL","SPARSE_ANY","DENSE"],"type":"string","x-google-enum-descriptions":["Unspecified. It will use database default setting. This value is input only.","An index entry will only exist if ALL fields are present in the document. This is both the default and only allowed value for Standard Edition databases (for both Cloud Firestore `ANY_API` and Cloud Datastore `DATASTORE_MODE_API`). Take for example the following document: ``` { \"__name__\": \"...\", \"a\": 1, \"b\": 2, \"c\": 3 } ``` an index on `(a ASC, b ASC, c ASC, __name__ ASC)` will generate an index entry for this document since `a`, 'b', `c`, and `__name__` are all present but an index of `(a ASC, d ASC, __name__ ASC)` will not generate an index entry for this document since `d` is missing. This means that such indexes can only be used to serve a query when the query has either implicit or explicit requirements that all fields from the index are present.","An index entry will exist if ANY field are present in the document. This is used as the definition of a sparse index for Enterprise Edition databases. Take for example the following document: ``` { \"__name__\": \"...\", \"a\": 1, \"b\": 2, \"c\": 3 } ``` an index on `(a ASC, d ASC)` will generate an index entry for this document since `a` is present, and will fill in an `unset` value for `d`. An index on `(d ASC, e ASC)` will not generate any index entry as neither `d` nor `e` are present. An index that contains `__name__` will generate an index entry for all documents since Firestore guarantees that all documents have a `__name__` field.","An index entry will exist regardless of if the fields are present or not. This is the default density for an Enterprise Edition database. The index will store `unset` values for fields that are not present in the document."],"x-google-immutable":true},"fields":{"description":"The fields supported by this index. For composite indexes, this requires a minimum of 2 and a maximum of 100 fields. The last field entry is always for the field path `__name__`. If, on creation, `__name__` was not specified as the last field, it will be added automatically with the same direction as that of the last field defined. If the final field in a composite index is not directional, the `__name__` will be ordered ASCENDING (unless explicitly specified). For single field indexes, this will always be exactly one entry with a field path equal to the field path of the associated field.","items":{"$ref":"#/$defs/IndexField"},"type":"array"},"multikey":{"description":"Optional. Whether the index is multikey. By default, the index is not multikey. For non-multikey indexes, none of the paths in the index definition reach or traverse an array, except via an explicit array index. For multikey indexes, at most one of the paths in the index definition reach or traverse an array, except via an explicit array index. Violations will result in errors. Note this field only applies to index with MONGODB_COMPATIBLE_API ApiScope.","type":"boolean"},"name":{"description":"Output only. A server defined name for this index. The form of this name for composite indexes will be: `projects/{project_id}/databases/{database_id}/collectionGroups/{collection_id}/indexes/{composite_index_id}` For single field indexes, this field will be empty.","type":"string"},"queryScope":{"description":"Indexes with a collection query scope specified allow queries against a collection that is the child of a specific document, specified at query time, and that has the same collection ID. Indexes with a collection group query scope specified allow queries against all collections descended from a specific document, specified at query time, and that have the same collection ID as this index.","enum":["QUERY_SCOPE_UNSPECIFIED","COLLECTION","COLLECTION_GROUP","COLLECTION_RECURSIVE"],"type":"string","x-google-enum-descriptions":["The query scope is unspecified. Not a valid option.","Indexes with a collection query scope specified allow queries against a collection that is the child of a specific document, specified at query time, and that has the collection ID specified by the index.","Indexes with a collection group query scope specified allow queries against all collections that has the collection ID specified by the index.","Include all the collections's ancestor in the index. Only available for Datastore Mode databases."]},"shardCount":{"description":"Optional. The number of shards for the index.","format":"int32","type":"integer"},"state":{"description":"Output only. The serving state of the index.","enum":["STATE_UNSPECIFIED","CREATING","READY","NEEDS_REPAIR"],"type":"string","x-google-enum-descriptions":["The state is unspecified.","The index is being created. There is an active long-running operation for the index. The index is updated when writing a document. Some index data may exist.","The index is ready to be used. The index is updated when writing a document. The index is fully populated from all stored documents it applies to.","The index was being created, but something went wrong. There is no active long-running operation for the index, and the most recently finished long-running operation failed. The index is not updated when writing a document. Some index data may exist. Use the google.longrunning.Operations API to determine why the operation that last attempted to create this index failed, then re-create the index."]},"unique":{"description":"Optional. Whether it is an unique index. Unique index ensures all values for the indexed field(s) are unique across documents.","type":"boolean"}},"type":"object"},"IndexField":{"description":"A field in an index. The field_path describes which field is indexed, the value_mode describes how the field value is indexed.","properties":{"arrayConfig":{"description":"Indicates that this field supports operations on `array_value`s.","enum":["ARRAY_CONFIG_UNSPECIFIED","CONTAINS"],"type":"string","x-google-enum-descriptions":["The index does not support additional array queries.","The index supports array containment queries."]},"fieldPath":{"description":"Can be __name__. For single field indexes, this must match the name of the field or may be omitted.","type":"string"},"order":{"description":"Indicates that this field supports ordering by the specified order or comparing using =, !=, <, <=, >, >=.","enum":["ORDER_UNSPECIFIED","ASCENDING","DESCENDING"],"type":"string","x-google-enum-descriptions":["The ordering is unspecified. Not a valid option.","The field is ordered by ascending field value.","The field is ordered by descending field value."]},"vectorConfig":{"$ref":"#/$defs/VectorConfig","description":"Indicates that this field supports nearest neighbor and distance operations on vector."}},"type":"object"},"VectorConfig":{"description":"The index configuration to support vector search operations","properties":{"dimension":{"description":"Required. The vector dimension this configuration applies to. The resulting index will only include vectors of this dimension, and can be used for vector search with the same dimension.","format":"int32","type":"integer"},"flat":{"$ref":"#/$defs/FlatIndex","description":"Indicates the vector index is a flat index."}},"type":"object"}},"description":"The response for FirestoreAdmin.ListIndexes.","properties":{"indexes":{"description":"The requested indexes.","items":{"$ref":"#/$defs/Index"},"type":"array"},"nextPageToken":{"description":"A page token that may be used to request another page of results. If blank, this is the last page.","type":"string"}},"type":"object"}},{"annotations":{"destructiveHint":true,"idempotentHint":false,"openWorldHint":false,"readOnlyHint":false},"description":"Delete a Firestore index.","inputSchema":{"description":"The request for FirestoreAdmin.DeleteIndex.","properties":{"name":{"description":"Required. A name of the form `projects/{project_id}/databases/{database_id}/collectionGroups/{collection_id}/indexes/{index_id}`","type":"string"}},"required":["name"],"type":"object"},"name":"delete_index","outputSchema":{"description":"A generic empty message that you can re-use to avoid defining duplicated empty messages in your APIs. A typical example is to use it as the request or the response type of an API method. For instance: service Foo { rpc Bar(google.protobuf.Empty) returns (google.protobuf.Empty); }","type":"object"}}]}}
[debug] [2026-02-27T09:09:44.741Z] <<< [apiv2][status] POST https://developerknowledge.googleapis.com/mcp 200
[debug] [2026-02-27T09:09:44.741Z] <<< [apiv2][body] POST https://developerknowledge.googleapis.com/mcp {"id":1,"jsonrpc":"2.0","result":{"tools":[{"annotations":{"destructiveHint":false,"idempotentHint":true,"openWorldHint":false,"readOnlyHint":true},"description":"Use this tool to find documentation about Google developer products.\nThe documents contain official APIs, code snippets, release notes, best\npractices, guides, debugging info, and more. It covers the following\nproducts and domains:\n\n* Android: developer.android.com\n* Apigee: docs.apigee.com\n* Chrome: developer.chrome.com\n* Firebase: firebase.google.com\n* Fuchsia: fuchsia.dev\n* Google AI: ai.google.dev\n* Google Cloud: docs.cloud.google.com\n* Google Developers, Ads, Search, Google Maps, Youtube: developers.google.com\n* Google Home: developers.home.google.com\n* TensorFlow: www.tensorflow.org\n* Web: web.dev\n\nThis tool returns chunks of text, names, and URLs for matching documents.\nIf the returned chunks are not detailed enough to answer the\nuser's question, use `get_document` or `batch_get_documents` with the\n`parent` from this tool's output to retrieve the full document\ncontent.","inputSchema":{"description":"Request schema for search_documents. Use the query field to search for related Google developer documentation.","properties":{"query":{"description":"Required. The raw query string provided by the user, such as \"How to create a Cloud Storage bucket?\".","type":"string"}},"required":["query"],"type":"object"},"name":"search_documents","outputSchema":{"$defs":{"DocumentChunk":{"description":"A DocumentChunk represents a piece of content from a Document in the DeveloperKnowledge corpus. To fetch the entire document content, pass the `parent` to get_document or batch_get_documents.","properties":{"content":{"description":"Output only. The content of the document chunk.","readOnly":true,"type":"string"},"id":{"description":"Output only. The ID of this chunk within the document. The chunk ID is unique within a document, but not globally unique across documents. The chunk ID is not stable and may change over time.","readOnly":true,"type":"string"},"parent":{"description":"Output only. The resource name of the document this chunk is from. Format: `documents/{uri_without_scheme}` Example: `documents/docs.cloud.google.com/storage/docs/creating-buckets`","readOnly":true,"type":"string"}},"type":"object"}},"description":"Response schema for search_documents.","properties":{"results":{"description":"The search results for the given query. Each Document in this list contains a snippet of content relevant to the search query. Use the Document.name field of each result with get_document or batch_get_documents to retrieve the full document content.","items":{"$ref":"#/$defs/DocumentChunk"},"type":"array"}},"type":"object"}},{"annotations":{"destructiveHint":false,"idempotentHint":true,"openWorldHint":false,"readOnlyHint":true},"description":"Use this tool to retrieve the full content of a single document. The\ndocument name should be obtained from the `parent` field of results from a\ncall to the `search_documents` tool. If you need to retrieve multiple\ndocuments, use `batch_get_documents` instead.","inputSchema":{"description":"Request schema for get_document.","properties":{"name":{"description":"Required. The name of the document to retrieve. Format: `documents/{uri_without_scheme}` Example: `documents/docs.cloud.google.com/storage/docs/creating-buckets`","type":"string"}},"required":["name"],"type":"object"},"name":"get_document","outputSchema":{"description":"A Document represents a piece of content from the Developer Knowledge corpus.","properties":{"content":{"description":"Output only. The content of the document in Markdown format. If this document is returned by search_documents, this field contains a snippet of text relevant to the search query. If this document is returned by get_document or batch_get_documents, this field contains the full document content.","readOnly":true,"type":"string"},"description":{"description":"Output only. A description of the document.","readOnly":true,"type":"string"},"name":{"description":"Identifier. The resource name of the document. Format: `documents/{uri_without_scheme}` Example: `documents/docs.cloud.google.com/storage/docs/creating-buckets`","type":"string","x-google-identifier":true},"uri":{"description":"Output only. The URI of the content, such as `https://cloud.google.com/storage/docs/creating-buckets`.","readOnly":true,"type":"string"}},"type":"object"}},{"annotations":{"destructiveHint":false,"idempotentHint":true,"openWorldHint":false,"readOnlyHint":true},"description":"Use this tool to retrieve the full content of up to 20 documents in a\nsingle call. The document names should be obtained from the `parent` field\nof results from a call to the `search_documents` tool. Use this tool\ninstead of calling `get_document` multiple times to fetch multiple\ndocuments.","inputSchema":{"description":"Request schema for batch_get_documents.","properties":{"names":{"description":"Required. The names of the documents to retrieve, as returned by search_documents. A maximum of 20 documents can be retrieved in a batch. The documents are returned in the same order as the `names` in the request. Format: `documents/{uri_without_scheme}` Example: `documents/docs.cloud.google.com/storage/docs/creating-buckets`","items":{"type":"string"},"type":"array"}},"required":["names"],"type":"object"},"name":"batch_get_documents","outputSchema":{"$defs":{"Document":{"description":"A Document represents a piece of content from the Developer Knowledge corpus.","properties":{"content":{"description":"Output only. The content of the document in Markdown format. If this document is returned by search_documents, this field contains a snippet of text relevant to the search query. If this document is returned by get_document or batch_get_documents, this field contains the full document content.","readOnly":true,"type":"string"},"description":{"description":"Output only. A description of the document.","readOnly":true,"type":"string"},"name":{"description":"Identifier. The resource name of the document. Format: `documents/{uri_without_scheme}` Example: `documents/docs.cloud.google.com/storage/docs/creating-buckets`","type":"string","x-google-identifier":true},"uri":{"description":"Output only. The URI of the content, such as `https://cloud.google.com/storage/docs/creating-buckets`.","readOnly":true,"type":"string"}},"type":"object"}},"description":"Response schema for batch_get_documents.","properties":{"documents":{"description":"Documents requested.","items":{"$ref":"#/$defs/Document"},"type":"array"}},"type":"object"}}]}}
[error] Failed to fetch Firebase Project from Studio Workspace because WORKSPACE_SLUG environment variable is empty
[debug] [2026-02-27T09:09:44.751Z] > command requires scopes: ["email","openid","https://www.googleapis.com/auth/cloudplatformprojects.readonly","https://www.googleapis.com/auth/firebase","https://www.googleapis.com/auth/cloud-platform","https://www.googleapis.com/auth/userinfo.email"]
[debug] [2026-02-27T09:09:44.751Z] > authorizing via signed-in user (ai729776@gmail.com)
[error] Failed to fetch Firebase Project from Studio Workspace because WORKSPACE_SLUG environment variable is empty
[error] Failed to fetch Firebase Project from Studio Workspace because WORKSPACE_SLUG environment variable is empty
[error] Failed to fetch Firebase Project from Studio Workspace because WORKSPACE_SLUG environment variable is empty
[error] Failed to fetch Firebase Project from Studio Workspace because WORKSPACE_SLUG environment variable is empty
[debug] [2026-03-21T13:16:26.430Z] > command requires scopes: ["email","openid","https://www.googleapis.com/auth/cloudplatformprojects.readonly","https://www.googleapis.com/auth/firebase","https://www.googleapis.com/auth/cloud-platform","https://www.googleapis.com/auth/userinfo.email"]
[debug] [2026-03-21T13:16:26.433Z] > authorizing via signed-in user (ai729776@gmail.com)
[debug] [2026-03-21T13:16:26.436Z] Checked if tokens are valid: false, expires at: 1772186980689
[debug] [2026-03-21T13:16:26.437Z] Checked if tokens are valid: false, expires at: 1772186980689
[debug] [2026-03-21T13:16:26.438Z] > refreshing access token with scopes: []
[debug] [2026-03-21T13:16:26.443Z] >>> [apiv2][query] POST https://www.googleapis.com/oauth2/v3/token [none]
[debug] [2026-03-21T13:16:26.444Z] >>> [apiv2][body] POST https://www.googleapis.com/oauth2/v3/token [omitted]
[debug] [2026-03-21T13:16:26.585Z] > command requires scopes: ["email","openid","https://www.googleapis.com/auth/cloudplatformprojects.readonly","https://www.googleapis.com/auth/firebase","https://www.googleapis.com/auth/cloud-platform","https://www.googleapis.com/auth/userinfo.email"]
[debug] [2026-03-21T13:16:26.586Z] > authorizing via signed-in user (ai729776@gmail.com)
[debug] [2026-03-21T13:16:26.587Z] Checked if tokens are valid: false, expires at: 1772186980689
[debug] [2026-03-21T13:16:26.587Z] Checked if tokens are valid: false, expires at: 1772186980689
[debug] [2026-03-21T13:16:26.589Z] > refreshing access token with scopes: []
[debug] [2026-03-21T13:16:26.591Z] >>> [apiv2][query] POST https://www.googleapis.com/oauth2/v3/token [none]
[debug] [2026-03-21T13:16:26.591Z] >>> [apiv2][body] POST https://www.googleapis.com/oauth2/v3/token [omitted]
[debug] [2026-03-21T13:16:26.712Z] <<< [apiv2][status] POST https://www.googleapis.com/oauth2/v3/token 200
[debug] [2026-03-21T13:16:26.715Z] <<< [apiv2][body] POST https://www.googleapis.com/oauth2/v3/token [omitted]
[debug] [2026-03-21T13:16:26.746Z] >>> [apiv2][query] GET https://cloudbilling.googleapis.com/v1/projects/zaqeen-aa745/billingInfo [none]
[debug] [2026-03-21T13:16:26.780Z] <<< [apiv2][status] POST https://www.googleapis.com/oauth2/v3/token 200
[debug] [2026-03-21T13:16:26.783Z] <<< [apiv2][body] POST https://www.googleapis.com/oauth2/v3/token [omitted]
[debug] [2026-03-21T13:16:26.814Z] >>> [apiv2][query] GET https://cloudbilling.googleapis.com/v1/projects/zaqeen-aa745/billingInfo [none]
[debug] [2026-03-21T13:16:27.835Z] <<< [apiv2][status] GET https://cloudbilling.googleapis.com/v1/projects/zaqeen-aa745/billingInfo 200
[debug] [2026-03-21T13:16:27.836Z] <<< [apiv2][body] GET https://cloudbilling.googleapis.com/v1/projects/zaqeen-aa745/billingInfo {"name":"projects/zaqeen-aa745/billingInfo","projectId":"zaqeen-aa745","billingAccountName":"","billingEnabled":false}
[debug] [2026-03-21T13:16:27.870Z] Checked if tokens are valid: true, expires at: 1774102585785
[debug] [2026-03-21T13:16:27.870Z] Checked if tokens are valid: true, expires at: 1774102585785
[debug] [2026-03-21T13:16:27.874Z] Checked if tokens are valid: true, expires at: 1774102585785
[debug] [2026-03-21T13:16:27.874Z] Checked if tokens are valid: true, expires at: 1774102585785
[debug] [2026-03-21T13:16:27.963Z] Checked if tokens are valid: true, expires at: 1774102585785
[debug] [2026-03-21T13:16:27.964Z] Checked if tokens are valid: true, expires at: 1774102585785
[debug] [2026-03-21T13:16:27.967Z] Checked if tokens are valid: true, expires at: 1774102585785
[debug] [2026-03-21T13:16:27.970Z] Checked if tokens are valid: true, expires at: 1774102585785
[debug] [2026-03-21T13:16:27.971Z] >>> [apiv2][query] GET https://serviceusage.googleapis.com/v1/projects/zaqeen-aa745/services/firebasedataconnect.googleapis.com [none]
[debug] [2026-03-21T13:16:27.971Z] >>> [apiv2][(partial)header] GET https://serviceusage.googleapis.com/v1/projects/zaqeen-aa745/services/firebasedataconnect.googleapis.com  x-goog-user-project=zaqeen-aa745
[debug] [2026-03-21T13:16:27.976Z] >>> [apiv2][query] GET https://serviceusage.googleapis.com/v1/projects/zaqeen-aa745/services/cloudfunctions.googleapis.com [none]
[debug] [2026-03-21T13:16:27.977Z] >>> [apiv2][(partial)header] GET https://serviceusage.googleapis.com/v1/projects/zaqeen-aa745/services/cloudfunctions.googleapis.com  x-goog-user-project=zaqeen-aa745
[debug] [2026-03-21T13:16:27.980Z] >>> [apiv2][query] GET https://serviceusage.googleapis.com/v1/projects/zaqeen-aa745/services/firebaseapphosting.googleapis.com [none]
[debug] [2026-03-21T13:16:27.980Z] >>> [apiv2][(partial)header] GET https://serviceusage.googleapis.com/v1/projects/zaqeen-aa745/services/firebaseapphosting.googleapis.com  x-goog-user-project=zaqeen-aa745
[debug] [2026-03-21T13:16:27.983Z] >>> [apiv2][query] GET https://serviceusage.googleapis.com/v1/projects/zaqeen-aa745/services/firebaseio.com [none]
[debug] [2026-03-21T13:16:27.983Z] >>> [apiv2][(partial)header] GET https://serviceusage.googleapis.com/v1/projects/zaqeen-aa745/services/firebaseio.com  x-goog-user-project=zaqeen-aa745
[debug] [2026-03-21T13:16:28.197Z] <<< [apiv2][status] GET https://cloudbilling.googleapis.com/v1/projects/zaqeen-aa745/billingInfo 200
[debug] [2026-03-21T13:16:28.197Z] <<< [apiv2][body] GET https://cloudbilling.googleapis.com/v1/projects/zaqeen-aa745/billingInfo {"name":"projects/zaqeen-aa745/billingInfo","projectId":"zaqeen-aa745","billingAccountName":"","billingEnabled":false}
[debug] [2026-03-21T13:16:28.204Z] Checked if tokens are valid: true, expires at: 1774102585785
[debug] [2026-03-21T13:16:28.204Z] Checked if tokens are valid: true, expires at: 1774102585785
[debug] [2026-03-21T13:16:28.205Z] Checked if tokens are valid: true, expires at: 1774102585785
[debug] [2026-03-21T13:16:28.205Z] Checked if tokens are valid: true, expires at: 1774102585785
[debug] [2026-03-21T13:16:28.239Z] Checked if tokens are valid: true, expires at: 1774102585785
[debug] [2026-03-21T13:16:28.240Z] Checked if tokens are valid: true, expires at: 1774102585785
[debug] [2026-03-21T13:16:28.243Z] Checked if tokens are valid: true, expires at: 1774102585785
[debug] [2026-03-21T13:16:28.243Z] Checked if tokens are valid: true, expires at: 1774102585785
[debug] [2026-03-21T13:16:28.244Z] >>> [apiv2][query] GET https://serviceusage.googleapis.com/v1/projects/zaqeen-aa745/services/firebasedataconnect.googleapis.com [none]
[debug] [2026-03-21T13:16:28.244Z] >>> [apiv2][(partial)header] GET https://serviceusage.googleapis.com/v1/projects/zaqeen-aa745/services/firebasedataconnect.googleapis.com  x-goog-user-project=zaqeen-aa745
[debug] [2026-03-21T13:16:28.252Z] >>> [apiv2][query] GET https://serviceusage.googleapis.com/v1/projects/zaqeen-aa745/services/cloudfunctions.googleapis.com [none]
[debug] [2026-03-21T13:16:28.253Z] >>> [apiv2][(partial)header] GET https://serviceusage.googleapis.com/v1/projects/zaqeen-aa745/services/cloudfunctions.googleapis.com  x-goog-user-project=zaqeen-aa745
[debug] [2026-03-21T13:16:28.257Z] >>> [apiv2][query] GET https://serviceusage.googleapis.com/v1/projects/zaqeen-aa745/services/firebaseapphosting.googleapis.com [none]
[debug] [2026-03-21T13:16:28.258Z] >>> [apiv2][(partial)header] GET https://serviceusage.googleapis.com/v1/projects/zaqeen-aa745/services/firebaseapphosting.googleapis.com  x-goog-user-project=zaqeen-aa745
[debug] [2026-03-21T13:16:28.262Z] >>> [apiv2][query] GET https://serviceusage.googleapis.com/v1/projects/zaqeen-aa745/services/firebaseio.com [none]
[debug] [2026-03-21T13:16:28.262Z] >>> [apiv2][(partial)header] GET https://serviceusage.googleapis.com/v1/projects/zaqeen-aa745/services/firebaseio.com  x-goog-user-project=zaqeen-aa745
[debug] [2026-03-21T13:16:29.181Z] <<< [apiv2][status] GET https://serviceusage.googleapis.com/v1/projects/zaqeen-aa745/services/firebasedataconnect.googleapis.com 200
[debug] [2026-03-21T13:16:29.181Z] <<< [apiv2][body] GET https://serviceusage.googleapis.com/v1/projects/zaqeen-aa745/services/firebasedataconnect.googleapis.com [omitted]
[debug] [2026-03-21T13:16:29.258Z] <<< [apiv2][status] GET https://serviceusage.googleapis.com/v1/projects/zaqeen-aa745/services/firebaseio.com 403
[debug] [2026-03-21T13:16:29.258Z] <<< [apiv2][body] GET https://serviceusage.googleapis.com/v1/projects/zaqeen-aa745/services/firebaseio.com [omitted]
[debug] [2026-03-21T13:16:29.286Z] <<< [apiv2][status] GET https://serviceusage.googleapis.com/v1/projects/zaqeen-aa745/services/firebaseapphosting.googleapis.com 200
[debug] [2026-03-21T13:16:29.286Z] <<< [apiv2][body] GET https://serviceusage.googleapis.com/v1/projects/zaqeen-aa745/services/firebaseapphosting.googleapis.com [omitted]
[debug] [2026-03-21T13:16:29.303Z] <<< [apiv2][status] GET https://serviceusage.googleapis.com/v1/projects/zaqeen-aa745/services/cloudfunctions.googleapis.com 200
[debug] [2026-03-21T13:16:29.303Z] <<< [apiv2][body] GET https://serviceusage.googleapis.com/v1/projects/zaqeen-aa745/services/cloudfunctions.googleapis.com [omitted]
[debug] [2026-03-21T13:16:29.468Z] <<< [apiv2][status] GET https://serviceusage.googleapis.com/v1/projects/zaqeen-aa745/services/firebaseapphosting.googleapis.com 200
[debug] [2026-03-21T13:16:29.474Z] <<< [apiv2][body] GET https://serviceusage.googleapis.com/v1/projects/zaqeen-aa745/services/firebaseapphosting.googleapis.com [omitted]
[debug] [2026-03-21T13:16:29.494Z] <<< [apiv2][status] GET https://serviceusage.googleapis.com/v1/projects/zaqeen-aa745/services/firebasedataconnect.googleapis.com 200
[debug] [2026-03-21T13:16:29.496Z] <<< [apiv2][body] GET https://serviceusage.googleapis.com/v1/projects/zaqeen-aa745/services/firebasedataconnect.googleapis.com [omitted]
[debug] [2026-03-21T13:16:29.517Z] <<< [apiv2][status] GET https://serviceusage.googleapis.com/v1/projects/zaqeen-aa745/services/cloudfunctions.googleapis.com 200
[debug] [2026-03-21T13:16:29.522Z] <<< [apiv2][body] GET https://serviceusage.googleapis.com/v1/projects/zaqeen-aa745/services/cloudfunctions.googleapis.com [omitted]
[debug] [2026-03-21T13:16:29.564Z] <<< [apiv2][status] GET https://serviceusage.googleapis.com/v1/projects/zaqeen-aa745/services/firebaseio.com 403
[debug] [2026-03-21T13:16:29.565Z] <<< [apiv2][body] GET https://serviceusage.googleapis.com/v1/projects/zaqeen-aa745/services/firebaseio.com [omitted]
[error] Failed to fetch Firebase Project from Studio Workspace because WORKSPACE_SLUG environment variable is empty
[error] Failed to fetch Firebase Project from Studio Workspace because WORKSPACE_SLUG environment variable is empty
[error] Failed to fetch Firebase Project from Studio Workspace because WORKSPACE_SLUG environment variable is empty
[debug] [2026-03-21T13:16:29.586Z] > command requires scopes: ["email","openid","https://www.googleapis.com/auth/cloudplatformprojects.readonly","https://www.googleapis.com/auth/firebase","https://www.googleapis.com/auth/cloud-platform","https://www.googleapis.com/auth/userinfo.email"]
[debug] [2026-03-21T13:16:29.587Z] > authorizing via signed-in user (ai729776@gmail.com)
[debug] [2026-03-21T13:16:29.587Z] Checked if tokens are valid: true, expires at: 1774102585785
[debug] [2026-03-21T13:16:29.587Z] Checked if tokens are valid: true, expires at: 1774102585785
[debug] [2026-03-21T13:16:29.587Z] >>> [apiv2][query] GET https://cloudbilling.googleapis.com/v1/projects/zaqeen-aa745/billingInfo [none]
[debug] [2026-03-21T13:16:29.854Z] <<< [apiv2][status] GET https://cloudbilling.googleapis.com/v1/projects/zaqeen-aa745/billingInfo 200
[debug] [2026-03-21T13:16:29.854Z] <<< [apiv2][body] GET https://cloudbilling.googleapis.com/v1/projects/zaqeen-aa745/billingInfo {"name":"projects/zaqeen-aa745/billingInfo","projectId":"zaqeen-aa745","billingAccountName":"","billingEnabled":false}
[debug] [2026-03-21T13:16:29.866Z] >>> [apiv2][query] POST https://firestore.googleapis.com/mcp [none]
[debug] [2026-03-21T13:16:29.867Z] >>> [apiv2][body] POST https://firestore.googleapis.com/mcp {"method":"tools/list","jsonrpc":"2.0","id":1}
[debug] [2026-03-21T13:16:29.878Z] >>> [apiv2][query] POST https://developerknowledge.googleapis.com/mcp [none]
[debug] [2026-03-21T13:16:29.878Z] >>> [apiv2][body] POST https://developerknowledge.googleapis.com/mcp {"method":"tools/list","jsonrpc":"2.0","id":1}
[debug] [2026-03-21T13:16:29.929Z] <<< [apiv2][status] POST https://firestore.googleapis.com/mcp 200
[debug] [2026-03-21T13:16:29.936Z] <<< [apiv2][body] POST https://firestore.googleapis.com/mcp {"id":1,"jsonrpc":"2.0","result":{"tools":[{"annotations":{"destructiveHint":false,"openWorldHint":false,"readOnlyHint":true},"description":"Get a document from a Firestore database.","inputSchema":{"$defs":{"DocumentMask":{"description":"A set of field paths on a document. Used to restrict a get or update operation on a document to a subset of its fields. This is different from standard field masks, as this is always scoped to a Document, and takes in account the dynamic nature of Value.","properties":{"fieldPaths":{"description":"The list of field paths in the mask. See Document.fields for a field path syntax reference.","items":{"type":"string"},"type":"array"}},"type":"object"}},"description":"The request for Firestore.GetDocument.","properties":{"mask":{"$ref":"#/$defs/DocumentMask","description":"The fields to return. If not set, returns all fields. If the document has a field that is not present in this mask, that field will not be returned in the response."},"name":{"description":"Required. The resource name of the Document to get. In the format: `projects/{project_id}/databases/{database_id}/documents/{document_path}`.","type":"string"},"readTime":{"description":"Reads the version of the document at the given time. This must be a microsecond precision timestamp within the past one hour, or if Point-in-Time Recovery is enabled, can additionally be a whole minute timestamp within the past 7 days.","format":"date-time","type":"string"},"transaction":{"description":"Reads the document in a transaction.","format":"byte","type":"string"}},"required":["name"],"type":"object"},"name":"get_document","outputSchema":{"$defs":{"ArrayValue":{"description":"An array value.","properties":{"values":{"description":"Values in the array.","items":{"$ref":"#/$defs/Value"},"type":"array"}},"type":"object"},"Function":{"description":"Represents an unevaluated scalar expression. For example, the expression `like(user_name, \"%alice%\")` is represented as: ``` name: \"like\" args { field_reference: \"user_name\" } args { string_value: \"%alice%\" } ```","properties":{"args":{"description":"Optional. Ordered list of arguments the given function expects.","items":{"$ref":"#/$defs/Value"},"type":"array"},"name":{"description":"Required. The name of the function to evaluate. **Requires:** * must be in snake case (lower case with underscore separator).","type":"string"},"options":{"additionalProperties":{"$ref":"#/$defs/Value"},"description":"Optional. Optional named arguments that certain functions may support.","type":"object"}},"type":"object"},"LatLng":{"description":"An object that represents a latitude/longitude pair. This is expressed as a pair of doubles to represent degrees latitude and degrees longitude. Unless specified otherwise, this object must conform to the WGS84 standard <https://en.wikipedia.org/wiki/World_Geodetic_System#1984_version>. Values must be within normalized ranges.","properties":{"latitude":{"description":"The latitude in degrees. It must be in the range [-90.0, +90.0].","format":"double","type":"number"},"longitude":{"description":"The longitude in degrees. It must be in the range [-180.0, +180.0].","format":"double","type":"number"}},"type":"object"},"MapValue":{"description":"A map value.","properties":{"fields":{"additionalProperties":{"$ref":"#/$defs/Value"},"description":"The map's fields. The map keys represent field names. Field names matching the regular expression `__.*__` are reserved. Reserved field names are forbidden except in certain documented contexts. The map keys, represented as UTF-8, must not exceed 1,500 bytes and cannot be empty.","type":"object"}},"type":"object"},"Pipeline":{"description":"A Firestore query represented as an ordered list of operations / stages.","properties":{"stages":{"description":"Required. Ordered list of stages to evaluate.","items":{"$ref":"#/$defs/Stage"},"type":"array"}},"type":"object"},"Stage":{"description":"A single operation within a pipeline. A stage is made up of a unique name, and a list of arguments. The exact number of arguments & types is dependent on the stage type. To give an example, the stage `filter(state = \"MD\")` would be encoded as: ``` name: \"filter\" args { function_value { name: \"eq\" args { field_reference_value: \"state\" } args { string_value: \"MD\" } } } ``` See public documentation for the full list.","properties":{"args":{"description":"Optional. Ordered list of arguments the given stage expects.","items":{"$ref":"#/$defs/Value"},"type":"array"},"name":{"description":"Required. The name of the stage to evaluate. **Requires:** * must be in snake case (lower case with underscore separator).","type":"string"},"options":{"additionalProperties":{"$ref":"#/$defs/Value"},"description":"Optional. Optional named arguments that certain functions may support.","type":"object"}},"type":"object"},"Value":{"description":"A message that can hold any of the supported value types.","properties":{"arrayValue":{"$ref":"#/$defs/ArrayValue","description":"An array value. Cannot directly contain another array value, though can contain a map which contains another array."},"booleanValue":{"description":"A boolean value.","type":"boolean"},"bytesValue":{"description":"A bytes value. Must not exceed 1 MiB - 89 bytes. Only the first 1,500 bytes are considered by queries.","format":"byte","type":"string"},"doubleValue":{"description":"A double value.","format":"double","type":"number"},"fieldReferenceValue":{"description":"Value which references a field. This is considered relative (vs absolute) since it only refers to a field and not a field within a particular document. **Requires:** * Must follow field reference limitations. * Not allowed to be used when writing documents.","type":"string"},"functionValue":{"$ref":"#/$defs/Function","description":"A value that represents an unevaluated expression. **Requires:** * Not allowed to be used when writing documents."},"geoPointValue":{"$ref":"#/$defs/LatLng","description":"A geo point value representing a point on the surface of Earth."},"integerValue":{"description":"An integer value.","format":"int64","type":"string"},"mapValue":{"$ref":"#/$defs/MapValue","description":"A map value."},"nullValue":{"description":"A null value.","enum":["NULL_VALUE"],"type":"string","x-google-enum-descriptions":["Null value."]},"pipelineValue":{"$ref":"#/$defs/Pipeline","description":"A value that represents an unevaluated pipeline. **Requires:** * Not allowed to be used when writing documents."},"referenceValue":{"description":"A reference to a document. For example: `projects/{project_id}/databases/{database_id}/documents/{document_path}`.","type":"string"},"stringValue":{"description":"A string value. The string, represented as UTF-8, must not exceed 1 MiB - 89 bytes. Only the first 1,500 bytes of the UTF-8 representation are considered by queries.","type":"string"},"timestampValue":{"description":"A timestamp value. Precise only to microseconds. When stored, any additional precision is rounded down.","format":"date-time","type":"string"},"variableReferenceValue":{"description":"Pointer to a variable defined elsewhere in a pipeline. Unlike `field_reference_value` which references a field within a document, this refers to a variable, defined in a separate namespace than the fields of a document.","type":"string"}},"type":"object"}},"description":"A Firestore document. Must not exceed 1 MiB - 4 bytes.","properties":{"createTime":{"description":"Output only. The time at which the document was created. This value increases monotonically when a document is deleted then recreated. It can also be compared to values from other documents and the `read_time` of a query.","format":"date-time","type":"string"},"fields":{"additionalProperties":{"$ref":"#/$defs/Value"},"description":"The document's fields. The map keys represent field names. Field names matching the regular expression `__.*__` are reserved. Reserved field names are forbidden except in certain documented contexts. The field names, represented as UTF-8, must not exceed 1,500 bytes and cannot be empty. Field paths may be used in other contexts to refer to structured fields defined here. For `map_value`, the field path is represented by a dot-delimited (`.`) string of segments. Each segment is either a simple field name (defined below) or a quoted field name. For example, the structured field `\"foo\" : { map_value: { \"x&y\" : { string_value: \"hello\" }}}` would be represented by the field path `` foo.`x&y` ``. A simple field name contains only characters `a` to `z`, `A` to `Z`, `0` to `9`, or `_`, and must not start with `0` to `9`. For example, `foo_bar_17`. A quoted field name starts and ends with `` ` `` and may contain any character. Some characters, including `` ` ``, must be escaped using a `\\`. For example, `` `x&y` `` represents `x&y` and `` `bak\\`tik` `` represents `` bak`tik ``.","type":"object"},"name":{"description":"The resource name of the document, for example `projects/{project_id}/databases/{database_id}/documents/{document_path}`.","type":"string"},"updateTime":{"description":"Output only. The time at which the document was last changed. This value is initially set to the `create_time` then increases monotonically with each change to the document. It can also be compared to values from other documents and the `read_time` of a query.","format":"date-time","type":"string"}},"type":"object"}},{"annotations":{"destructiveHint":false,"openWorldHint":false,"readOnlyHint":false},"description":"Create a document from a Firestore database.","inputSchema":{"$defs":{"ArrayValue":{"description":"An array value.","properties":{"values":{"description":"Values in the array.","items":{"$ref":"#/$defs/Value"},"type":"array"}},"type":"object"},"Document":{"description":"A Firestore document. Must not exceed 1 MiB - 4 bytes.","properties":{"createTime":{"description":"Output only. The time at which the document was created. This value increases monotonically when a document is deleted then recreated. It can also be compared to values from other documents and the `read_time` of a query.","format":"date-time","type":"string"},"fields":{"additionalProperties":{"$ref":"#/$defs/Value"},"description":"The document's fields. The map keys represent field names. Field names matching the regular expression `__.*__` are reserved. Reserved field names are forbidden except in certain documented contexts. The field names, represented as UTF-8, must not exceed 1,500 bytes and cannot be empty. Field paths may be used in other contexts to refer to structured fields defined here. For `map_value`, the field path is represented by a dot-delimited (`.`) string of segments. Each segment is either a simple field name (defined below) or a quoted field name. For example, the structured field `\"foo\" : { map_value: { \"x&y\" : { string_value: \"hello\" }}}` would be represented by the field path `` foo.`x&y` ``. A simple field name contains only characters `a` to `z`, `A` to `Z`, `0` to `9`, or `_`, and must not start with `0` to `9`. For example, `foo_bar_17`. A quoted field name starts and ends with `` ` `` and may contain any character. Some characters, including `` ` ``, must be escaped using a `\\`. For example, `` `x&y` `` represents `x&y` and `` `bak\\`tik` `` represents `` bak`tik ``.","type":"object"},"name":{"description":"The resource name of the document, for example `projects/{project_id}/databases/{database_id}/documents/{document_path}`.","type":"string"},"updateTime":{"description":"Output only. The time at which the document was last changed. This value is initially set to the `create_time` then increases monotonically with each change to the document. It can also be compared to values from other documents and the `read_time` of a query.","format":"date-time","type":"string"}},"type":"object"},"DocumentMask":{"description":"A set of field paths on a document. Used to restrict a get or update operation on a document to a subset of its fields. This is different from standard field masks, as this is always scoped to a Document, and takes in account the dynamic nature of Value.","properties":{"fieldPaths":{"description":"The list of field paths in the mask. See Document.fields for a field path syntax reference.","items":{"type":"string"},"type":"array"}},"type":"object"},"Function":{"description":"Represents an unevaluated scalar expression. For example, the expression `like(user_name, \"%alice%\")` is represented as: ``` name: \"like\" args { field_reference: \"user_name\" } args { string_value: \"%alice%\" } ```","properties":{"args":{"description":"Optional. Ordered list of arguments the given function expects.","items":{"$ref":"#/$defs/Value"},"type":"array"},"name":{"description":"Required. The name of the function to evaluate. **Requires:** * must be in snake case (lower case with underscore separator).","type":"string"},"options":{"additionalProperties":{"$ref":"#/$defs/Value"},"description":"Optional. Optional named arguments that certain functions may support.","type":"object"}},"required":["name"],"type":"object"},"LatLng":{"description":"An object that represents a latitude/longitude pair. This is expressed as a pair of doubles to represent degrees latitude and degrees longitude. Unless specified otherwise, this object must conform to the WGS84 standard <https://en.wikipedia.org/wiki/World_Geodetic_System#1984_version>. Values must be within normalized ranges.","properties":{"latitude":{"description":"The latitude in degrees. It must be in the range [-90.0, +90.0].","format":"double","type":"number"},"longitude":{"description":"The longitude in degrees. It must be in the range [-180.0, +180.0].","format":"double","type":"number"}},"type":"object"},"MapValue":{"description":"A map value.","properties":{"fields":{"additionalProperties":{"$ref":"#/$defs/Value"},"description":"The map's fields. The map keys represent field names. Field names matching the regular expression `__.*__` are reserved. Reserved field names are forbidden except in certain documented contexts. The map keys, represented as UTF-8, must not exceed 1,500 bytes and cannot be empty.","type":"object"}},"type":"object"},"Pipeline":{"description":"A Firestore query represented as an ordered list of operations / stages.","properties":{"stages":{"description":"Required. Ordered list of stages to evaluate.","items":{"$ref":"#/$defs/Stage"},"type":"array"}},"required":["stages"],"type":"object"},"Stage":{"description":"A single operation within a pipeline. A stage is made up of a unique name, and a list of arguments. The exact number of arguments & types is dependent on the stage type. To give an example, the stage `filter(state = \"MD\")` would be encoded as: ``` name: \"filter\" args { function_value { name: \"eq\" args { field_reference_value: \"state\" } args { string_value: \"MD\" } } } ``` See public documentation for the full list.","properties":{"args":{"description":"Optional. Ordered list of arguments the given stage expects.","items":{"$ref":"#/$defs/Value"},"type":"array"},"name":{"description":"Required. The name of the stage to evaluate. **Requires:** * must be in snake case (lower case with underscore separator).","type":"string"},"options":{"additionalProperties":{"$ref":"#/$defs/Value"},"description":"Optional. Optional named arguments that certain functions may support.","type":"object"}},"required":["name"],"type":"object"},"Value":{"description":"A message that can hold any of the supported value types.","properties":{"arrayValue":{"$ref":"#/$defs/ArrayValue","description":"An array value. Cannot directly contain another array value, though can contain a map which contains another array."},"booleanValue":{"description":"A boolean value.","type":"boolean"},"bytesValue":{"description":"A bytes value. Must not exceed 1 MiB - 89 bytes. Only the first 1,500 bytes are considered by queries.","format":"byte","type":"string"},"doubleValue":{"description":"A double value.","format":"double","type":"number"},"fieldReferenceValue":{"description":"Value which references a field. This is considered relative (vs absolute) since it only refers to a field and not a field within a particular document. **Requires:** * Must follow field reference limitations. * Not allowed to be used when writing documents.","type":"string"},"functionValue":{"$ref":"#/$defs/Function","description":"A value that represents an unevaluated expression. **Requires:** * Not allowed to be used when writing documents."},"geoPointValue":{"$ref":"#/$defs/LatLng","description":"A geo point value representing a point on the surface of Earth."},"integerValue":{"description":"An integer value.","format":"int64","type":"string"},"mapValue":{"$ref":"#/$defs/MapValue","description":"A map value."},"nullValue":{"description":"A null value.","enum":["NULL_VALUE"],"type":"string","x-google-enum-descriptions":["Null value."]},"pipelineValue":{"$ref":"#/$defs/Pipeline","description":"A value that represents an unevaluated pipeline. **Requires:** * Not allowed to be used when writing documents."},"referenceValue":{"description":"A reference to a document. For example: `projects/{project_id}/databases/{database_id}/documents/{document_path}`.","type":"string"},"stringValue":{"description":"A string value. The string, represented as UTF-8, must not exceed 1 MiB - 89 bytes. Only the first 1,500 bytes of the UTF-8 representation are considered by queries.","type":"string"},"timestampValue":{"description":"A timestamp value. Precise only to microseconds. When stored, any additional precision is rounded down.","format":"date-time","type":"string"},"variableReferenceValue":{"description":"Pointer to a variable defined elsewhere in a pipeline. Unlike `field_reference_value` which references a field within a document, this refers to a variable, defined in a separate namespace than the fields of a document.","type":"string"}},"type":"object"}},"description":"The request for Firestore.CreateDocument.","properties":{"collectionId":{"description":"Required. The collection ID, relative to `parent`, to list. For example: `chatrooms`.","type":"string"},"document":{"$ref":"#/$defs/Document","description":"Required. The document to create. `name` must not be set."},"documentId":{"description":"The client-assigned document ID to use for this document. Optional. If not specified, an ID will be assigned by the service.","type":"string"},"mask":{"$ref":"#/$defs/DocumentMask","description":"The fields to return. If not set, returns all fields. If the document has a field that is not present in this mask, that field will not be returned in the response."},"parent":{"description":"Required. The parent resource. For example: `projects/{project_id}/databases/{database_id}/documents` or `projects/{project_id}/databases/{database_id}/documents/chatrooms/{chatroom_id}`","type":"string"}},"required":["parent","collectionId","document"],"type":"object"},"name":"add_document","outputSchema":{"$defs":{"ArrayValue":{"description":"An array value.","properties":{"values":{"description":"Values in the array.","items":{"$ref":"#/$defs/Value"},"type":"array"}},"type":"object"},"Function":{"description":"Represents an unevaluated scalar expression. For example, the expression `like(user_name, \"%alice%\")` is represented as: ``` name: \"like\" args { field_reference: \"user_name\" } args { string_value: \"%alice%\" } ```","properties":{"args":{"description":"Optional. Ordered list of arguments the given function expects.","items":{"$ref":"#/$defs/Value"},"type":"array"},"name":{"description":"Required. The name of the function to evaluate. **Requires:** * must be in snake case (lower case with underscore separator).","type":"string"},"options":{"additionalProperties":{"$ref":"#/$defs/Value"},"description":"Optional. Optional named arguments that certain functions may support.","type":"object"}},"type":"object"},"LatLng":{"description":"An object that represents a latitude/longitude pair. This is expressed as a pair of doubles to represent degrees latitude and degrees longitude. Unless specified otherwise, this object must conform to the WGS84 standard <https://en.wikipedia.org/wiki/World_Geodetic_System#1984_version>. Values must be within normalized ranges.","properties":{"latitude":{"description":"The latitude in degrees. It must be in the range [-90.0, +90.0].","format":"double","type":"number"},"longitude":{"description":"The longitude in degrees. It must be in the range [-180.0, +180.0].","format":"double","type":"number"}},"type":"object"},"MapValue":{"description":"A map value.","properties":{"fields":{"additionalProperties":{"$ref":"#/$defs/Value"},"description":"The map's fields. The map keys represent field names. Field names matching the regular expression `__.*__` are reserved. Reserved field names are forbidden except in certain documented contexts. The map keys, represented as UTF-8, must not exceed 1,500 bytes and cannot be empty.","type":"object"}},"type":"object"},"Pipeline":{"description":"A Firestore query represented as an ordered list of operations / stages.","properties":{"stages":{"description":"Required. Ordered list of stages to evaluate.","items":{"$ref":"#/$defs/Stage"},"type":"array"}},"type":"object"},"Stage":{"description":"A single operation within a pipeline. A stage is made up of a unique name, and a list of arguments. The exact number of arguments & types is dependent on the stage type. To give an example, the stage `filter(state = \"MD\")` would be encoded as: ``` name: \"filter\" args { function_value { name: \"eq\" args { field_reference_value: \"state\" } args { string_value: \"MD\" } } } ``` See public documentation for the full list.","properties":{"args":{"description":"Optional. Ordered list of arguments the given stage expects.","items":{"$ref":"#/$defs/Value"},"type":"array"},"name":{"description":"Required. The name of the stage to evaluate. **Requires:** * must be in snake case (lower case with underscore separator).","type":"string"},"options":{"additionalProperties":{"$ref":"#/$defs/Value"},"description":"Optional. Optional named arguments that certain functions may support.","type":"object"}},"type":"object"},"Value":{"description":"A message that can hold any of the supported value types.","properties":{"arrayValue":{"$ref":"#/$defs/ArrayValue","description":"An array value. Cannot directly contain another array value, though can contain a map which contains another array."},"booleanValue":{"description":"A boolean value.","type":"boolean"},"bytesValue":{"description":"A bytes value. Must not exceed 1 MiB - 89 bytes. Only the first 1,500 bytes are considered by queries.","format":"byte","type":"string"},"doubleValue":{"description":"A double value.","format":"double","type":"number"},"fieldReferenceValue":{"description":"Value which references a field. This is considered relative (vs absolute) since it only refers to a field and not a field within a particular document. **Requires:** * Must follow field reference limitations. * Not allowed to be used when writing documents.","type":"string"},"functionValue":{"$ref":"#/$defs/Function","description":"A value that represents an unevaluated expression. **Requires:** * Not allowed to be used when writing documents."},"geoPointValue":{"$ref":"#/$defs/LatLng","description":"A geo point value representing a point on the surface of Earth."},"integerValue":{"description":"An integer value.","format":"int64","type":"string"},"mapValue":{"$ref":"#/$defs/MapValue","description":"A map value."},"nullValue":{"description":"A null value.","enum":["NULL_VALUE"],"type":"string","x-google-enum-descriptions":["Null value."]},"pipelineValue":{"$ref":"#/$defs/Pipeline","description":"A value that represents an unevaluated pipeline. **Requires:** * Not allowed to be used when writing documents."},"referenceValue":{"description":"A reference to a document. For example: `projects/{project_id}/databases/{database_id}/documents/{document_path}`.","type":"string"},"stringValue":{"description":"A string value. The string, represented as UTF-8, must not exceed 1 MiB - 89 bytes. Only the first 1,500 bytes of the UTF-8 representation are considered by queries.","type":"string"},"timestampValue":{"description":"A timestamp value. Precise only to microseconds. When stored, any additional precision is rounded down.","format":"date-time","type":"string"},"variableReferenceValue":{"description":"Pointer to a variable defined elsewhere in a pipeline. Unlike `field_reference_value` which references a field within a document, this refers to a variable, defined in a separate namespace than the fields of a document.","type":"string"}},"type":"object"}},"description":"A Firestore document. Must not exceed 1 MiB - 4 bytes.","properties":{"createTime":{"description":"Output only. The time at which the document was created. This value increases monotonically when a document is deleted then recreated. It can also be compared to values from other documents and the `read_time` of a query.","format":"date-time","type":"string"},"fields":{"additionalProperties":{"$ref":"#/$defs/Value"},"description":"The document's fields. The map keys represent field names. Field names matching the regular expression `__.*__` are reserved. Reserved field names are forbidden except in certain documented contexts. The field names, represented as UTF-8, must not exceed 1,500 bytes and cannot be empty. Field paths may be used in other contexts to refer to structured fields defined here. For `map_value`, the field path is represented by a dot-delimited (`.`) string of segments. Each segment is either a simple field name (defined below) or a quoted field name. For example, the structured field `\"foo\" : { map_value: { \"x&y\" : { string_value: \"hello\" }}}` would be represented by the field path `` foo.`x&y` ``. A simple field name contains only characters `a` to `z`, `A` to `Z`, `0` to `9`, or `_`, and must not start with `0` to `9`. For example, `foo_bar_17`. A quoted field name starts and ends with `` ` `` and may contain any character. Some characters, including `` ` ``, must be escaped using a `\\`. For example, `` `x&y` `` represents `x&y` and `` `bak\\`tik` `` represents `` bak`tik ``.","type":"object"},"name":{"description":"The resource name of the document, for example `projects/{project_id}/databases/{database_id}/documents/{document_path}`.","type":"string"},"updateTime":{"description":"Output only. The time at which the document was last changed. This value is initially set to the `create_time` then increases monotonically with each change to the document. It can also be compared to values from other documents and the `read_time` of a query.","format":"date-time","type":"string"}},"type":"object"}},{"annotations":{"destructiveHint":false,"openWorldHint":false,"readOnlyHint":false},"description":"Update a document from a Firestore database.","inputSchema":{"$defs":{"ArrayValue":{"description":"An array value.","properties":{"values":{"description":"Values in the array.","items":{"$ref":"#/$defs/Value"},"type":"array"}},"type":"object"},"Document":{"description":"A Firestore document. Must not exceed 1 MiB - 4 bytes.","properties":{"createTime":{"description":"Output only. The time at which the document was created. This value increases monotonically when a document is deleted then recreated. It can also be compared to values from other documents and the `read_time` of a query.","format":"date-time","type":"string"},"fields":{"additionalProperties":{"$ref":"#/$defs/Value"},"description":"The document's fields. The map keys represent field names. Field names matching the regular expression `__.*__` are reserved. Reserved field names are forbidden except in certain documented contexts. The field names, represented as UTF-8, must not exceed 1,500 bytes and cannot be empty. Field paths may be used in other contexts to refer to structured fields defined here. For `map_value`, the field path is represented by a dot-delimited (`.`) string of segments. Each segment is either a simple field name (defined below) or a quoted field name. For example, the structured field `\"foo\" : { map_value: { \"x&y\" : { string_value: \"hello\" }}}` would be represented by the field path `` foo.`x&y` ``. A simple field name contains only characters `a` to `z`, `A` to `Z`, `0` to `9`, or `_`, and must not start with `0` to `9`. For example, `foo_bar_17`. A quoted field name starts and ends with `` ` `` and may contain any character. Some characters, including `` ` ``, must be escaped using a `\\`. For example, `` `x&y` `` represents `x&y` and `` `bak\\`tik` `` represents `` bak`tik ``.","type":"object"},"name":{"description":"The resource name of the document, for example `projects/{project_id}/databases/{database_id}/documents/{document_path}`.","type":"string"},"updateTime":{"description":"Output only. The time at which the document was last changed. This value is initially set to the `create_time` then increases monotonically with each change to the document. It can also be compared to values from other documents and the `read_time` of a query.","format":"date-time","type":"string"}},"type":"object"},"DocumentMask":{"description":"A set of field paths on a document. Used to restrict a get or update operation on a document to a subset of its fields. This is different from standard field masks, as this is always scoped to a Document, and takes in account the dynamic nature of Value.","properties":{"fieldPaths":{"description":"The list of field paths in the mask. See Document.fields for a field path syntax reference.","items":{"type":"string"},"type":"array"}},"type":"object"},"Function":{"description":"Represents an unevaluated scalar expression. For example, the expression `like(user_name, \"%alice%\")` is represented as: ``` name: \"like\" args { field_reference: \"user_name\" } args { string_value: \"%alice%\" } ```","properties":{"args":{"description":"Optional. Ordered list of arguments the given function expects.","items":{"$ref":"#/$defs/Value"},"type":"array"},"name":{"description":"Required. The name of the function to evaluate. **Requires:** * must be in snake case (lower case with underscore separator).","type":"string"},"options":{"additionalProperties":{"$ref":"#/$defs/Value"},"description":"Optional. Optional named arguments that certain functions may support.","type":"object"}},"required":["name"],"type":"object"},"LatLng":{"description":"An object that represents a latitude/longitude pair. This is expressed as a pair of doubles to represent degrees latitude and degrees longitude. Unless specified otherwise, this object must conform to the WGS84 standard <https://en.wikipedia.org/wiki/World_Geodetic_System#1984_version>. Values must be within normalized ranges.","properties":{"latitude":{"description":"The latitude in degrees. It must be in the range [-90.0, +90.0].","format":"double","type":"number"},"longitude":{"description":"The longitude in degrees. It must be in the range [-180.0, +180.0].","format":"double","type":"number"}},"type":"object"},"MapValue":{"description":"A map value.","properties":{"fields":{"additionalProperties":{"$ref":"#/$defs/Value"},"description":"The map's fields. The map keys represent field names. Field names matching the regular expression `__.*__` are reserved. Reserved field names are forbidden except in certain documented contexts. The map keys, represented as UTF-8, must not exceed 1,500 bytes and cannot be empty.","type":"object"}},"type":"object"},"Pipeline":{"description":"A Firestore query represented as an ordered list of operations / stages.","properties":{"stages":{"description":"Required. Ordered list of stages to evaluate.","items":{"$ref":"#/$defs/Stage"},"type":"array"}},"required":["stages"],"type":"object"},"Precondition":{"description":"A precondition on a document, used for conditional operations.","properties":{"exists":{"description":"When set to `true`, the target document must exist. When set to `false`, the target document must not exist.","type":"boolean"},"updateTime":{"description":"When set, the target document must exist and have been last updated at that time. Timestamp must be microsecond aligned.","format":"date-time","type":"string"}},"type":"object"},"Stage":{"description":"A single operation within a pipeline. A stage is made up of a unique name, and a list of arguments. The exact number of arguments & types is dependent on the stage type. To give an example, the stage `filter(state = \"MD\")` would be encoded as: ``` name: \"filter\" args { function_value { name: \"eq\" args { field_reference_value: \"state\" } args { string_value: \"MD\" } } } ``` See public documentation for the full list.","properties":{"args":{"description":"Optional. Ordered list of arguments the given stage expects.","items":{"$ref":"#/$defs/Value"},"type":"array"},"name":{"description":"Required. The name of the stage to evaluate. **Requires:** * must be in snake case (lower case with underscore separator).","type":"string"},"options":{"additionalProperties":{"$ref":"#/$defs/Value"},"description":"Optional. Optional named arguments that certain functions may support.","type":"object"}},"required":["name"],"type":"object"},"Value":{"description":"A message that can hold any of the supported value types.","properties":{"arrayValue":{"$ref":"#/$defs/ArrayValue","description":"An array value. Cannot directly contain another array value, though can contain a map which contains another array."},"booleanValue":{"description":"A boolean value.","type":"boolean"},"bytesValue":{"description":"A bytes value. Must not exceed 1 MiB - 89 bytes. Only the first 1,500 bytes are considered by queries.","format":"byte","type":"string"},"doubleValue":{"description":"A double value.","format":"double","type":"number"},"fieldReferenceValue":{"description":"Value which references a field. This is considered relative (vs absolute) since it only refers to a field and not a field within a particular document. **Requires:** * Must follow field reference limitations. * Not allowed to be used when writing documents.","type":"string"},"functionValue":{"$ref":"#/$defs/Function","description":"A value that represents an unevaluated expression. **Requires:** * Not allowed to be used when writing documents."},"geoPointValue":{"$ref":"#/$defs/LatLng","description":"A geo point value representing a point on the surface of Earth."},"integerValue":{"description":"An integer value.","format":"int64","type":"string"},"mapValue":{"$ref":"#/$defs/MapValue","description":"A map value."},"nullValue":{"description":"A null value.","enum":["NULL_VALUE"],"type":"string","x-google-enum-descriptions":["Null value."]},"pipelineValue":{"$ref":"#/$defs/Pipeline","description":"A value that represents an unevaluated pipeline. **Requires:** * Not allowed to be used when writing documents."},"referenceValue":{"description":"A reference to a document. For example: `projects/{project_id}/databases/{database_id}/documents/{document_path}`.","type":"string"},"stringValue":{"description":"A string value. The string, represented as UTF-8, must not exceed 1 MiB - 89 bytes. Only the first 1,500 bytes of the UTF-8 representation are considered by queries.","type":"string"},"timestampValue":{"description":"A timestamp value. Precise only to microseconds. When stored, any additional precision is rounded down.","format":"date-time","type":"string"},"variableReferenceValue":{"description":"Pointer to a variable defined elsewhere in a pipeline. Unlike `field_reference_value` which references a field within a document, this refers to a variable, defined in a separate namespace than the fields of a document.","type":"string"}},"type":"object"}},"description":"The request for Firestore.UpdateDocument.","properties":{"currentDocument":{"$ref":"#/$defs/Precondition","description":"An optional precondition on the document. The request will fail if this is set and not met by the target document."},"document":{"$ref":"#/$defs/Document","description":"Required. The updated document. Creates the document if it does not already exist."},"mask":{"$ref":"#/$defs/DocumentMask","description":"The fields to return. If not set, returns all fields. If the document has a field that is not present in this mask, that field will not be returned in the response."},"updateMask":{"$ref":"#/$defs/DocumentMask","description":"The fields to update. None of the field paths in the mask may contain a reserved name. If the document exists on the server and has fields not referenced in the mask, they are left unchanged. Fields referenced in the mask, but not present in the input document, are deleted from the document on the server."}},"required":["document"],"type":"object"},"name":"update_document","outputSchema":{"$defs":{"ArrayValue":{"description":"An array value.","properties":{"values":{"description":"Values in the array.","items":{"$ref":"#/$defs/Value"},"type":"array"}},"type":"object"},"Function":{"description":"Represents an unevaluated scalar expression. For example, the expression `like(user_name, \"%alice%\")` is represented as: ``` name: \"like\" args { field_reference: \"user_name\" } args { string_value: \"%alice%\" } ```","properties":{"args":{"description":"Optional. Ordered list of arguments the given function expects.","items":{"$ref":"#/$defs/Value"},"type":"array"},"name":{"description":"Required. The name of the function to evaluate. **Requires:** * must be in snake case (lower case with underscore separator).","type":"string"},"options":{"additionalProperties":{"$ref":"#/$defs/Value"},"description":"Optional. Optional named arguments that certain functions may support.","type":"object"}},"type":"object"},"LatLng":{"description":"An object that represents a latitude/longitude pair. This is expressed as a pair of doubles to represent degrees latitude and degrees longitude. Unless specified otherwise, this object must conform to the WGS84 standard <https://en.wikipedia.org/wiki/World_Geodetic_System#1984_version>. Values must be within normalized ranges.","properties":{"latitude":{"description":"The latitude in degrees. It must be in the range [-90.0, +90.0].","format":"double","type":"number"},"longitude":{"description":"The longitude in degrees. It must be in the range [-180.0, +180.0].","format":"double","type":"number"}},"type":"object"},"MapValue":{"description":"A map value.","properties":{"fields":{"additionalProperties":{"$ref":"#/$defs/Value"},"description":"The map's fields. The map keys represent field names. Field names matching the regular expression `__.*__` are reserved. Reserved field names are forbidden except in certain documented contexts. The map keys, represented as UTF-8, must not exceed 1,500 bytes and cannot be empty.","type":"object"}},"type":"object"},"Pipeline":{"description":"A Firestore query represented as an ordered list of operations / stages.","properties":{"stages":{"description":"Required. Ordered list of stages to evaluate.","items":{"$ref":"#/$defs/Stage"},"type":"array"}},"type":"object"},"Stage":{"description":"A single operation within a pipeline. A stage is made up of a unique name, and a list of arguments. The exact number of arguments & types is dependent on the stage type. To give an example, the stage `filter(state = \"MD\")` would be encoded as: ``` name: \"filter\" args { function_value { name: \"eq\" args { field_reference_value: \"state\" } args { string_value: \"MD\" } } } ``` See public documentation for the full list.","properties":{"args":{"description":"Optional. Ordered list of arguments the given stage expects.","items":{"$ref":"#/$defs/Value"},"type":"array"},"name":{"description":"Required. The name of the stage to evaluate. **Requires:** * must be in snake case (lower case with underscore separator).","type":"string"},"options":{"additionalProperties":{"$ref":"#/$defs/Value"},"description":"Optional. Optional named arguments that certain functions may support.","type":"object"}},"type":"object"},"Value":{"description":"A message that can hold any of the supported value types.","properties":{"arrayValue":{"$ref":"#/$defs/ArrayValue","description":"An array value. Cannot directly contain another array value, though can contain a map which contains another array."},"booleanValue":{"description":"A boolean value.","type":"boolean"},"bytesValue":{"description":"A bytes value. Must not exceed 1 MiB - 89 bytes. Only the first 1,500 bytes are considered by queries.","format":"byte","type":"string"},"doubleValue":{"description":"A double value.","format":"double","type":"number"},"fieldReferenceValue":{"description":"Value which references a field. This is considered relative (vs absolute) since it only refers to a field and not a field within a particular document. **Requires:** * Must follow field reference limitations. * Not allowed to be used when writing documents.","type":"string"},"functionValue":{"$ref":"#/$defs/Function","description":"A value that represents an unevaluated expression. **Requires:** * Not allowed to be used when writing documents."},"geoPointValue":{"$ref":"#/$defs/LatLng","description":"A geo point value representing a point on the surface of Earth."},"integerValue":{"description":"An integer value.","format":"int64","type":"string"},"mapValue":{"$ref":"#/$defs/MapValue","description":"A map value."},"nullValue":{"description":"A null value.","enum":["NULL_VALUE"],"type":"string","x-google-enum-descriptions":["Null value."]},"pipelineValue":{"$ref":"#/$defs/Pipeline","description":"A value that represents an unevaluated pipeline. **Requires:** * Not allowed to be used when writing documents."},"referenceValue":{"description":"A reference to a document. For example: `projects/{project_id}/databases/{database_id}/documents/{document_path}`.","type":"string"},"stringValue":{"description":"A string value. The string, represented as UTF-8, must not exceed 1 MiB - 89 bytes. Only the first 1,500 bytes of the UTF-8 representation are considered by queries.","type":"string"},"timestampValue":{"description":"A timestamp value. Precise only to microseconds. When stored, any additional precision is rounded down.","format":"date-time","type":"string"},"variableReferenceValue":{"description":"Pointer to a variable defined elsewhere in a pipeline. Unlike `field_reference_value` which references a field within a document, this refers to a variable, defined in a separate namespace than the fields of a document.","type":"string"}},"type":"object"}},"description":"A Firestore document. Must not exceed 1 MiB - 4 bytes.","properties":{"createTime":{"description":"Output only. The time at which the document was created. This value increases monotonically when a document is deleted then recreated. It can also be compared to values from other documents and the `read_time` of a query.","format":"date-time","type":"string"},"fields":{"additionalProperties":{"$ref":"#/$defs/Value"},"description":"The document's fields. The map keys represent field names. Field names matching the regular expression `__.*__` are reserved. Reserved field names are forbidden except in certain documented contexts. The field names, represented as UTF-8, must not exceed 1,500 bytes and cannot be empty. Field paths may be used in other contexts to refer to structured fields defined here. For `map_value`, the field path is represented by a dot-delimited (`.`) string of segments. Each segment is either a simple field name (defined below) or a quoted field name. For example, the structured field `\"foo\" : { map_value: { \"x&y\" : { string_value: \"hello\" }}}` would be represented by the field path `` foo.`x&y` ``. A simple field name contains only characters `a` to `z`, `A` to `Z`, `0` to `9`, or `_`, and must not start with `0` to `9`. For example, `foo_bar_17`. A quoted field name starts and ends with `` ` `` and may contain any character. Some characters, including `` ` ``, must be escaped using a `\\`. For example, `` `x&y` `` represents `x&y` and `` `bak\\`tik` `` represents `` bak`tik ``.","type":"object"},"name":{"description":"The resource name of the document, for example `projects/{project_id}/databases/{database_id}/documents/{document_path}`.","type":"string"},"updateTime":{"description":"Output only. The time at which the document was last changed. This value is initially set to the `create_time` then increases monotonically with each change to the document. It can also be compared to values from other documents and the `read_time` of a query.","format":"date-time","type":"string"}},"type":"object"}},{"annotations":{"destructiveHint":true,"openWorldHint":false,"readOnlyHint":false},"description":"Delete a document from a Firestore database.","inputSchema":{"$defs":{"Precondition":{"description":"A precondition on a document, used for conditional operations.","properties":{"exists":{"description":"When set to `true`, the target document must exist. When set to `false`, the target document must not exist.","type":"boolean"},"updateTime":{"description":"When set, the target document must exist and have been last updated at that time. Timestamp must be microsecond aligned.","format":"date-time","type":"string"}},"type":"object"}},"description":"The request for Firestore.DeleteDocument.","properties":{"currentDocument":{"$ref":"#/$defs/Precondition","description":"An optional precondition on the document. The request will fail if this is set and not met by the target document."},"name":{"description":"Required. The resource name of the Document to delete. In the format: `projects/{project_id}/databases/{database_id}/documents/{document_path}`.","type":"string"}},"required":["name"],"type":"object"},"name":"delete_document","outputSchema":{"description":"A generic empty message that you can re-use to avoid defining duplicated empty messages in your APIs. A typical example is to use it as the request or the response type of an API method. For instance: service Foo { rpc Bar(google.protobuf.Empty) returns (google.protobuf.Empty); }","type":"object"}},{"annotations":{"destructiveHint":false,"openWorldHint":false,"readOnlyHint":true},"description":"List documents from a Firestore database.","inputSchema":{"$defs":{"DocumentMask":{"description":"A set of field paths on a document. Used to restrict a get or update operation on a document to a subset of its fields. This is different from standard field masks, as this is always scoped to a Document, and takes in account the dynamic nature of Value.","properties":{"fieldPaths":{"description":"The list of field paths in the mask. See Document.fields for a field path syntax reference.","items":{"type":"string"},"type":"array"}},"type":"object"}},"description":"The request for Firestore.ListDocuments.","properties":{"collectionId":{"description":"Optional. The collection ID, relative to `parent`, to list. For example: `chatrooms` or `messages`. This is optional, and when not provided, Firestore will list documents from all collections under the provided `parent`.","type":"string"},"mask":{"$ref":"#/$defs/DocumentMask","description":"Optional. The fields to return. If not set, returns all fields. If a document has a field that is not present in this mask, that field will not be returned in the response."},"orderBy":{"description":"Optional. The optional ordering of the documents to return. For example: `priority desc, __name__ desc`. This mirrors the `ORDER BY` used in Firestore queries but in a string representation. When absent, documents are ordered based on `__name__ ASC`.","type":"string"},"pageSize":{"description":"Optional. The maximum number of documents to return in a single response. Firestore may return fewer than this value.","format":"int32","type":"integer"},"pageToken":{"description":"Optional. A page token, received from a previous `ListDocuments` response. Provide this to retrieve the subsequent page. When paginating, all other parameters (with the exception of `page_size`) must match the values set in the request that generated the page token.","type":"string"},"parent":{"description":"Required. The parent resource name. In the format: `projects/{project_id}/databases/{database_id}/documents` or `projects/{project_id}/databases/{database_id}/documents/{document_path}`. For example: `projects/my-project/databases/my-database/documents` or `projects/my-project/databases/my-database/documents/chatrooms/my-chatroom`","type":"string"},"readTime":{"description":"Perform the read at the provided time. This must be a microsecond precision timestamp within the past one hour, or if Point-in-Time Recovery is enabled, can additionally be a whole minute timestamp within the past 7 days.","format":"date-time","type":"string"},"showMissing":{"description":"If the list should show missing documents. A document is missing if it does not exist, but there are sub-documents nested underneath it. When true, such missing documents will be returned with a key but will not have fields, `create_time`, or `update_time` set. Requests with `show_missing` may not specify `where` or `order_by`.","type":"boolean"},"transaction":{"description":"Perform the read as part of an already active transaction.","format":"byte","type":"string"}},"required":["parent"],"type":"object"},"name":"list_documents","outputSchema":{"$defs":{"ArrayValue":{"description":"An array value.","properties":{"values":{"description":"Values in the array.","items":{"$ref":"#/$defs/Value"},"type":"array"}},"type":"object"},"Document":{"description":"A Firestore document. Must not exceed 1 MiB - 4 bytes.","properties":{"createTime":{"description":"Output only. The time at which the document was created. This value increases monotonically when a document is deleted then recreated. It can also be compared to values from other documents and the `read_time` of a query.","format":"date-time","type":"string"},"fields":{"additionalProperties":{"$ref":"#/$defs/Value"},"description":"The document's fields. The map keys represent field names. Field names matching the regular expression `__.*__` are reserved. Reserved field names are forbidden except in certain documented contexts. The field names, represented as UTF-8, must not exceed 1,500 bytes and cannot be empty. Field paths may be used in other contexts to refer to structured fields defined here. For `map_value`, the field path is represented by a dot-delimited (`.`) string of segments. Each segment is either a simple field name (defined below) or a quoted field name. For example, the structured field `\"foo\" : { map_value: { \"x&y\" : { string_value: \"hello\" }}}` would be represented by the field path `` foo.`x&y` ``. A simple field name contains only characters `a` to `z`, `A` to `Z`, `0` to `9`, or `_`, and must not start with `0` to `9`. For example, `foo_bar_17`. A quoted field name starts and ends with `` ` `` and may contain any character. Some characters, including `` ` ``, must be escaped using a `\\`. For example, `` `x&y` `` represents `x&y` and `` `bak\\`tik` `` represents `` bak`tik ``.","type":"object"},"name":{"description":"The resource name of the document, for example `projects/{project_id}/databases/{database_id}/documents/{document_path}`.","type":"string"},"updateTime":{"description":"Output only. The time at which the document was last changed. This value is initially set to the `create_time` then increases monotonically with each change to the document. It can also be compared to values from other documents and the `read_time` of a query.","format":"date-time","type":"string"}},"type":"object"},"Function":{"description":"Represents an unevaluated scalar expression. For example, the expression `like(user_name, \"%alice%\")` is represented as: ``` name: \"like\" args { field_reference: \"user_name\" } args { string_value: \"%alice%\" } ```","properties":{"args":{"description":"Optional. Ordered list of arguments the given function expects.","items":{"$ref":"#/$defs/Value"},"type":"array"},"name":{"description":"Required. The name of the function to evaluate. **Requires:** * must be in snake case (lower case with underscore separator).","type":"string"},"options":{"additionalProperties":{"$ref":"#/$defs/Value"},"description":"Optional. Optional named arguments that certain functions may support.","type":"object"}},"type":"object"},"LatLng":{"description":"An object that represents a latitude/longitude pair. This is expressed as a pair of doubles to represent degrees latitude and degrees longitude. Unless specified otherwise, this object must conform to the WGS84 standard <https://en.wikipedia.org/wiki/World_Geodetic_System#1984_version>. Values must be within normalized ranges.","properties":{"latitude":{"description":"The latitude in degrees. It must be in the range [-90.0, +90.0].","format":"double","type":"number"},"longitude":{"description":"The longitude in degrees. It must be in the range [-180.0, +180.0].","format":"double","type":"number"}},"type":"object"},"MapValue":{"description":"A map value.","properties":{"fields":{"additionalProperties":{"$ref":"#/$defs/Value"},"description":"The map's fields. The map keys represent field names. Field names matching the regular expression `__.*__` are reserved. Reserved field names are forbidden except in certain documented contexts. The map keys, represented as UTF-8, must not exceed 1,500 bytes and cannot be empty.","type":"object"}},"type":"object"},"Pipeline":{"description":"A Firestore query represented as an ordered list of operations / stages.","properties":{"stages":{"description":"Required. Ordered list of stages to evaluate.","items":{"$ref":"#/$defs/Stage"},"type":"array"}},"type":"object"},"Stage":{"description":"A single operation within a pipeline. A stage is made up of a unique name, and a list of arguments. The exact number of arguments & types is dependent on the stage type. To give an example, the stage `filter(state = \"MD\")` would be encoded as: ``` name: \"filter\" args { function_value { name: \"eq\" args { field_reference_value: \"state\" } args { string_value: \"MD\" } } } ``` See public documentation for the full list.","properties":{"args":{"description":"Optional. Ordered list of arguments the given stage expects.","items":{"$ref":"#/$defs/Value"},"type":"array"},"name":{"description":"Required. The name of the stage to evaluate. **Requires:** * must be in snake case (lower case with underscore separator).","type":"string"},"options":{"additionalProperties":{"$ref":"#/$defs/Value"},"description":"Optional. Optional named arguments that certain functions may support.","type":"object"}},"type":"object"},"Value":{"description":"A message that can hold any of the supported value types.","properties":{"arrayValue":{"$ref":"#/$defs/ArrayValue","description":"An array value. Cannot directly contain another array value, though can contain a map which contains another array."},"booleanValue":{"description":"A boolean value.","type":"boolean"},"bytesValue":{"description":"A bytes value. Must not exceed 1 MiB - 89 bytes. Only the first 1,500 bytes are considered by queries.","format":"byte","type":"string"},"doubleValue":{"description":"A double value.","format":"double","type":"number"},"fieldReferenceValue":{"description":"Value which references a field. This is considered relative (vs absolute) since it only refers to a field and not a field within a particular document. **Requires:** * Must follow field reference limitations. * Not allowed to be used when writing documents.","type":"string"},"functionValue":{"$ref":"#/$defs/Function","description":"A value that represents an unevaluated expression. **Requires:** * Not allowed to be used when writing documents."},"geoPointValue":{"$ref":"#/$defs/LatLng","description":"A geo point value representing a point on the surface of Earth."},"integerValue":{"description":"An integer value.","format":"int64","type":"string"},"mapValue":{"$ref":"#/$defs/MapValue","description":"A map value."},"nullValue":{"description":"A null value.","enum":["NULL_VALUE"],"type":"string","x-google-enum-descriptions":["Null value."]},"pipelineValue":{"$ref":"#/$defs/Pipeline","description":"A value that represents an unevaluated pipeline. **Requires:** * Not allowed to be used when writing documents."},"referenceValue":{"description":"A reference to a document. For example: `projects/{project_id}/databases/{database_id}/documents/{document_path}`.","type":"string"},"stringValue":{"description":"A string value. The string, represented as UTF-8, must not exceed 1 MiB - 89 bytes. Only the first 1,500 bytes of the UTF-8 representation are considered by queries.","type":"string"},"timestampValue":{"description":"A timestamp value. Precise only to microseconds. When stored, any additional precision is rounded down.","format":"date-time","type":"string"},"variableReferenceValue":{"description":"Pointer to a variable defined elsewhere in a pipeline. Unlike `field_reference_value` which references a field within a document, this refers to a variable, defined in a separate namespace than the fields of a document.","type":"string"}},"type":"object"}},"description":"The response for Firestore.ListDocuments.","properties":{"documents":{"description":"The Documents found.","items":{"$ref":"#/$defs/Document"},"type":"array"},"nextPageToken":{"description":"A token to retrieve the next page of documents. If this field is omitted, there are no subsequent pages.","type":"string"}},"type":"object"}},{"annotations":{"destructiveHint":false,"openWorldHint":false,"readOnlyHint":true},"description":"List all the collection IDs underneath a document.","inputSchema":{"description":"The request for Firestore.ListCollectionIds.","properties":{"pageSize":{"description":"The maximum number of results to return.","format":"int32","type":"integer"},"pageToken":{"description":"A page token. Must be a value from ListCollectionIdsResponse.","type":"string"},"parent":{"description":"Required. The parent document. In the format: `projects/{project_id}/databases/{database_id}/documents/{document_path}`. For example: `projects/my-project/databases/my-database/documents/chatrooms/my-chatroom`","type":"string"},"readTime":{"description":"Reads documents as they were at the given time. This must be a microsecond precision timestamp within the past one hour, or if Point-in-Time Recovery is enabled, can additionally be a whole minute timestamp within the past 7 days.","format":"date-time","type":"string"}},"required":["parent"],"type":"object"},"name":"list_collections","outputSchema":{"description":"The response from Firestore.ListCollectionIds.","properties":{"collectionIds":{"description":"The collection ids.","items":{"type":"string"},"type":"array"},"nextPageToken":{"description":"A page token that may be used to continue the list.","type":"string"}},"type":"object"}},{"annotations":{"destructiveHint":false,"openWorldHint":false,"readOnlyHint":false},"description":"Create a Firestore database.","inputSchema":{"$defs":{"BackupSource":{"description":"Information about a backup that was used to restore a database.","properties":{"backup":{"description":"The resource name of the backup that was used to restore this database. Format: `projects/{project}/locations/{location}/backups/{backup}`.","type":"string"}},"type":"object"},"CmekConfig":{"description":"The CMEK (Customer Managed Encryption Key) configuration for a Firestore database. If not present, the database is secured by the default Google encryption key.","properties":{"activeKeyVersion":{"description":"Output only. Currently in-use [KMS key versions](https://cloud.google.com/kms/docs/resource-hierarchy#key_versions). During [key rotation](https://cloud.google.com/kms/docs/key-rotation), there can be multiple in-use key versions. The expected format is `projects/{project_id}/locations/{kms_location}/keyRings/{key_ring}/cryptoKeys/{crypto_key}/cryptoKeyVersions/{key_version}`.","items":{"type":"string"},"readOnly":true,"type":"array"},"kmsKeyName":{"description":"Required. Only keys in the same location as this database are allowed to be used for encryption. For Firestore's nam5 multi-region, this corresponds to Cloud KMS multi-region us. For Firestore's eur3 multi-region, this corresponds to Cloud KMS multi-region europe. See https://cloud.google.com/kms/docs/locations. The expected format is `projects/{project_id}/locations/{kms_location}/keyRings/{key_ring}/cryptoKeys/{crypto_key}`.","type":"string"}},"required":["kmsKeyName"],"type":"object"},"Database":{"description":"A Cloud Firestore Database.","properties":{"appEngineIntegrationMode":{"description":"The App Engine integration mode to use for this database.","enum":["APP_ENGINE_INTEGRATION_MODE_UNSPECIFIED","ENABLED","DISABLED"],"type":"string","x-google-enum-descriptions":["Not used.","If an App Engine application exists in the same region as this database, App Engine configuration will impact this database. This includes disabling of the application & database, as well as disabling writes to the database.","App Engine has no effect on the ability of this database to serve requests. This is the default setting for databases created with the Firestore API."]},"cmekConfig":{"$ref":"#/$defs/CmekConfig","description":"Optional. Presence indicates CMEK is enabled for this database."},"concurrencyMode":{"description":"The concurrency control mode to use for this database. If unspecified in a CreateDatabase request, this will default based on the database edition: Optimistic for Enterprise and Pessimistic for all other databases.","enum":["CONCURRENCY_MODE_UNSPECIFIED","OPTIMISTIC","PESSIMISTIC","OPTIMISTIC_WITH_ENTITY_GROUPS"],"type":"string","x-google-enum-descriptions":["Not used.","Use optimistic concurrency control by default. This mode is available for Cloud Firestore databases. This is the default setting for Cloud Firestore Enterprise Edition databases.","Use pessimistic concurrency control by default. This mode is available for Cloud Firestore databases. This is the default setting for Cloud Firestore Standard Edition databases.","Use optimistic concurrency control with entity groups by default. This mode is enabled for some databases that were automatically upgraded from Cloud Datastore to Cloud Firestore with Datastore Mode. It is not recommended for any new databases, and not supported for Firestore Native databases."]},"createTime":{"description":"Output only. The timestamp at which this database was created. Databases created before 2016 do not populate create_time.","format":"date-time","readOnly":true,"type":"string"},"databaseEdition":{"description":"Immutable. The edition of the database.","enum":["DATABASE_EDITION_UNSPECIFIED","STANDARD","ENTERPRISE"],"type":"string","x-google-enum-descriptions":["Not used.","Standard edition. This is the default setting if not specified.","Enterprise edition."],"x-google-immutable":true},"deleteProtectionState":{"description":"State of delete protection for the database.","enum":["DELETE_PROTECTION_STATE_UNSPECIFIED","DELETE_PROTECTION_DISABLED","DELETE_PROTECTION_ENABLED"],"type":"string","x-google-enum-descriptions":["The default value. Delete protection type is not specified","Delete protection is disabled","Delete protection is enabled"]},"deleteTime":{"description":"Output only. The timestamp at which this database was deleted. Only set if the database has been deleted.","format":"date-time","readOnly":true,"type":"string"},"earliestVersionTime":{"description":"Output only. The earliest timestamp at which older versions of the data can be read from the database. See [version_retention_period] above; this field is populated with `now - version_retention_period`. This value is continuously updated, and becomes stale the moment it is queried. If you are using this value to recover data, make sure to account for the time from the moment when the value is queried to the moment when you initiate the recovery.","format":"date-time","readOnly":true,"type":"string"},"etag":{"description":"This checksum is computed by the server based on the value of other fields, and may be sent on update and delete requests to ensure the client has an up-to-date value before proceeding.","type":"string"},"firestoreDataAccessMode":{"description":"Optional. The Firestore API data access mode to use for this database. If not set on write: - the default value is DATA_ACCESS_MODE_DISABLED for Enterprise Edition. - the default value is DATA_ACCESS_MODE_ENABLED for Standard Edition.","enum":["DATA_ACCESS_MODE_UNSPECIFIED","DATA_ACCESS_MODE_ENABLED","DATA_ACCESS_MODE_DISABLED"],"type":"string","x-google-enum-descriptions":["Not Used.","Accessing the database through the API is allowed.","Accessing the database through the API is disallowed."]},"freeTier":{"description":"Output only. Background: Free tier is the ability of a Firestore database to use a small amount of resources every day without being charged. Once usage exceeds the free tier limit further usage is charged. Whether this database can make use of the free tier. Only one database per project can be eligible for the free tier. The first (or next) database that is created in a project without a free tier database will be marked as eligible for the free tier. Databases that are created while there is a free tier database will not be eligible for the free tier.","readOnly":true,"type":"boolean"},"keyPrefix":{"description":"Output only. The key_prefix for this database. This key_prefix is used, in combination with the project ID (\"~\") to construct the application ID that is returned from the Cloud Datastore APIs in Google App Engine first generation runtimes. This value may be empty in which case the appid to use for URL-encoded keys is the project_id (eg: foo instead of v~foo).","readOnly":true,"type":"string"},"locationId":{"description":"Required. The location of the database. Available locations are listed at https://cloud.google.com/firestore/docs/locations.","type":"string"},"mongodbCompatibleDataAccessMode":{"description":"Optional. The MongoDB compatible API data access mode to use for this database. If not set on write, the default value is DATA_ACCESS_MODE_ENABLED for Enterprise Edition. The value is always DATA_ACCESS_MODE_DISABLED for Standard Edition.","enum":["DATA_ACCESS_MODE_UNSPECIFIED","DATA_ACCESS_MODE_ENABLED","DATA_ACCESS_MODE_DISABLED"],"type":"string","x-google-enum-descriptions":["Not Used.","Accessing the database through the API is allowed.","Accessing the database through the API is disallowed."]},"name":{"description":"The resource name of the Database. Format: `projects/{project}/databases/{database}`","type":"string"},"pointInTimeRecoveryEnablement":{"description":"Whether to enable the PITR feature on this database.","enum":["POINT_IN_TIME_RECOVERY_ENABLEMENT_UNSPECIFIED","POINT_IN_TIME_RECOVERY_ENABLED","POINT_IN_TIME_RECOVERY_DISABLED"],"type":"string","x-google-enum-descriptions":["Not used.","Reads are supported on selected versions of the data from within the past 7 days: * Reads against any timestamp within the past hour * Reads against 1-minute snapshots beyond 1 hour and within 7 days `version_retention_period` and `earliest_version_time` can be used to determine the supported versions.","Reads are supported on any version of the data from within the past 1 hour."]},"previousId":{"description":"Output only. The database resource's prior database ID. This field is only populated for deleted databases.","readOnly":true,"type":"string"},"realtimeUpdatesMode":{"description":"Immutable. The default Realtime Updates mode to use for this database.","enum":["REALTIME_UPDATES_MODE_UNSPECIFIED","REALTIME_UPDATES_MODE_ENABLED","REALTIME_UPDATES_MODE_DISABLED"],"type":"string","x-google-enum-descriptions":["The Realtime Updates feature is not specified.","The Realtime Updates feature is enabled by default. This could potentially degrade write performance for the database.","The Realtime Updates feature is disabled by default."],"x-google-immutable":true},"sourceInfo":{"$ref":"#/$defs/SourceInfo","description":"Output only. Information about the provenance of this database.","readOnly":true},"tags":{"additionalProperties":{"type":"string"},"description":"Optional. Input only. Immutable. Tag keys/values directly bound to this resource. For example: \"123/environment\": \"production\", \"123/costCenter\": \"marketing\"","type":"object","writeOnly":true,"x-google-immutable":true},"type":{"description":"Required. The type of the database. See https://cloud.google.com/datastore/docs/firestore-or-datastore for information about how to choose.","enum":["DATABASE_TYPE_UNSPECIFIED","FIRESTORE_NATIVE","DATASTORE_MODE"],"type":"string","x-google-enum-descriptions":["Not used.","Firestore Native Mode","Firestore in Datastore Mode."]},"uid":{"description":"Output only. The system-generated UUID4 for this Database.","readOnly":true,"type":"string"},"updateTime":{"description":"Output only. The timestamp at which this database was most recently updated. Note this only includes updates to the database resource and not data contained by the database.","format":"date-time","readOnly":true,"type":"string"},"versionRetentionPeriod":{"description":"Output only. The period during which past versions of data are retained in the database. Any read or query can specify a `read_time` within this window, and will read the state of the database at that time. If the PITR feature is enabled, the retention period is 7 days. Otherwise, the retention period is 1 hour.","format":"google-duration","readOnly":true,"type":"string"}},"required":["locationId","type"],"type":"object"},"SourceInfo":{"description":"Information about the provenance of this database.","properties":{"backup":{"$ref":"#/$defs/BackupSource","description":"If set, this database was restored from the specified backup (or a snapshot thereof)."},"operation":{"description":"The associated long-running operation. This field may not be set after the operation has completed. Format: `projects/{project}/databases/{database}/operations/{operation}`.","type":"string"}},"type":"object"}},"description":"The request for FirestoreAdmin.CreateDatabase.","properties":{"database":{"$ref":"#/$defs/Database","description":"Required. The Database to create."},"databaseId":{"description":"Required. The ID to use for the database, which will become the final component of the database's resource name. This value should be 4-63 characters. Valid characters are /a-z-/ with first character a letter and the last a letter or a number. Must not be UUID-like /[0-9a-f]{8}(-[0-9a-f]{4}){3}-[0-9a-f]{12}/. \"(default)\" database ID is also valid if the database is Standard edition.","type":"string"},"parent":{"description":"Required. A parent name of the form `projects/{project_id}`","type":"string"}},"required":["parent","database","databaseId"],"type":"object"},"name":"create_database","outputSchema":{"$defs":{"Status":{"description":"The `Status` type defines a logical error model that is suitable for different programming environments, including REST APIs and RPC APIs. It is used by [gRPC](https://github.com/grpc). Each `Status` message contains three pieces of data: error code, error message, and error details. You can find out more about this error model and how to work with it in the [API Design Guide](https://cloud.google.com/apis/design/errors).","properties":{"code":{"description":"The status code, which should be an enum value of google.rpc.Code.","format":"int32","type":"integer"},"details":{"description":"A list of messages that carry the error details. There is a common set of message types for APIs to use.","items":{"additionalProperties":{"description":"Properties of the object. Contains field @type with type URL."},"type":"object"},"type":"array"},"message":{"description":"A developer-facing error message, which should be in English. Any user-facing error message should be localized and sent in the google.rpc.Status.details field, or localized by the client.","type":"string"}},"type":"object"}},"description":"This resource represents a long-running operation that is the result of a network API call.","properties":{"done":{"description":"If the value is `false`, it means the operation is still in progress. If `true`, the operation is completed, and either `error` or `response` is available.","type":"boolean"},"error":{"$ref":"#/$defs/Status","description":"The error result of the operation in case of failure or cancellation."},"metadata":{"additionalProperties":{"description":"Properties of the object. Contains field @type with type URL."},"description":"Service-specific metadata associated with the operation. It typically contains progress information and common metadata such as create time. Some services might not provide such metadata. Any method that returns a long-running operation should document the metadata type, if any.","type":"object"},"name":{"description":"The server-assigned name, which is only unique within the same service that originally returns it. If you use the default HTTP mapping, the `name` should be a resource name ending with `operations/{unique_id}`.","type":"string"},"response":{"additionalProperties":{"description":"Properties of the object. Contains field @type with type URL."},"description":"The normal, successful response of the operation. If the original method returns no data on success, such as `Delete`, the response is `google.protobuf.Empty`. If the original method is standard `Get`/`Create`/`Update`, the response should be the resource. For other methods, the response should have the type `XxxResponse`, where `Xxx` is the original method name. For example, if the original method name is `TakeSnapshot()`, the inferred response type is `TakeSnapshotResponse`.","type":"object"}},"type":"object"}},{"annotations":{"destructiveHint":false,"openWorldHint":false,"readOnlyHint":true},"description":"Get a Firestore database.","inputSchema":{"description":"The request for FirestoreAdmin.GetDatabase.","properties":{"name":{"description":"Required. A name of the form `projects/{project_id}/databases/{database_id}`","type":"string"}},"required":["name"],"type":"object"},"name":"get_database","outputSchema":{"$defs":{"BackupSource":{"description":"Information about a backup that was used to restore a database.","properties":{"backup":{"description":"The resource name of the backup that was used to restore this database. Format: `projects/{project}/locations/{location}/backups/{backup}`.","type":"string"}},"type":"object"},"CmekConfig":{"description":"The CMEK (Customer Managed Encryption Key) configuration for a Firestore database. If not present, the database is secured by the default Google encryption key.","properties":{"activeKeyVersion":{"description":"Output only. Currently in-use [KMS key versions](https://cloud.google.com/kms/docs/resource-hierarchy#key_versions). During [key rotation](https://cloud.google.com/kms/docs/key-rotation), there can be multiple in-use key versions. The expected format is `projects/{project_id}/locations/{kms_location}/keyRings/{key_ring}/cryptoKeys/{crypto_key}/cryptoKeyVersions/{key_version}`.","items":{"type":"string"},"readOnly":true,"type":"array"},"kmsKeyName":{"description":"Required. Only keys in the same location as this database are allowed to be used for encryption. For Firestore's nam5 multi-region, this corresponds to Cloud KMS multi-region us. For Firestore's eur3 multi-region, this corresponds to Cloud KMS multi-region europe. See https://cloud.google.com/kms/docs/locations. The expected format is `projects/{project_id}/locations/{kms_location}/keyRings/{key_ring}/cryptoKeys/{crypto_key}`.","type":"string"}},"type":"object"},"SourceInfo":{"description":"Information about the provenance of this database.","properties":{"backup":{"$ref":"#/$defs/BackupSource","description":"If set, this database was restored from the specified backup (or a snapshot thereof)."},"operation":{"description":"The associated long-running operation. This field may not be set after the operation has completed. Format: `projects/{project}/databases/{database}/operations/{operation}`.","type":"string"}},"type":"object"}},"description":"A Cloud Firestore Database.","properties":{"appEngineIntegrationMode":{"description":"The App Engine integration mode to use for this database.","enum":["APP_ENGINE_INTEGRATION_MODE_UNSPECIFIED","ENABLED","DISABLED"],"type":"string","x-google-enum-descriptions":["Not used.","If an App Engine application exists in the same region as this database, App Engine configuration will impact this database. This includes disabling of the application & database, as well as disabling writes to the database.","App Engine has no effect on the ability of this database to serve requests. This is the default setting for databases created with the Firestore API."]},"cmekConfig":{"$ref":"#/$defs/CmekConfig","description":"Optional. Presence indicates CMEK is enabled for this database."},"concurrencyMode":{"description":"The concurrency control mode to use for this database. If unspecified in a CreateDatabase request, this will default based on the database edition: Optimistic for Enterprise and Pessimistic for all other databases.","enum":["CONCURRENCY_MODE_UNSPECIFIED","OPTIMISTIC","PESSIMISTIC","OPTIMISTIC_WITH_ENTITY_GROUPS"],"type":"string","x-google-enum-descriptions":["Not used.","Use optimistic concurrency control by default. This mode is available for Cloud Firestore databases. This is the default setting for Cloud Firestore Enterprise Edition databases.","Use pessimistic concurrency control by default. This mode is available for Cloud Firestore databases. This is the default setting for Cloud Firestore Standard Edition databases.","Use optimistic concurrency control with entity groups by default. This mode is enabled for some databases that were automatically upgraded from Cloud Datastore to Cloud Firestore with Datastore Mode. It is not recommended for any new databases, and not supported for Firestore Native databases."]},"createTime":{"description":"Output only. The timestamp at which this database was created. Databases created before 2016 do not populate create_time.","format":"date-time","readOnly":true,"type":"string"},"databaseEdition":{"description":"Immutable. The edition of the database.","enum":["DATABASE_EDITION_UNSPECIFIED","STANDARD","ENTERPRISE"],"type":"string","x-google-enum-descriptions":["Not used.","Standard edition. This is the default setting if not specified.","Enterprise edition."],"x-google-immutable":true},"deleteProtectionState":{"description":"State of delete protection for the database.","enum":["DELETE_PROTECTION_STATE_UNSPECIFIED","DELETE_PROTECTION_DISABLED","DELETE_PROTECTION_ENABLED"],"type":"string","x-google-enum-descriptions":["The default value. Delete protection type is not specified","Delete protection is disabled","Delete protection is enabled"]},"deleteTime":{"description":"Output only. The timestamp at which this database was deleted. Only set if the database has been deleted.","format":"date-time","readOnly":true,"type":"string"},"earliestVersionTime":{"description":"Output only. The earliest timestamp at which older versions of the data can be read from the database. See [version_retention_period] above; this field is populated with `now - version_retention_period`. This value is continuously updated, and becomes stale the moment it is queried. If you are using this value to recover data, make sure to account for the time from the moment when the value is queried to the moment when you initiate the recovery.","format":"date-time","readOnly":true,"type":"string"},"etag":{"description":"This checksum is computed by the server based on the value of other fields, and may be sent on update and delete requests to ensure the client has an up-to-date value before proceeding.","type":"string"},"firestoreDataAccessMode":{"description":"Optional. The Firestore API data access mode to use for this database. If not set on write: - the default value is DATA_ACCESS_MODE_DISABLED for Enterprise Edition. - the default value is DATA_ACCESS_MODE_ENABLED for Standard Edition.","enum":["DATA_ACCESS_MODE_UNSPECIFIED","DATA_ACCESS_MODE_ENABLED","DATA_ACCESS_MODE_DISABLED"],"type":"string","x-google-enum-descriptions":["Not Used.","Accessing the database through the API is allowed.","Accessing the database through the API is disallowed."]},"freeTier":{"description":"Output only. Background: Free tier is the ability of a Firestore database to use a small amount of resources every day without being charged. Once usage exceeds the free tier limit further usage is charged. Whether this database can make use of the free tier. Only one database per project can be eligible for the free tier. The first (or next) database that is created in a project without a free tier database will be marked as eligible for the free tier. Databases that are created while there is a free tier database will not be eligible for the free tier.","readOnly":true,"type":"boolean"},"keyPrefix":{"description":"Output only. The key_prefix for this database. This key_prefix is used, in combination with the project ID (\"~\") to construct the application ID that is returned from the Cloud Datastore APIs in Google App Engine first generation runtimes. This value may be empty in which case the appid to use for URL-encoded keys is the project_id (eg: foo instead of v~foo).","readOnly":true,"type":"string"},"locationId":{"description":"Required. The location of the database. Available locations are listed at https://cloud.google.com/firestore/docs/locations.","type":"string"},"mongodbCompatibleDataAccessMode":{"description":"Optional. The MongoDB compatible API data access mode to use for this database. If not set on write, the default value is DATA_ACCESS_MODE_ENABLED for Enterprise Edition. The value is always DATA_ACCESS_MODE_DISABLED for Standard Edition.","enum":["DATA_ACCESS_MODE_UNSPECIFIED","DATA_ACCESS_MODE_ENABLED","DATA_ACCESS_MODE_DISABLED"],"type":"string","x-google-enum-descriptions":["Not Used.","Accessing the database through the API is allowed.","Accessing the database through the API is disallowed."]},"name":{"description":"The resource name of the Database. Format: `projects/{project}/databases/{database}`","type":"string"},"pointInTimeRecoveryEnablement":{"description":"Whether to enable the PITR feature on this database.","enum":["POINT_IN_TIME_RECOVERY_ENABLEMENT_UNSPECIFIED","POINT_IN_TIME_RECOVERY_ENABLED","POINT_IN_TIME_RECOVERY_DISABLED"],"type":"string","x-google-enum-descriptions":["Not used.","Reads are supported on selected versions of the data from within the past 7 days: * Reads against any timestamp within the past hour * Reads against 1-minute snapshots beyond 1 hour and within 7 days `version_retention_period` and `earliest_version_time` can be used to determine the supported versions.","Reads are supported on any version of the data from within the past 1 hour."]},"previousId":{"description":"Output only. The database resource's prior database ID. This field is only populated for deleted databases.","readOnly":true,"type":"string"},"realtimeUpdatesMode":{"description":"Immutable. The default Realtime Updates mode to use for this database.","enum":["REALTIME_UPDATES_MODE_UNSPECIFIED","REALTIME_UPDATES_MODE_ENABLED","REALTIME_UPDATES_MODE_DISABLED"],"type":"string","x-google-enum-descriptions":["The Realtime Updates feature is not specified.","The Realtime Updates feature is enabled by default. This could potentially degrade write performance for the database.","The Realtime Updates feature is disabled by default."],"x-google-immutable":true},"sourceInfo":{"$ref":"#/$defs/SourceInfo","description":"Output only. Information about the provenance of this database.","readOnly":true},"tags":{"additionalProperties":{"type":"string"},"description":"Optional. Input only. Immutable. Tag keys/values directly bound to this resource. For example: \"123/environment\": \"production\", \"123/costCenter\": \"marketing\"","type":"object","writeOnly":true,"x-google-immutable":true},"type":{"description":"Required. The type of the database. See https://cloud.google.com/datastore/docs/firestore-or-datastore for information about how to choose.","enum":["DATABASE_TYPE_UNSPECIFIED","FIRESTORE_NATIVE","DATASTORE_MODE"],"type":"string","x-google-enum-descriptions":["Not used.","Firestore Native Mode","Firestore in Datastore Mode."]},"uid":{"description":"Output only. The system-generated UUID4 for this Database.","readOnly":true,"type":"string"},"updateTime":{"description":"Output only. The timestamp at which this database was most recently updated. Note this only includes updates to the database resource and not data contained by the database.","format":"date-time","readOnly":true,"type":"string"},"versionRetentionPeriod":{"description":"Output only. The period during which past versions of data are retained in the database. Any read or query can specify a `read_time` within this window, and will read the state of the database at that time. If the PITR feature is enabled, the retention period is 7 days. Otherwise, the retention period is 1 hour.","format":"google-duration","readOnly":true,"type":"string"}},"type":"object"}},{"annotations":{"destructiveHint":false,"openWorldHint":false,"readOnlyHint":true},"description":"List Firestore databases.","inputSchema":{"description":"A request to list the Firestore Databases in all locations for a project.","properties":{"parent":{"description":"Required. A parent name of the form `projects/{project_id}`","type":"string"},"showDeleted":{"description":"If true, also returns deleted resources.","type":"boolean"}},"required":["parent"],"type":"object"},"name":"list_databases","outputSchema":{"$defs":{"BackupSource":{"description":"Information about a backup that was used to restore a database.","properties":{"backup":{"description":"The resource name of the backup that was used to restore this database. Format: `projects/{project}/locations/{location}/backups/{backup}`.","type":"string"}},"type":"object"},"CmekConfig":{"description":"The CMEK (Customer Managed Encryption Key) configuration for a Firestore database. If not present, the database is secured by the default Google encryption key.","properties":{"activeKeyVersion":{"description":"Output only. Currently in-use [KMS key versions](https://cloud.google.com/kms/docs/resource-hierarchy#key_versions). During [key rotation](https://cloud.google.com/kms/docs/key-rotation), there can be multiple in-use key versions. The expected format is `projects/{project_id}/locations/{kms_location}/keyRings/{key_ring}/cryptoKeys/{crypto_key}/cryptoKeyVersions/{key_version}`.","items":{"type":"string"},"readOnly":true,"type":"array"},"kmsKeyName":{"description":"Required. Only keys in the same location as this database are allowed to be used for encryption. For Firestore's nam5 multi-region, this corresponds to Cloud KMS multi-region us. For Firestore's eur3 multi-region, this corresponds to Cloud KMS multi-region europe. See https://cloud.google.com/kms/docs/locations. The expected format is `projects/{project_id}/locations/{kms_location}/keyRings/{key_ring}/cryptoKeys/{crypto_key}`.","type":"string"}},"type":"object"},"Database":{"description":"A Cloud Firestore Database.","properties":{"appEngineIntegrationMode":{"description":"The App Engine integration mode to use for this database.","enum":["APP_ENGINE_INTEGRATION_MODE_UNSPECIFIED","ENABLED","DISABLED"],"type":"string","x-google-enum-descriptions":["Not used.","If an App Engine application exists in the same region as this database, App Engine configuration will impact this database. This includes disabling of the application & database, as well as disabling writes to the database.","App Engine has no effect on the ability of this database to serve requests. This is the default setting for databases created with the Firestore API."]},"cmekConfig":{"$ref":"#/$defs/CmekConfig","description":"Optional. Presence indicates CMEK is enabled for this database."},"concurrencyMode":{"description":"The concurrency control mode to use for this database. If unspecified in a CreateDatabase request, this will default based on the database edition: Optimistic for Enterprise and Pessimistic for all other databases.","enum":["CONCURRENCY_MODE_UNSPECIFIED","OPTIMISTIC","PESSIMISTIC","OPTIMISTIC_WITH_ENTITY_GROUPS"],"type":"string","x-google-enum-descriptions":["Not used.","Use optimistic concurrency control by default. This mode is available for Cloud Firestore databases. This is the default setting for Cloud Firestore Enterprise Edition databases.","Use pessimistic concurrency control by default. This mode is available for Cloud Firestore databases. This is the default setting for Cloud Firestore Standard Edition databases.","Use optimistic concurrency control with entity groups by default. This mode is enabled for some databases that were automatically upgraded from Cloud Datastore to Cloud Firestore with Datastore Mode. It is not recommended for any new databases, and not supported for Firestore Native databases."]},"createTime":{"description":"Output only. The timestamp at which this database was created. Databases created before 2016 do not populate create_time.","format":"date-time","readOnly":true,"type":"string"},"databaseEdition":{"description":"Immutable. The edition of the database.","enum":["DATABASE_EDITION_UNSPECIFIED","STANDARD","ENTERPRISE"],"type":"string","x-google-enum-descriptions":["Not used.","Standard edition. This is the default setting if not specified.","Enterprise edition."],"x-google-immutable":true},"deleteProtectionState":{"description":"State of delete protection for the database.","enum":["DELETE_PROTECTION_STATE_UNSPECIFIED","DELETE_PROTECTION_DISABLED","DELETE_PROTECTION_ENABLED"],"type":"string","x-google-enum-descriptions":["The default value. Delete protection type is not specified","Delete protection is disabled","Delete protection is enabled"]},"deleteTime":{"description":"Output only. The timestamp at which this database was deleted. Only set if the database has been deleted.","format":"date-time","readOnly":true,"type":"string"},"earliestVersionTime":{"description":"Output only. The earliest timestamp at which older versions of the data can be read from the database. See [version_retention_period] above; this field is populated with `now - version_retention_period`. This value is continuously updated, and becomes stale the moment it is queried. If you are using this value to recover data, make sure to account for the time from the moment when the value is queried to the moment when you initiate the recovery.","format":"date-time","readOnly":true,"type":"string"},"etag":{"description":"This checksum is computed by the server based on the value of other fields, and may be sent on update and delete requests to ensure the client has an up-to-date value before proceeding.","type":"string"},"firestoreDataAccessMode":{"description":"Optional. The Firestore API data access mode to use for this database. If not set on write: - the default value is DATA_ACCESS_MODE_DISABLED for Enterprise Edition. - the default value is DATA_ACCESS_MODE_ENABLED for Standard Edition.","enum":["DATA_ACCESS_MODE_UNSPECIFIED","DATA_ACCESS_MODE_ENABLED","DATA_ACCESS_MODE_DISABLED"],"type":"string","x-google-enum-descriptions":["Not Used.","Accessing the database through the API is allowed.","Accessing the database through the API is disallowed."]},"freeTier":{"description":"Output only. Background: Free tier is the ability of a Firestore database to use a small amount of resources every day without being charged. Once usage exceeds the free tier limit further usage is charged. Whether this database can make use of the free tier. Only one database per project can be eligible for the free tier. The first (or next) database that is created in a project without a free tier database will be marked as eligible for the free tier. Databases that are created while there is a free tier database will not be eligible for the free tier.","readOnly":true,"type":"boolean"},"keyPrefix":{"description":"Output only. The key_prefix for this database. This key_prefix is used, in combination with the project ID (\"~\") to construct the application ID that is returned from the Cloud Datastore APIs in Google App Engine first generation runtimes. This value may be empty in which case the appid to use for URL-encoded keys is the project_id (eg: foo instead of v~foo).","readOnly":true,"type":"string"},"locationId":{"description":"Required. The location of the database. Available locations are listed at https://cloud.google.com/firestore/docs/locations.","type":"string"},"mongodbCompatibleDataAccessMode":{"description":"Optional. The MongoDB compatible API data access mode to use for this database. If not set on write, the default value is DATA_ACCESS_MODE_ENABLED for Enterprise Edition. The value is always DATA_ACCESS_MODE_DISABLED for Standard Edition.","enum":["DATA_ACCESS_MODE_UNSPECIFIED","DATA_ACCESS_MODE_ENABLED","DATA_ACCESS_MODE_DISABLED"],"type":"string","x-google-enum-descriptions":["Not Used.","Accessing the database through the API is allowed.","Accessing the database through the API is disallowed."]},"name":{"description":"The resource name of the Database. Format: `projects/{project}/databases/{database}`","type":"string"},"pointInTimeRecoveryEnablement":{"description":"Whether to enable the PITR feature on this database.","enum":["POINT_IN_TIME_RECOVERY_ENABLEMENT_UNSPECIFIED","POINT_IN_TIME_RECOVERY_ENABLED","POINT_IN_TIME_RECOVERY_DISABLED"],"type":"string","x-google-enum-descriptions":["Not used.","Reads are supported on selected versions of the data from within the past 7 days: * Reads against any timestamp within the past hour * Reads against 1-minute snapshots beyond 1 hour and within 7 days `version_retention_period` and `earliest_version_time` can be used to determine the supported versions.","Reads are supported on any version of the data from within the past 1 hour."]},"previousId":{"description":"Output only. The database resource's prior database ID. This field is only populated for deleted databases.","readOnly":true,"type":"string"},"realtimeUpdatesMode":{"description":"Immutable. The default Realtime Updates mode to use for this database.","enum":["REALTIME_UPDATES_MODE_UNSPECIFIED","REALTIME_UPDATES_MODE_ENABLED","REALTIME_UPDATES_MODE_DISABLED"],"type":"string","x-google-enum-descriptions":["The Realtime Updates feature is not specified.","The Realtime Updates feature is enabled by default. This could potentially degrade write performance for the database.","The Realtime Updates feature is disabled by default."],"x-google-immutable":true},"sourceInfo":{"$ref":"#/$defs/SourceInfo","description":"Output only. Information about the provenance of this database.","readOnly":true},"tags":{"additionalProperties":{"type":"string"},"description":"Optional. Input only. Immutable. Tag keys/values directly bound to this resource. For example: \"123/environment\": \"production\", \"123/costCenter\": \"marketing\"","type":"object","writeOnly":true,"x-google-immutable":true},"type":{"description":"Required. The type of the database. See https://cloud.google.com/datastore/docs/firestore-or-datastore for information about how to choose.","enum":["DATABASE_TYPE_UNSPECIFIED","FIRESTORE_NATIVE","DATASTORE_MODE"],"type":"string","x-google-enum-descriptions":["Not used.","Firestore Native Mode","Firestore in Datastore Mode."]},"uid":{"description":"Output only. The system-generated UUID4 for this Database.","readOnly":true,"type":"string"},"updateTime":{"description":"Output only. The timestamp at which this database was most recently updated. Note this only includes updates to the database resource and not data contained by the database.","format":"date-time","readOnly":true,"type":"string"},"versionRetentionPeriod":{"description":"Output only. The period during which past versions of data are retained in the database. Any read or query can specify a `read_time` within this window, and will read the state of the database at that time. If the PITR feature is enabled, the retention period is 7 days. Otherwise, the retention period is 1 hour.","format":"google-duration","readOnly":true,"type":"string"}},"type":"object"},"SourceInfo":{"description":"Information about the provenance of this database.","properties":{"backup":{"$ref":"#/$defs/BackupSource","description":"If set, this database was restored from the specified backup (or a snapshot thereof)."},"operation":{"description":"The associated long-running operation. This field may not be set after the operation has completed. Format: `projects/{project}/databases/{database}/operations/{operation}`.","type":"string"}},"type":"object"}},"description":"The list of databases for a project.","properties":{"databases":{"description":"The databases in the project.","items":{"$ref":"#/$defs/Database"},"type":"array"},"unreachable":{"description":"In the event that data about individual databases cannot be listed they will be recorded here. An example entry might be: projects/some_project/locations/some_location This can happen if the Cloud Region that the Database resides in is currently unavailable. In this case we can't fetch all the details about the database. You may be able to get a more detailed error message (or possibly fetch the resource) by sending a 'Get' request for the resource or a 'List' request for the specific location.","items":{"type":"string"},"type":"array"}},"type":"object"}},{"annotations":{"destructiveHint":false,"openWorldHint":false,"readOnlyHint":false},"description":"Update a Firestore database.","inputSchema":{"$defs":{"BackupSource":{"description":"Information about a backup that was used to restore a database.","properties":{"backup":{"description":"The resource name of the backup that was used to restore this database. Format: `projects/{project}/locations/{location}/backups/{backup}`.","type":"string"}},"type":"object"},"CmekConfig":{"description":"The CMEK (Customer Managed Encryption Key) configuration for a Firestore database. If not present, the database is secured by the default Google encryption key.","properties":{"activeKeyVersion":{"description":"Output only. Currently in-use [KMS key versions](https://cloud.google.com/kms/docs/resource-hierarchy#key_versions). During [key rotation](https://cloud.google.com/kms/docs/key-rotation), there can be multiple in-use key versions. The expected format is `projects/{project_id}/locations/{kms_location}/keyRings/{key_ring}/cryptoKeys/{crypto_key}/cryptoKeyVersions/{key_version}`.","items":{"type":"string"},"readOnly":true,"type":"array"},"kmsKeyName":{"description":"Required. Only keys in the same location as this database are allowed to be used for encryption. For Firestore's nam5 multi-region, this corresponds to Cloud KMS multi-region us. For Firestore's eur3 multi-region, this corresponds to Cloud KMS multi-region europe. See https://cloud.google.com/kms/docs/locations. The expected format is `projects/{project_id}/locations/{kms_location}/keyRings/{key_ring}/cryptoKeys/{crypto_key}`.","type":"string"}},"required":["kmsKeyName"],"type":"object"},"Database":{"description":"A Cloud Firestore Database.","properties":{"appEngineIntegrationMode":{"description":"The App Engine integration mode to use for this database.","enum":["APP_ENGINE_INTEGRATION_MODE_UNSPECIFIED","ENABLED","DISABLED"],"type":"string","x-google-enum-descriptions":["Not used.","If an App Engine application exists in the same region as this database, App Engine configuration will impact this database. This includes disabling of the application & database, as well as disabling writes to the database.","App Engine has no effect on the ability of this database to serve requests. This is the default setting for databases created with the Firestore API."]},"cmekConfig":{"$ref":"#/$defs/CmekConfig","description":"Optional. Presence indicates CMEK is enabled for this database."},"concurrencyMode":{"description":"The concurrency control mode to use for this database. If unspecified in a CreateDatabase request, this will default based on the database edition: Optimistic for Enterprise and Pessimistic for all other databases.","enum":["CONCURRENCY_MODE_UNSPECIFIED","OPTIMISTIC","PESSIMISTIC","OPTIMISTIC_WITH_ENTITY_GROUPS"],"type":"string","x-google-enum-descriptions":["Not used.","Use optimistic concurrency control by default. This mode is available for Cloud Firestore databases. This is the default setting for Cloud Firestore Enterprise Edition databases.","Use pessimistic concurrency control by default. This mode is available for Cloud Firestore databases. This is the default setting for Cloud Firestore Standard Edition databases.","Use optimistic concurrency control with entity groups by default. This mode is enabled for some databases that were automatically upgraded from Cloud Datastore to Cloud Firestore with Datastore Mode. It is not recommended for any new databases, and not supported for Firestore Native databases."]},"createTime":{"description":"Output only. The timestamp at which this database was created. Databases created before 2016 do not populate create_time.","format":"date-time","readOnly":true,"type":"string"},"databaseEdition":{"description":"Immutable. The edition of the database.","enum":["DATABASE_EDITION_UNSPECIFIED","STANDARD","ENTERPRISE"],"type":"string","x-google-enum-descriptions":["Not used.","Standard edition. This is the default setting if not specified.","Enterprise edition."],"x-google-immutable":true},"deleteProtectionState":{"description":"State of delete protection for the database.","enum":["DELETE_PROTECTION_STATE_UNSPECIFIED","DELETE_PROTECTION_DISABLED","DELETE_PROTECTION_ENABLED"],"type":"string","x-google-enum-descriptions":["The default value. Delete protection type is not specified","Delete protection is disabled","Delete protection is enabled"]},"deleteTime":{"description":"Output only. The timestamp at which this database was deleted. Only set if the database has been deleted.","format":"date-time","readOnly":true,"type":"string"},"earliestVersionTime":{"description":"Output only. The earliest timestamp at which older versions of the data can be read from the database. See [version_retention_period] above; this field is populated with `now - version_retention_period`. This value is continuously updated, and becomes stale the moment it is queried. If you are using this value to recover data, make sure to account for the time from the moment when the value is queried to the moment when you initiate the recovery.","format":"date-time","readOnly":true,"type":"string"},"etag":{"description":"This checksum is computed by the server based on the value of other fields, and may be sent on update and delete requests to ensure the client has an up-to-date value before proceeding.","type":"string"},"firestoreDataAccessMode":{"description":"Optional. The Firestore API data access mode to use for this database. If not set on write: - the default value is DATA_ACCESS_MODE_DISABLED for Enterprise Edition. - the default value is DATA_ACCESS_MODE_ENABLED for Standard Edition.","enum":["DATA_ACCESS_MODE_UNSPECIFIED","DATA_ACCESS_MODE_ENABLED","DATA_ACCESS_MODE_DISABLED"],"type":"string","x-google-enum-descriptions":["Not Used.","Accessing the database through the API is allowed.","Accessing the database through the API is disallowed."]},"freeTier":{"description":"Output only. Background: Free tier is the ability of a Firestore database to use a small amount of resources every day without being charged. Once usage exceeds the free tier limit further usage is charged. Whether this database can make use of the free tier. Only one database per project can be eligible for the free tier. The first (or next) database that is created in a project without a free tier database will be marked as eligible for the free tier. Databases that are created while there is a free tier database will not be eligible for the free tier.","readOnly":true,"type":"boolean"},"keyPrefix":{"description":"Output only. The key_prefix for this database. This key_prefix is used, in combination with the project ID (\"~\") to construct the application ID that is returned from the Cloud Datastore APIs in Google App Engine first generation runtimes. This value may be empty in which case the appid to use for URL-encoded keys is the project_id (eg: foo instead of v~foo).","readOnly":true,"type":"string"},"locationId":{"description":"Required. The location of the database. Available locations are listed at https://cloud.google.com/firestore/docs/locations.","type":"string"},"mongodbCompatibleDataAccessMode":{"description":"Optional. The MongoDB compatible API data access mode to use for this database. If not set on write, the default value is DATA_ACCESS_MODE_ENABLED for Enterprise Edition. The value is always DATA_ACCESS_MODE_DISABLED for Standard Edition.","enum":["DATA_ACCESS_MODE_UNSPECIFIED","DATA_ACCESS_MODE_ENABLED","DATA_ACCESS_MODE_DISABLED"],"type":"string","x-google-enum-descriptions":["Not Used.","Accessing the database through the API is allowed.","Accessing the database through the API is disallowed."]},"name":{"description":"The resource name of the Database. Format: `projects/{project}/databases/{database}`","type":"string"},"pointInTimeRecoveryEnablement":{"description":"Whether to enable the PITR feature on this database.","enum":["POINT_IN_TIME_RECOVERY_ENABLEMENT_UNSPECIFIED","POINT_IN_TIME_RECOVERY_ENABLED","POINT_IN_TIME_RECOVERY_DISABLED"],"type":"string","x-google-enum-descriptions":["Not used.","Reads are supported on selected versions of the data from within the past 7 days: * Reads against any timestamp within the past hour * Reads against 1-minute snapshots beyond 1 hour and within 7 days `version_retention_period` and `earliest_version_time` can be used to determine the supported versions.","Reads are supported on any version of the data from within the past 1 hour."]},"previousId":{"description":"Output only. The database resource's prior database ID. This field is only populated for deleted databases.","readOnly":true,"type":"string"},"realtimeUpdatesMode":{"description":"Immutable. The default Realtime Updates mode to use for this database.","enum":["REALTIME_UPDATES_MODE_UNSPECIFIED","REALTIME_UPDATES_MODE_ENABLED","REALTIME_UPDATES_MODE_DISABLED"],"type":"string","x-google-enum-descriptions":["The Realtime Updates feature is not specified.","The Realtime Updates feature is enabled by default. This could potentially degrade write performance for the database.","The Realtime Updates feature is disabled by default."],"x-google-immutable":true},"sourceInfo":{"$ref":"#/$defs/SourceInfo","description":"Output only. Information about the provenance of this database.","readOnly":true},"tags":{"additionalProperties":{"type":"string"},"description":"Optional. Input only. Immutable. Tag keys/values directly bound to this resource. For example: \"123/environment\": \"production\", \"123/costCenter\": \"marketing\"","type":"object","writeOnly":true,"x-google-immutable":true},"type":{"description":"Required. The type of the database. See https://cloud.google.com/datastore/docs/firestore-or-datastore for information about how to choose.","enum":["DATABASE_TYPE_UNSPECIFIED","FIRESTORE_NATIVE","DATASTORE_MODE"],"type":"string","x-google-enum-descriptions":["Not used.","Firestore Native Mode","Firestore in Datastore Mode."]},"uid":{"description":"Output only. The system-generated UUID4 for this Database.","readOnly":true,"type":"string"},"updateTime":{"description":"Output only. The timestamp at which this database was most recently updated. Note this only includes updates to the database resource and not data contained by the database.","format":"date-time","readOnly":true,"type":"string"},"versionRetentionPeriod":{"description":"Output only. The period during which past versions of data are retained in the database. Any read or query can specify a `read_time` within this window, and will read the state of the database at that time. If the PITR feature is enabled, the retention period is 7 days. Otherwise, the retention period is 1 hour.","format":"google-duration","readOnly":true,"type":"string"}},"required":["locationId","type"],"type":"object"},"SourceInfo":{"description":"Information about the provenance of this database.","properties":{"backup":{"$ref":"#/$defs/BackupSource","description":"If set, this database was restored from the specified backup (or a snapshot thereof)."},"operation":{"description":"The associated long-running operation. This field may not be set after the operation has completed. Format: `projects/{project}/databases/{database}/operations/{operation}`.","type":"string"}},"type":"object"}},"description":"The request for FirestoreAdmin.UpdateDatabase.","properties":{"database":{"$ref":"#/$defs/Database","description":"Required. The database to update."},"updateMask":{"description":"The list of fields to be updated.","format":"google-fieldmask","pattern":"^(\\s*[^,\\s.]+(\\s*[,.]\\s*[^,\\s.]+)*)?$","type":"string"}},"required":["database"],"type":"object"},"name":"update_database","outputSchema":{"$defs":{"Status":{"description":"The `Status` type defines a logical error model that is suitable for different programming environments, including REST APIs and RPC APIs. It is used by [gRPC](https://github.com/grpc). Each `Status` message contains three pieces of data: error code, error message, and error details. You can find out more about this error model and how to work with it in the [API Design Guide](https://cloud.google.com/apis/design/errors).","properties":{"code":{"description":"The status code, which should be an enum value of google.rpc.Code.","format":"int32","type":"integer"},"details":{"description":"A list of messages that carry the error details. There is a common set of message types for APIs to use.","items":{"additionalProperties":{"description":"Properties of the object. Contains field @type with type URL."},"type":"object"},"type":"array"},"message":{"description":"A developer-facing error message, which should be in English. Any user-facing error message should be localized and sent in the google.rpc.Status.details field, or localized by the client.","type":"string"}},"type":"object"}},"description":"This resource represents a long-running operation that is the result of a network API call.","properties":{"done":{"description":"If the value is `false`, it means the operation is still in progress. If `true`, the operation is completed, and either `error` or `response` is available.","type":"boolean"},"error":{"$ref":"#/$defs/Status","description":"The error result of the operation in case of failure or cancellation."},"metadata":{"additionalProperties":{"description":"Properties of the object. Contains field @type with type URL."},"description":"Service-specific metadata associated with the operation. It typically contains progress information and common metadata such as create time. Some services might not provide such metadata. Any method that returns a long-running operation should document the metadata type, if any.","type":"object"},"name":{"description":"The server-assigned name, which is only unique within the same service that originally returns it. If you use the default HTTP mapping, the `name` should be a resource name ending with `operations/{unique_id}`.","type":"string"},"response":{"additionalProperties":{"description":"Properties of the object. Contains field @type with type URL."},"description":"The normal, successful response of the operation. If the original method returns no data on success, such as `Delete`, the response is `google.protobuf.Empty`. If the original method is standard `Get`/`Create`/`Update`, the response should be the resource. For other methods, the response should have the type `XxxResponse`, where `Xxx` is the original method name. For example, if the original method name is `TakeSnapshot()`, the inferred response type is `TakeSnapshotResponse`.","type":"object"}},"type":"object"}},{"annotations":{"destructiveHint":true,"openWorldHint":false,"readOnlyHint":false},"description":"Delete a Firestore database.","inputSchema":{"description":"The request for FirestoreAdmin.DeleteDatabase.","properties":{"etag":{"description":"The current etag of the Database. If an etag is provided and does not match the current etag of the database, deletion will be blocked and a FAILED_PRECONDITION error will be returned.","type":"string"},"name":{"description":"Required. A name of the form `projects/{project_id}/databases/{database_id}`","type":"string"}},"required":["name"],"type":"object"},"name":"delete_database","outputSchema":{"$defs":{"Status":{"description":"The `Status` type defines a logical error model that is suitable for different programming environments, including REST APIs and RPC APIs. It is used by [gRPC](https://github.com/grpc). Each `Status` message contains three pieces of data: error code, error message, and error details. You can find out more about this error model and how to work with it in the [API Design Guide](https://cloud.google.com/apis/design/errors).","properties":{"code":{"description":"The status code, which should be an enum value of google.rpc.Code.","format":"int32","type":"integer"},"details":{"description":"A list of messages that carry the error details. There is a common set of message types for APIs to use.","items":{"additionalProperties":{"description":"Properties of the object. Contains field @type with type URL."},"type":"object"},"type":"array"},"message":{"description":"A developer-facing error message, which should be in English. Any user-facing error message should be localized and sent in the google.rpc.Status.details field, or localized by the client.","type":"string"}},"type":"object"}},"description":"This resource represents a long-running operation that is the result of a network API call.","properties":{"done":{"description":"If the value is `false`, it means the operation is still in progress. If `true`, the operation is completed, and either `error` or `response` is available.","type":"boolean"},"error":{"$ref":"#/$defs/Status","description":"The error result of the operation in case of failure or cancellation."},"metadata":{"additionalProperties":{"description":"Properties of the object. Contains field @type with type URL."},"description":"Service-specific metadata associated with the operation. It typically contains progress information and common metadata such as create time. Some services might not provide such metadata. Any method that returns a long-running operation should document the metadata type, if any.","type":"object"},"name":{"description":"The server-assigned name, which is only unique within the same service that originally returns it. If you use the default HTTP mapping, the `name` should be a resource name ending with `operations/{unique_id}`.","type":"string"},"response":{"additionalProperties":{"description":"Properties of the object. Contains field @type with type URL."},"description":"The normal, successful response of the operation. If the original method returns no data on success, such as `Delete`, the response is `google.protobuf.Empty`. If the original method is standard `Get`/`Create`/`Update`, the response should be the resource. For other methods, the response should have the type `XxxResponse`, where `Xxx` is the original method name. For example, if the original method name is `TakeSnapshot()`, the inferred response type is `TakeSnapshotResponse`.","type":"object"}},"type":"object"}},{"annotations":{"destructiveHint":false,"openWorldHint":false,"readOnlyHint":false},"description":"Create a composite index.","inputSchema":{"$defs":{"Index":{"description":"Cloud Firestore indexes enable simple and complex queries against documents in a database.","properties":{"apiScope":{"description":"The API scope supported by this index.","enum":["ANY_API","DATASTORE_MODE_API","MONGODB_COMPATIBLE_API"],"type":"string","x-google-enum-descriptions":["The index can only be used by the Firestore Native query API. This is the default.","The index can only be used by the Firestore in Datastore Mode query API.","The index can only be used by the MONGODB_COMPATIBLE_API."]},"density":{"description":"Immutable. The density configuration of the index.","enum":["DENSITY_UNSPECIFIED","SPARSE_ALL","SPARSE_ANY","DENSE"],"type":"string","x-google-enum-descriptions":["Unspecified. It will use database default setting. This value is input only.","An index entry will only exist if ALL fields are present in the document. This is both the default and only allowed value for Standard Edition databases (for both Cloud Firestore `ANY_API` and Cloud Datastore `DATASTORE_MODE_API`). Take for example the following document: ``` { \"__name__\": \"...\", \"a\": 1, \"b\": 2, \"c\": 3 } ``` an index on `(a ASC, b ASC, c ASC, __name__ ASC)` will generate an index entry for this document since `a`, 'b', `c`, and `__name__` are all present but an index of `(a ASC, d ASC, __name__ ASC)` will not generate an index entry for this document since `d` is missing. This means that such indexes can only be used to serve a query when the query has either implicit or explicit requirements that all fields from the index are present.","An index entry will exist if ANY field are present in the document. This is used as the definition of a sparse index for Enterprise Edition databases. Take for example the following document: ``` { \"__name__\": \"...\", \"a\": 1, \"b\": 2, \"c\": 3 } ``` an index on `(a ASC, d ASC)` will generate an index entry for this document since `a` is present, and will fill in an `unset` value for `d`. An index on `(d ASC, e ASC)` will not generate any index entry as neither `d` nor `e` are present. An index that contains `__name__` will generate an index entry for all documents since Firestore guarantees that all documents have a `__name__` field.","An index entry will exist regardless of if the fields are present or not. This is the default density for an Enterprise Edition database. The index will store `unset` values for fields that are not present in the document."],"x-google-immutable":true},"fields":{"description":"A field in an index. The field_path describes which field is indexed, the value_mode describes how the field value is indexed.","items":{"$ref":"#/$defs/IndexField"},"type":"array"},"multikey":{"description":"Optional. Whether the index is multikey. By default, the index is not multikey. For non-multikey indexes, none of the paths in the index definition reach or traverse an array, except via an explicit array index. For multikey indexes, at most one of the paths in the index definition reach or traverse an array, except via an explicit array index. Violations will result in errors. Note this field only applies to index with MONGODB_COMPATIBLE_API ApiScope.","type":"boolean"},"name":{"description":"Output only. A server defined name for this index. The form of this name for composite indexes will be: `projects/{project_id}/databases/{database_id}/collectionGroups/{collection_id}/indexes/{composite_index_id}` For single field indexes, this field will be empty.","readOnly":true,"type":"string"},"queryScope":{"description":"Indexes with a collection query scope specified allow queries against a collection that is the child of a specific document, specified at query time, and that has the same collection ID. Indexes with a collection group query scope specified allow queries against all collections descended from a specific document, specified at query time, and that have the same collection ID as this index.","enum":["QUERY_SCOPE_UNSPECIFIED","COLLECTION","COLLECTION_GROUP","COLLECTION_RECURSIVE"],"type":"string","x-google-enum-descriptions":["The query scope is unspecified. Not a valid option.","Indexes with a collection query scope specified allow queries against a collection that is the child of a specific document, specified at query time, and that has the collection ID specified by the index.","Indexes with a collection group query scope specified allow queries against all collections that has the collection ID specified by the index.","Include all the collections's ancestor in the index. Only available for Datastore Mode databases."]},"shardCount":{"description":"Optional. The number of shards for the index.","format":"int32","type":"integer"},"state":{"description":"Output only. The serving state of the index.","enum":["STATE_UNSPECIFIED","CREATING","READY","NEEDS_REPAIR"],"type":"string","x-google-enum-descriptions":["The state is unspecified.","The index is being created. There is an active long-running operation for the index. The index is updated when writing a document. Some index data may exist.","The index is ready to be used. The index is updated when writing a document. The index is fully populated from all stored documents it applies to.","The index was being created, but something went wrong. There is no active long-running operation for the index, and the most recently finished long-running operation failed. The index is not updated when writing a document. Some index data may exist. Use the google.longrunning.Operations API to determine why the operation that last attempted to create this index failed, then re-create the index."]},"unique":{"description":"Optional. Whether it is an unique index. Unique index ensures all values for the indexed field(s) are unique across documents.","type":"boolean"}},"type":"object"},"IndexField":{"description":"The fields supported by this index. For composite indexes, this requires a minimum of 2 and a maximum of 100 fields. The last field entry is always for the field path `__name__`. If, on creation, `__name__` was not specified as the last field, it will be added automatically with the same direction as that of the last field defined. If the final field in a composite index is not directional, the `__name__` will be ordered ASCENDING (unless explicitly specified). For single field indexes, this will always be exactly one entry with a field path equal to the field path of the associated field.","properties":{"arrayConfig":{"description":"Indicates that this field supports operations on `array_value`s.","enum":["ARRAY_CONFIG_UNSPECIFIED","CONTAINS"],"type":"string","x-google-enum-descriptions":["The index does not support additional array queries.","The index supports array containment queries."]},"fieldPath":{"description":"Can be __name__. For single field indexes, this must match the name of the field or may be omitted.","type":"string"},"order":{"description":"Indicates that this field supports ordering by the specified order or comparing using =, !=, <, <=, >, >=.","enum":["ORDER_UNSPECIFIED","ASCENDING","DESCENDING"],"type":"string","x-google-enum-descriptions":["The ordering is unspecified. Not a valid option.","The field is ordered by ascending field value.","The field is ordered by descending field value."]},"vectorConfig":{"$ref":"#/$defs/VectorConfig","description":"Indicates that this field supports nearest neighbor and distance operations on vector."}},"type":"object"},"VectorConfig":{"description":"The index configuration to support vector search operations","properties":{"dimension":{"description":"The vector dimension this configuration applies to. The resulting index will only include vectors of this dimension, and can be used for vector search with the same dimension.","format":"int32","type":"integer"}},"type":"object"}},"description":"The request for FirestoreAdmin.CreateIndex.","properties":{"index":{"$ref":"#/$defs/Index","description":"Required. The composite index to create."},"parent":{"description":"Required. A parent name of the form `projects/{project_id}/databases/{database_id}/collectionGroups/{collection_id}`","type":"string"}},"required":["parent","index"],"type":"object"},"name":"create_index","outputSchema":{"$defs":{"Status":{"description":"The `Status` type defines a logical error model that is suitable for different programming environments, including REST APIs and RPC APIs. It is used by [gRPC](https://github.com/grpc). Each `Status` message contains three pieces of data: error code, error message, and error details. You can find out more about this error model and how to work with it in the [API Design Guide](https://cloud.google.com/apis/design/errors).","properties":{"code":{"description":"The status code, which should be an enum value of google.rpc.Code.","format":"int32","type":"integer"},"details":{"description":"A list of messages that carry the error details. There is a common set of message types for APIs to use.","items":{"additionalProperties":{"description":"Properties of the object. Contains field @type with type URL."},"type":"object"},"type":"array"},"message":{"description":"A developer-facing error message, which should be in English. Any user-facing error message should be localized and sent in the google.rpc.Status.details field, or localized by the client.","type":"string"}},"type":"object"}},"description":"This resource represents a long-running operation that is the result of a network API call.","properties":{"done":{"description":"If the value is `false`, it means the operation is still in progress. If `true`, the operation is completed, and either `error` or `response` is available.","type":"boolean"},"error":{"$ref":"#/$defs/Status","description":"The error result of the operation in case of failure or cancellation."},"metadata":{"additionalProperties":{"description":"Properties of the object. Contains field @type with type URL."},"description":"Service-specific metadata associated with the operation. It typically contains progress information and common metadata such as create time. Some services might not provide such metadata. Any method that returns a long-running operation should document the metadata type, if any.","type":"object"},"name":{"description":"The server-assigned name, which is only unique within the same service that originally returns it. If you use the default HTTP mapping, the `name` should be a resource name ending with `operations/{unique_id}`.","type":"string"},"response":{"additionalProperties":{"description":"Properties of the object. Contains field @type with type URL."},"description":"The normal, successful response of the operation. If the original method returns no data on success, such as `Delete`, the response is `google.protobuf.Empty`. If the original method is standard `Get`/`Create`/`Update`, the response should be the resource. For other methods, the response should have the type `XxxResponse`, where `Xxx` is the original method name. For example, if the original method name is `TakeSnapshot()`, the inferred response type is `TakeSnapshotResponse`.","type":"object"}},"type":"object"}},{"annotations":{"destructiveHint":false,"openWorldHint":false,"readOnlyHint":true},"description":"Get a Firestore index.","inputSchema":{"description":"The request for FirestoreAdmin.GetIndex.","properties":{"name":{"description":"Required. A name of the form `projects/{project_id}/databases/{database_id}/collectionGroups/{collection_id}/indexes/{index_id}`","type":"string"}},"required":["name"],"type":"object"},"name":"get_index","outputSchema":{"$defs":{"FlatIndex":{"description":"An index that stores vectors in a flat data structure, and supports exhaustive search.","type":"object"},"IndexField":{"description":"A field in an index. The field_path describes which field is indexed, the value_mode describes how the field value is indexed.","properties":{"arrayConfig":{"description":"Indicates that this field supports operations on `array_value`s.","enum":["ARRAY_CONFIG_UNSPECIFIED","CONTAINS"],"type":"string","x-google-enum-descriptions":["The index does not support additional array queries.","The index supports array containment queries."]},"fieldPath":{"description":"Can be __name__. For single field indexes, this must match the name of the field or may be omitted.","type":"string"},"order":{"description":"Indicates that this field supports ordering by the specified order or comparing using =, !=, <, <=, >, >=.","enum":["ORDER_UNSPECIFIED","ASCENDING","DESCENDING"],"type":"string","x-google-enum-descriptions":["The ordering is unspecified. Not a valid option.","The field is ordered by ascending field value.","The field is ordered by descending field value."]},"vectorConfig":{"$ref":"#/$defs/VectorConfig","description":"Indicates that this field supports nearest neighbor and distance operations on vector."}},"type":"object"},"VectorConfig":{"description":"The index configuration to support vector search operations","properties":{"dimension":{"description":"Required. The vector dimension this configuration applies to. The resulting index will only include vectors of this dimension, and can be used for vector search with the same dimension.","format":"int32","type":"integer"},"flat":{"$ref":"#/$defs/FlatIndex","description":"Indicates the vector index is a flat index."}},"type":"object"}},"description":"Cloud Firestore indexes enable simple and complex queries against documents in a database.","properties":{"apiScope":{"description":"The API scope supported by this index.","enum":["ANY_API","DATASTORE_MODE_API","MONGODB_COMPATIBLE_API"],"type":"string","x-google-enum-descriptions":["The index can only be used by the Firestore Native query API. This is the default.","The index can only be used by the Firestore in Datastore Mode query API.","The index can only be used by the MONGODB_COMPATIBLE_API."]},"density":{"description":"Immutable. The density configuration of the index.","enum":["DENSITY_UNSPECIFIED","SPARSE_ALL","SPARSE_ANY","DENSE"],"type":"string","x-google-enum-descriptions":["Unspecified. It will use database default setting. This value is input only.","An index entry will only exist if ALL fields are present in the document. This is both the default and only allowed value for Standard Edition databases (for both Cloud Firestore `ANY_API` and Cloud Datastore `DATASTORE_MODE_API`). Take for example the following document: ``` { \"__name__\": \"...\", \"a\": 1, \"b\": 2, \"c\": 3 } ``` an index on `(a ASC, b ASC, c ASC, __name__ ASC)` will generate an index entry for this document since `a`, 'b', `c`, and `__name__` are all present but an index of `(a ASC, d ASC, __name__ ASC)` will not generate an index entry for this document since `d` is missing. This means that such indexes can only be used to serve a query when the query has either implicit or explicit requirements that all fields from the index are present.","An index entry will exist if ANY field are present in the document. This is used as the definition of a sparse index for Enterprise Edition databases. Take for example the following document: ``` { \"__name__\": \"...\", \"a\": 1, \"b\": 2, \"c\": 3 } ``` an index on `(a ASC, d ASC)` will generate an index entry for this document since `a` is present, and will fill in an `unset` value for `d`. An index on `(d ASC, e ASC)` will not generate any index entry as neither `d` nor `e` are present. An index that contains `__name__` will generate an index entry for all documents since Firestore guarantees that all documents have a `__name__` field.","An index entry will exist regardless of if the fields are present or not. This is the default density for an Enterprise Edition database. The index will store `unset` values for fields that are not present in the document."],"x-google-immutable":true},"fields":{"description":"The fields supported by this index. For composite indexes, this requires a minimum of 2 and a maximum of 100 fields. The last field entry is always for the field path `__name__`. If, on creation, `__name__` was not specified as the last field, it will be added automatically with the same direction as that of the last field defined. If the final field in a composite index is not directional, the `__name__` will be ordered ASCENDING (unless explicitly specified). For single field indexes, this will always be exactly one entry with a field path equal to the field path of the associated field.","items":{"$ref":"#/$defs/IndexField"},"type":"array"},"multikey":{"description":"Optional. Whether the index is multikey. By default, the index is not multikey. For non-multikey indexes, none of the paths in the index definition reach or traverse an array, except via an explicit array index. For multikey indexes, at most one of the paths in the index definition reach or traverse an array, except via an explicit array index. Violations will result in errors. Note this field only applies to index with MONGODB_COMPATIBLE_API ApiScope.","type":"boolean"},"name":{"description":"Output only. A server defined name for this index. The form of this name for composite indexes will be: `projects/{project_id}/databases/{database_id}/collectionGroups/{collection_id}/indexes/{composite_index_id}` For single field indexes, this field will be empty.","type":"string"},"queryScope":{"description":"Indexes with a collection query scope specified allow queries against a collection that is the child of a specific document, specified at query time, and that has the same collection ID. Indexes with a collection group query scope specified allow queries against all collections descended from a specific document, specified at query time, and that have the same collection ID as this index.","enum":["QUERY_SCOPE_UNSPECIFIED","COLLECTION","COLLECTION_GROUP","COLLECTION_RECURSIVE"],"type":"string","x-google-enum-descriptions":["The query scope is unspecified. Not a valid option.","Indexes with a collection query scope specified allow queries against a collection that is the child of a specific document, specified at query time, and that has the collection ID specified by the index.","Indexes with a collection group query scope specified allow queries against all collections that has the collection ID specified by the index.","Include all the collections's ancestor in the index. Only available for Datastore Mode databases."]},"shardCount":{"description":"Optional. The number of shards for the index.","format":"int32","type":"integer"},"state":{"description":"Output only. The serving state of the index.","enum":["STATE_UNSPECIFIED","CREATING","READY","NEEDS_REPAIR"],"type":"string","x-google-enum-descriptions":["The state is unspecified.","The index is being created. There is an active long-running operation for the index. The index is updated when writing a document. Some index data may exist.","The index is ready to be used. The index is updated when writing a document. The index is fully populated from all stored documents it applies to.","The index was being created, but something went wrong. There is no active long-running operation for the index, and the most recently finished long-running operation failed. The index is not updated when writing a document. Some index data may exist. Use the google.longrunning.Operations API to determine why the operation that last attempted to create this index failed, then re-create the index."]},"unique":{"description":"Optional. Whether it is an unique index. Unique index ensures all values for the indexed field(s) are unique across documents.","type":"boolean"}},"type":"object"}},{"annotations":{"destructiveHint":false,"openWorldHint":false,"readOnlyHint":true},"description":"List Firestore indexes.","inputSchema":{"description":"The request for FirestoreAdmin.ListIndexes.","properties":{"filter":{"description":"The filter to apply to list results.","type":"string"},"pageSize":{"description":"The number of results to return.","format":"int32","type":"integer"},"pageToken":{"description":"A page token, returned from a previous call to FirestoreAdmin.ListIndexes, that may be used to get the next page of results.","type":"string"},"parent":{"description":"Required. A parent name of the form `projects/{project_id}/databases/{database_id}/collectionGroups/{collection_id}`","type":"string"}},"required":["parent"],"type":"object"},"name":"list_indexes","outputSchema":{"$defs":{"FlatIndex":{"description":"An index that stores vectors in a flat data structure, and supports exhaustive search.","type":"object"},"Index":{"description":"Cloud Firestore indexes enable simple and complex queries against documents in a database.","properties":{"apiScope":{"description":"The API scope supported by this index.","enum":["ANY_API","DATASTORE_MODE_API","MONGODB_COMPATIBLE_API"],"type":"string","x-google-enum-descriptions":["The index can only be used by the Firestore Native query API. This is the default.","The index can only be used by the Firestore in Datastore Mode query API.","The index can only be used by the MONGODB_COMPATIBLE_API."]},"density":{"description":"Immutable. The density configuration of the index.","enum":["DENSITY_UNSPECIFIED","SPARSE_ALL","SPARSE_ANY","DENSE"],"type":"string","x-google-enum-descriptions":["Unspecified. It will use database default setting. This value is input only.","An index entry will only exist if ALL fields are present in the document. This is both the default and only allowed value for Standard Edition databases (for both Cloud Firestore `ANY_API` and Cloud Datastore `DATASTORE_MODE_API`). Take for example the following document: ``` { \"__name__\": \"...\", \"a\": 1, \"b\": 2, \"c\": 3 } ``` an index on `(a ASC, b ASC, c ASC, __name__ ASC)` will generate an index entry for this document since `a`, 'b', `c`, and `__name__` are all present but an index of `(a ASC, d ASC, __name__ ASC)` will not generate an index entry for this document since `d` is missing. This means that such indexes can only be used to serve a query when the query has either implicit or explicit requirements that all fields from the index are present.","An index entry will exist if ANY field are present in the document. This is used as the definition of a sparse index for Enterprise Edition databases. Take for example the following document: ``` { \"__name__\": \"...\", \"a\": 1, \"b\": 2, \"c\": 3 } ``` an index on `(a ASC, d ASC)` will generate an index entry for this document since `a` is present, and will fill in an `unset` value for `d`. An index on `(d ASC, e ASC)` will not generate any index entry as neither `d` nor `e` are present. An index that contains `__name__` will generate an index entry for all documents since Firestore guarantees that all documents have a `__name__` field.","An index entry will exist regardless of if the fields are present or not. This is the default density for an Enterprise Edition database. The index will store `unset` values for fields that are not present in the document."],"x-google-immutable":true},"fields":{"description":"The fields supported by this index. For composite indexes, this requires a minimum of 2 and a maximum of 100 fields. The last field entry is always for the field path `__name__`. If, on creation, `__name__` was not specified as the last field, it will be added automatically with the same direction as that of the last field defined. If the final field in a composite index is not directional, the `__name__` will be ordered ASCENDING (unless explicitly specified). For single field indexes, this will always be exactly one entry with a field path equal to the field path of the associated field.","items":{"$ref":"#/$defs/IndexField"},"type":"array"},"multikey":{"description":"Optional. Whether the index is multikey. By default, the index is not multikey. For non-multikey indexes, none of the paths in the index definition reach or traverse an array, except via an explicit array index. For multikey indexes, at most one of the paths in the index definition reach or traverse an array, except via an explicit array index. Violations will result in errors. Note this field only applies to index with MONGODB_COMPATIBLE_API ApiScope.","type":"boolean"},"name":{"description":"Output only. A server defined name for this index. The form of this name for composite indexes will be: `projects/{project_id}/databases/{database_id}/collectionGroups/{collection_id}/indexes/{composite_index_id}` For single field indexes, this field will be empty.","type":"string"},"queryScope":{"description":"Indexes with a collection query scope specified allow queries against a collection that is the child of a specific document, specified at query time, and that has the same collection ID. Indexes with a collection group query scope specified allow queries against all collections descended from a specific document, specified at query time, and that have the same collection ID as this index.","enum":["QUERY_SCOPE_UNSPECIFIED","COLLECTION","COLLECTION_GROUP","COLLECTION_RECURSIVE"],"type":"string","x-google-enum-descriptions":["The query scope is unspecified. Not a valid option.","Indexes with a collection query scope specified allow queries against a collection that is the child of a specific document, specified at query time, and that has the collection ID specified by the index.","Indexes with a collection group query scope specified allow queries against all collections that has the collection ID specified by the index.","Include all the collections's ancestor in the index. Only available for Datastore Mode databases."]},"shardCount":{"description":"Optional. The number of shards for the index.","format":"int32","type":"integer"},"state":{"description":"Output only. The serving state of the index.","enum":["STATE_UNSPECIFIED","CREATING","READY","NEEDS_REPAIR"],"type":"string","x-google-enum-descriptions":["The state is unspecified.","The index is being created. There is an active long-running operation for the index. The index is updated when writing a document. Some index data may exist.","The index is ready to be used. The index is updated when writing a document. The index is fully populated from all stored documents it applies to.","The index was being created, but something went wrong. There is no active long-running operation for the index, and the most recently finished long-running operation failed. The index is not updated when writing a document. Some index data may exist. Use the google.longrunning.Operations API to determine why the operation that last attempted to create this index failed, then re-create the index."]},"unique":{"description":"Optional. Whether it is an unique index. Unique index ensures all values for the indexed field(s) are unique across documents.","type":"boolean"}},"type":"object"},"IndexField":{"description":"A field in an index. The field_path describes which field is indexed, the value_mode describes how the field value is indexed.","properties":{"arrayConfig":{"description":"Indicates that this field supports operations on `array_value`s.","enum":["ARRAY_CONFIG_UNSPECIFIED","CONTAINS"],"type":"string","x-google-enum-descriptions":["The index does not support additional array queries.","The index supports array containment queries."]},"fieldPath":{"description":"Can be __name__. For single field indexes, this must match the name of the field or may be omitted.","type":"string"},"order":{"description":"Indicates that this field supports ordering by the specified order or comparing using =, !=, <, <=, >, >=.","enum":["ORDER_UNSPECIFIED","ASCENDING","DESCENDING"],"type":"string","x-google-enum-descriptions":["The ordering is unspecified. Not a valid option.","The field is ordered by ascending field value.","The field is ordered by descending field value."]},"vectorConfig":{"$ref":"#/$defs/VectorConfig","description":"Indicates that this field supports nearest neighbor and distance operations on vector."}},"type":"object"},"VectorConfig":{"description":"The index configuration to support vector search operations","properties":{"dimension":{"description":"Required. The vector dimension this configuration applies to. The resulting index will only include vectors of this dimension, and can be used for vector search with the same dimension.","format":"int32","type":"integer"},"flat":{"$ref":"#/$defs/FlatIndex","description":"Indicates the vector index is a flat index."}},"type":"object"}},"description":"The response for FirestoreAdmin.ListIndexes.","properties":{"indexes":{"description":"The requested indexes.","items":{"$ref":"#/$defs/Index"},"type":"array"},"nextPageToken":{"description":"A page token that may be used to request another page of results. If blank, this is the last page.","type":"string"}},"type":"object"}},{"annotations":{"destructiveHint":true,"openWorldHint":false,"readOnlyHint":false},"description":"Delete a Firestore index.","inputSchema":{"description":"The request for FirestoreAdmin.DeleteIndex.","properties":{"name":{"description":"Required. A name of the form `projects/{project_id}/databases/{database_id}/collectionGroups/{collection_id}/indexes/{index_id}`","type":"string"}},"required":["name"],"type":"object"},"name":"delete_index","outputSchema":{"description":"A generic empty message that you can re-use to avoid defining duplicated empty messages in your APIs. A typical example is to use it as the request or the response type of an API method. For instance: service Foo { rpc Bar(google.protobuf.Empty) returns (google.protobuf.Empty); }","type":"object"}}]}}
[debug] [2026-03-21T13:16:30.133Z] <<< [apiv2][status] POST https://developerknowledge.googleapis.com/mcp 200
[debug] [2026-03-21T13:16:30.134Z] <<< [apiv2][body] POST https://developerknowledge.googleapis.com/mcp {"id":1,"jsonrpc":"2.0","result":{"tools":[{"annotations":{"destructiveHint":false,"idempotentHint":true,"openWorldHint":false,"readOnlyHint":true},"description":"Use this tool to find documentation about Google developer products. The documents contain official APIs, code snippets, release notes, best practices, guides, debugging info, and more. It covers the following products and domains:\n\n* Android: developer.android.com\n* Apigee: docs.apigee.com\n* Chrome: developer.chrome.com\n* Firebase: firebase.google.com\n* Fuchsia: fuchsia.dev\n* Google AI: ai.google.dev\n* Google Cloud: docs.cloud.google.com\n* Google Developers, Ads, Search, Google Maps, Youtube: developers.google.com\n* Google Home: developers.home.google.com\n* TensorFlow: www.tensorflow.org\n* Web: web.dev\n\nThis tool returns chunks of text, names, and URLs for matching documents. If the returned chunks are not detailed enough to answer the user's question, use `get_documents` with the `parent` from this tool's output to retrieve the full document content.","inputSchema":{"description":"Request schema for search_documents. Use the query field to search for related Google developer documentation.","properties":{"query":{"description":"Required. The raw query string provided by the user, such as \"How to create a Cloud Storage bucket?\".","type":"string"}},"required":["query"],"type":"object"},"name":"search_documents","outputSchema":{"$defs":{"DocumentChunk":{"description":"A DocumentChunk represents a piece of content from a Document in the DeveloperKnowledge corpus. To fetch the entire document content, pass the `parent` to get_document or batch_get_documents.","properties":{"content":{"description":"Output only. The content of the document chunk.","readOnly":true,"type":"string"},"id":{"description":"Output only. The ID of this chunk within the document. The chunk ID is unique within a document, but not globally unique across documents. The chunk ID is not stable and may change over time.","readOnly":true,"type":"string"},"parent":{"description":"Output only. The resource name of the document this chunk is from. Format: `documents/{uri_without_scheme}` Example: `documents/docs.cloud.google.com/storage/docs/creating-buckets`","readOnly":true,"type":"string"}},"type":"object"}},"description":"Response schema for search_documents.","properties":{"results":{"description":"The search results for the given query. Each Document in this list contains a snippet of content relevant to the search query. Use the DocumentChunk.name field of each result with get_documents to retrieve the full document content.","items":{"$ref":"#/$defs/DocumentChunk"},"type":"array"}},"type":"object"}},{"annotations":{"destructiveHint":false,"idempotentHint":true,"openWorldHint":false,"readOnlyHint":true},"description":"Use this tool to retrieve the full content of a single document or up to 20 documents in a single call. The document names should be obtained from the `parent` field of results from a call to the `search_documents` tool. Set the `names` parameter to a list of document names.","inputSchema":{"description":"Request schema for get_documents.","properties":{"names":{"description":"Required. The names of the documents to retrieve, as returned by search_documents. A maximum of 20 documents can be retrieved in one call. The documents are returned in the same order as the `names` in the request. Format: `documents/{uri_without_scheme}` Example: `documents/docs.cloud.google.com/storage/docs/creating-buckets`","items":{"type":"string"},"type":"array"}},"required":["names"],"type":"object"},"name":"get_documents","outputSchema":{"$defs":{"Document":{"description":"A Document represents a piece of content from the Developer Knowledge corpus.","properties":{"content":{"description":"Output only. The content of the document in Markdown format.","readOnly":true,"type":"string"},"description":{"description":"Output only. A description of the document.","readOnly":true,"type":"string"},"name":{"description":"Identifier. The resource name of the document. Format: `documents/{uri_without_scheme}` Example: `documents/docs.cloud.google.com/storage/docs/creating-buckets`","type":"string","x-google-identifier":true},"title":{"description":"Output only. The title of the document.","readOnly":true,"type":"string"},"uri":{"description":"Output only. The URI of the content, such as `https://cloud.google.com/storage/docs/creating-buckets`.","readOnly":true,"type":"string"}},"type":"object"}},"description":"Response schema for get_documents.","properties":{"documents":{"description":"Documents requested.","items":{"$ref":"#/$defs/Document"},"type":"array"}},"type":"object"}}]}}
[error] Failed to fetch Firebase Project from Studio Workspace because WORKSPACE_SLUG environment variable is empty
[debug] [2026-03-21T13:16:30.157Z] > command requires scopes: ["email","openid","https://www.googleapis.com/auth/cloudplatformprojects.readonly","https://www.googleapis.com/auth/firebase","https://www.googleapis.com/auth/cloud-platform","https://www.googleapis.com/auth/userinfo.email"]
[debug] [2026-03-21T13:16:30.158Z] > authorizing via signed-in user (ai729776@gmail.com)
[error] Failed to fetch Firebase Project from Studio Workspace because WORKSPACE_SLUG environment variable is empty
[error] Failed to fetch Firebase Project from Studio Workspace because WORKSPACE_SLUG environment variable is empty
[error] Failed to fetch Firebase Project from Studio Workspace because WORKSPACE_SLUG environment variable is empty
[debug] [2026-03-21T13:16:30.366Z] > command requires scopes: ["email","openid","https://www.googleapis.com/auth/cloudplatformprojects.readonly","https://www.googleapis.com/auth/firebase","https://www.googleapis.com/auth/cloud-platform","https://www.googleapis.com/auth/userinfo.email"]
[debug] [2026-03-21T13:16:30.366Z] > authorizing via signed-in user (ai729776@gmail.com)
[debug] [2026-03-21T13:16:30.367Z] Checked if tokens are valid: true, expires at: 1774102585785
[debug] [2026-03-21T13:16:30.367Z] Checked if tokens are valid: true, expires at: 1774102585785
[debug] [2026-03-21T13:16:30.367Z] >>> [apiv2][query] GET https://cloudbilling.googleapis.com/v1/projects/zaqeen-aa745/billingInfo [none]
[error] Failed to fetch Firebase Project from Studio Workspace because WORKSPACE_SLUG environment variable is empty
[error] Failed to fetch Firebase Project from Studio Workspace because WORKSPACE_SLUG environment variable is empty
[error] Failed to fetch Firebase Project from Studio Workspace because WORKSPACE_SLUG environment variable is empty
[debug] [2026-03-21T13:16:30.379Z] > command requires scopes: ["email","openid","https://www.googleapis.com/auth/cloudplatformprojects.readonly","https://www.googleapis.com/auth/firebase","https://www.googleapis.com/auth/cloud-platform","https://www.googleapis.com/auth/userinfo.email"]
[debug] [2026-03-21T13:16:30.380Z] > authorizing via signed-in user (ai729776@gmail.com)
[debug] [2026-03-21T13:16:30.380Z] Checked if tokens are valid: true, expires at: 1774102585785
[debug] [2026-03-21T13:16:30.380Z] Checked if tokens are valid: true, expires at: 1774102585785
[debug] [2026-03-21T13:16:30.380Z] >>> [apiv2][query] GET https://cloudbilling.googleapis.com/v1/projects/zaqeen-aa745/billingInfo [none]
[debug] [2026-03-21T13:16:31.419Z] <<< [apiv2][status] GET https://cloudbilling.googleapis.com/v1/projects/zaqeen-aa745/billingInfo 200
[debug] [2026-03-21T13:16:31.419Z] <<< [apiv2][body] GET https://cloudbilling.googleapis.com/v1/projects/zaqeen-aa745/billingInfo {"name":"projects/zaqeen-aa745/billingInfo","projectId":"zaqeen-aa745","billingAccountName":"","billingEnabled":false}
[debug] [2026-03-21T13:16:31.422Z] >>> [apiv2][query] POST https://firestore.googleapis.com/mcp [none]
[debug] [2026-03-21T13:16:31.424Z] >>> [apiv2][body] POST https://firestore.googleapis.com/mcp {"method":"tools/list","jsonrpc":"2.0","id":1}
[debug] [2026-03-21T13:16:31.428Z] >>> [apiv2][query] POST https://developerknowledge.googleapis.com/mcp [none]
[debug] [2026-03-21T13:16:31.428Z] >>> [apiv2][body] POST https://developerknowledge.googleapis.com/mcp {"method":"tools/list","jsonrpc":"2.0","id":1}
[debug] [2026-03-21T13:16:31.458Z] <<< [apiv2][status] GET https://cloudbilling.googleapis.com/v1/projects/zaqeen-aa745/billingInfo 200
[debug] [2026-03-21T13:16:31.458Z] <<< [apiv2][body] GET https://cloudbilling.googleapis.com/v1/projects/zaqeen-aa745/billingInfo {"name":"projects/zaqeen-aa745/billingInfo","projectId":"zaqeen-aa745","billingAccountName":"","billingEnabled":false}
[error] Failed to fetch Firebase Project from Studio Workspace because WORKSPACE_SLUG environment variable is empty
[debug] [2026-03-21T13:16:31.469Z] > command requires scopes: ["email","openid","https://www.googleapis.com/auth/cloudplatformprojects.readonly","https://www.googleapis.com/auth/firebase","https://www.googleapis.com/auth/cloud-platform","https://www.googleapis.com/auth/userinfo.email"]
[debug] [2026-03-21T13:16:31.469Z] > authorizing via signed-in user (ai729776@gmail.com)
[debug] [2026-03-21T13:16:31.479Z] <<< [apiv2][status] POST https://developerknowledge.googleapis.com/mcp 200
[debug] [2026-03-21T13:16:31.480Z] <<< [apiv2][body] POST https://developerknowledge.googleapis.com/mcp {"id":1,"jsonrpc":"2.0","result":{"tools":[{"annotations":{"destructiveHint":false,"idempotentHint":true,"openWorldHint":false,"readOnlyHint":true},"description":"Use this tool to find documentation about Google developer products. The documents contain official APIs, code snippets, release notes, best practices, guides, debugging info, and more. It covers the following products and domains:\n\n* Android: developer.android.com\n* Apigee: docs.apigee.com\n* Chrome: developer.chrome.com\n* Firebase: firebase.google.com\n* Fuchsia: fuchsia.dev\n* Google AI: ai.google.dev\n* Google Cloud: docs.cloud.google.com\n* Google Developers, Ads, Search, Google Maps, Youtube: developers.google.com\n* Google Home: developers.home.google.com\n* TensorFlow: www.tensorflow.org\n* Web: web.dev\n\nThis tool returns chunks of text, names, and URLs for matching documents. If the returned chunks are not detailed enough to answer the user's question, use `get_documents` with the `parent` from this tool's output to retrieve the full document content.","inputSchema":{"description":"Request schema for search_documents. Use the query field to search for related Google developer documentation.","properties":{"query":{"description":"Required. The raw query string provided by the user, such as \"How to create a Cloud Storage bucket?\".","type":"string"}},"required":["query"],"type":"object"},"name":"search_documents","outputSchema":{"$defs":{"DocumentChunk":{"description":"A DocumentChunk represents a piece of content from a Document in the DeveloperKnowledge corpus. To fetch the entire document content, pass the `parent` to get_document or batch_get_documents.","properties":{"content":{"description":"Output only. The content of the document chunk.","readOnly":true,"type":"string"},"id":{"description":"Output only. The ID of this chunk within the document. The chunk ID is unique within a document, but not globally unique across documents. The chunk ID is not stable and may change over time.","readOnly":true,"type":"string"},"parent":{"description":"Output only. The resource name of the document this chunk is from. Format: `documents/{uri_without_scheme}` Example: `documents/docs.cloud.google.com/storage/docs/creating-buckets`","readOnly":true,"type":"string"}},"type":"object"}},"description":"Response schema for search_documents.","properties":{"results":{"description":"The search results for the given query. Each Document in this list contains a snippet of content relevant to the search query. Use the DocumentChunk.name field of each result with get_documents to retrieve the full document content.","items":{"$ref":"#/$defs/DocumentChunk"},"type":"array"}},"type":"object"}},{"annotations":{"destructiveHint":false,"idempotentHint":true,"openWorldHint":false,"readOnlyHint":true},"description":"Use this tool to retrieve the full content of a single document or up to 20 documents in a single call. The document names should be obtained from the `parent` field of results from a call to the `search_documents` tool. Set the `names` parameter to a list of document names.","inputSchema":{"description":"Request schema for get_documents.","properties":{"names":{"description":"Required. The names of the documents to retrieve, as returned by search_documents. A maximum of 20 documents can be retrieved in one call. The documents are returned in the same order as the `names` in the request. Format: `documents/{uri_without_scheme}` Example: `documents/docs.cloud.google.com/storage/docs/creating-buckets`","items":{"type":"string"},"type":"array"}},"required":["names"],"type":"object"},"name":"get_documents","outputSchema":{"$defs":{"Document":{"description":"A Document represents a piece of content from the Developer Knowledge corpus.","properties":{"content":{"description":"Output only. The content of the document in Markdown format.","readOnly":true,"type":"string"},"description":{"description":"Output only. A description of the document.","readOnly":true,"type":"string"},"name":{"description":"Identifier. The resource name of the document. Format: `documents/{uri_without_scheme}` Example: `documents/docs.cloud.google.com/storage/docs/creating-buckets`","type":"string","x-google-identifier":true},"title":{"description":"Output only. The title of the document.","readOnly":true,"type":"string"},"uri":{"description":"Output only. The URI of the content, such as `https://cloud.google.com/storage/docs/creating-buckets`.","readOnly":true,"type":"string"}},"type":"object"}},"description":"Response schema for get_documents.","properties":{"documents":{"description":"Documents requested.","items":{"$ref":"#/$defs/Document"},"type":"array"}},"type":"object"}}]}}
[debug] [2026-03-21T13:16:31.508Z] <<< [apiv2][status] POST https://firestore.googleapis.com/mcp 200
[debug] [2026-03-21T13:16:31.516Z] <<< [apiv2][body] POST https://firestore.googleapis.com/mcp {"id":1,"jsonrpc":"2.0","result":{"tools":[{"annotations":{"destructiveHint":false,"openWorldHint":false,"readOnlyHint":true},"description":"Get a document from a Firestore database.","inputSchema":{"$defs":{"DocumentMask":{"description":"A set of field paths on a document. Used to restrict a get or update operation on a document to a subset of its fields. This is different from standard field masks, as this is always scoped to a Document, and takes in account the dynamic nature of Value.","properties":{"fieldPaths":{"description":"The list of field paths in the mask. See Document.fields for a field path syntax reference.","items":{"type":"string"},"type":"array"}},"type":"object"}},"description":"The request for Firestore.GetDocument.","properties":{"mask":{"$ref":"#/$defs/DocumentMask","description":"The fields to return. If not set, returns all fields. If the document has a field that is not present in this mask, that field will not be returned in the response."},"name":{"description":"Required. The resource name of the Document to get. In the format: `projects/{project_id}/databases/{database_id}/documents/{document_path}`.","type":"string"},"readTime":{"description":"Reads the version of the document at the given time. This must be a microsecond precision timestamp within the past one hour, or if Point-in-Time Recovery is enabled, can additionally be a whole minute timestamp within the past 7 days.","format":"date-time","type":"string"},"transaction":{"description":"Reads the document in a transaction.","format":"byte","type":"string"}},"required":["name"],"type":"object"},"name":"get_document","outputSchema":{"$defs":{"ArrayValue":{"description":"An array value.","properties":{"values":{"description":"Values in the array.","items":{"$ref":"#/$defs/Value"},"type":"array"}},"type":"object"},"Function":{"description":"Represents an unevaluated scalar expression. For example, the expression `like(user_name, \"%alice%\")` is represented as: ``` name: \"like\" args { field_reference: \"user_name\" } args { string_value: \"%alice%\" } ```","properties":{"args":{"description":"Optional. Ordered list of arguments the given function expects.","items":{"$ref":"#/$defs/Value"},"type":"array"},"name":{"description":"Required. The name of the function to evaluate. **Requires:** * must be in snake case (lower case with underscore separator).","type":"string"},"options":{"additionalProperties":{"$ref":"#/$defs/Value"},"description":"Optional. Optional named arguments that certain functions may support.","type":"object"}},"type":"object"},"LatLng":{"description":"An object that represents a latitude/longitude pair. This is expressed as a pair of doubles to represent degrees latitude and degrees longitude. Unless specified otherwise, this object must conform to the WGS84 standard <https://en.wikipedia.org/wiki/World_Geodetic_System#1984_version>. Values must be within normalized ranges.","properties":{"latitude":{"description":"The latitude in degrees. It must be in the range [-90.0, +90.0].","format":"double","type":"number"},"longitude":{"description":"The longitude in degrees. It must be in the range [-180.0, +180.0].","format":"double","type":"number"}},"type":"object"},"MapValue":{"description":"A map value.","properties":{"fields":{"additionalProperties":{"$ref":"#/$defs/Value"},"description":"The map's fields. The map keys represent field names. Field names matching the regular expression `__.*__` are reserved. Reserved field names are forbidden except in certain documented contexts. The map keys, represented as UTF-8, must not exceed 1,500 bytes and cannot be empty.","type":"object"}},"type":"object"},"Pipeline":{"description":"A Firestore query represented as an ordered list of operations / stages.","properties":{"stages":{"description":"Required. Ordered list of stages to evaluate.","items":{"$ref":"#/$defs/Stage"},"type":"array"}},"type":"object"},"Stage":{"description":"A single operation within a pipeline. A stage is made up of a unique name, and a list of arguments. The exact number of arguments & types is dependent on the stage type. To give an example, the stage `filter(state = \"MD\")` would be encoded as: ``` name: \"filter\" args { function_value { name: \"eq\" args { field_reference_value: \"state\" } args { string_value: \"MD\" } } } ``` See public documentation for the full list.","properties":{"args":{"description":"Optional. Ordered list of arguments the given stage expects.","items":{"$ref":"#/$defs/Value"},"type":"array"},"name":{"description":"Required. The name of the stage to evaluate. **Requires:** * must be in snake case (lower case with underscore separator).","type":"string"},"options":{"additionalProperties":{"$ref":"#/$defs/Value"},"description":"Optional. Optional named arguments that certain functions may support.","type":"object"}},"type":"object"},"Value":{"description":"A message that can hold any of the supported value types.","properties":{"arrayValue":{"$ref":"#/$defs/ArrayValue","description":"An array value. Cannot directly contain another array value, though can contain a map which contains another array."},"booleanValue":{"description":"A boolean value.","type":"boolean"},"bytesValue":{"description":"A bytes value. Must not exceed 1 MiB - 89 bytes. Only the first 1,500 bytes are considered by queries.","format":"byte","type":"string"},"doubleValue":{"description":"A double value.","format":"double","type":"number"},"fieldReferenceValue":{"description":"Value which references a field. This is considered relative (vs absolute) since it only refers to a field and not a field within a particular document. **Requires:** * Must follow field reference limitations. * Not allowed to be used when writing documents.","type":"string"},"functionValue":{"$ref":"#/$defs/Function","description":"A value that represents an unevaluated expression. **Requires:** * Not allowed to be used when writing documents."},"geoPointValue":{"$ref":"#/$defs/LatLng","description":"A geo point value representing a point on the surface of Earth."},"integerValue":{"description":"An integer value.","format":"int64","type":"string"},"mapValue":{"$ref":"#/$defs/MapValue","description":"A map value."},"nullValue":{"description":"A null value.","enum":["NULL_VALUE"],"type":"string","x-google-enum-descriptions":["Null value."]},"pipelineValue":{"$ref":"#/$defs/Pipeline","description":"A value that represents an unevaluated pipeline. **Requires:** * Not allowed to be used when writing documents."},"referenceValue":{"description":"A reference to a document. For example: `projects/{project_id}/databases/{database_id}/documents/{document_path}`.","type":"string"},"stringValue":{"description":"A string value. The string, represented as UTF-8, must not exceed 1 MiB - 89 bytes. Only the first 1,500 bytes of the UTF-8 representation are considered by queries.","type":"string"},"timestampValue":{"description":"A timestamp value. Precise only to microseconds. When stored, any additional precision is rounded down.","format":"date-time","type":"string"},"variableReferenceValue":{"description":"Pointer to a variable defined elsewhere in a pipeline. Unlike `field_reference_value` which references a field within a document, this refers to a variable, defined in a separate namespace than the fields of a document.","type":"string"}},"type":"object"}},"description":"A Firestore document. Must not exceed 1 MiB - 4 bytes.","properties":{"createTime":{"description":"Output only. The time at which the document was created. This value increases monotonically when a document is deleted then recreated. It can also be compared to values from other documents and the `read_time` of a query.","format":"date-time","type":"string"},"fields":{"additionalProperties":{"$ref":"#/$defs/Value"},"description":"The document's fields. The map keys represent field names. Field names matching the regular expression `__.*__` are reserved. Reserved field names are forbidden except in certain documented contexts. The field names, represented as UTF-8, must not exceed 1,500 bytes and cannot be empty. Field paths may be used in other contexts to refer to structured fields defined here. For `map_value`, the field path is represented by a dot-delimited (`.`) string of segments. Each segment is either a simple field name (defined below) or a quoted field name. For example, the structured field `\"foo\" : { map_value: { \"x&y\" : { string_value: \"hello\" }}}` would be represented by the field path `` foo.`x&y` ``. A simple field name contains only characters `a` to `z`, `A` to `Z`, `0` to `9`, or `_`, and must not start with `0` to `9`. For example, `foo_bar_17`. A quoted field name starts and ends with `` ` `` and may contain any character. Some characters, including `` ` ``, must be escaped using a `\\`. For example, `` `x&y` `` represents `x&y` and `` `bak\\`tik` `` represents `` bak`tik ``.","type":"object"},"name":{"description":"The resource name of the document, for example `projects/{project_id}/databases/{database_id}/documents/{document_path}`.","type":"string"},"updateTime":{"description":"Output only. The time at which the document was last changed. This value is initially set to the `create_time` then increases monotonically with each change to the document. It can also be compared to values from other documents and the `read_time` of a query.","format":"date-time","type":"string"}},"type":"object"}},{"annotations":{"destructiveHint":false,"openWorldHint":false,"readOnlyHint":false},"description":"Create a document from a Firestore database.","inputSchema":{"$defs":{"ArrayValue":{"description":"An array value.","properties":{"values":{"description":"Values in the array.","items":{"$ref":"#/$defs/Value"},"type":"array"}},"type":"object"},"Document":{"description":"A Firestore document. Must not exceed 1 MiB - 4 bytes.","properties":{"createTime":{"description":"Output only. The time at which the document was created. This value increases monotonically when a document is deleted then recreated. It can also be compared to values from other documents and the `read_time` of a query.","format":"date-time","type":"string"},"fields":{"additionalProperties":{"$ref":"#/$defs/Value"},"description":"The document's fields. The map keys represent field names. Field names matching the regular expression `__.*__` are reserved. Reserved field names are forbidden except in certain documented contexts. The field names, represented as UTF-8, must not exceed 1,500 bytes and cannot be empty. Field paths may be used in other contexts to refer to structured fields defined here. For `map_value`, the field path is represented by a dot-delimited (`.`) string of segments. Each segment is either a simple field name (defined below) or a quoted field name. For example, the structured field `\"foo\" : { map_value: { \"x&y\" : { string_value: \"hello\" }}}` would be represented by the field path `` foo.`x&y` ``. A simple field name contains only characters `a` to `z`, `A` to `Z`, `0` to `9`, or `_`, and must not start with `0` to `9`. For example, `foo_bar_17`. A quoted field name starts and ends with `` ` `` and may contain any character. Some characters, including `` ` ``, must be escaped using a `\\`. For example, `` `x&y` `` represents `x&y` and `` `bak\\`tik` `` represents `` bak`tik ``.","type":"object"},"name":{"description":"The resource name of the document, for example `projects/{project_id}/databases/{database_id}/documents/{document_path}`.","type":"string"},"updateTime":{"description":"Output only. The time at which the document was last changed. This value is initially set to the `create_time` then increases monotonically with each change to the document. It can also be compared to values from other documents and the `read_time` of a query.","format":"date-time","type":"string"}},"type":"object"},"DocumentMask":{"description":"A set of field paths on a document. Used to restrict a get or update operation on a document to a subset of its fields. This is different from standard field masks, as this is always scoped to a Document, and takes in account the dynamic nature of Value.","properties":{"fieldPaths":{"description":"The list of field paths in the mask. See Document.fields for a field path syntax reference.","items":{"type":"string"},"type":"array"}},"type":"object"},"Function":{"description":"Represents an unevaluated scalar expression. For example, the expression `like(user_name, \"%alice%\")` is represented as: ``` name: \"like\" args { field_reference: \"user_name\" } args { string_value: \"%alice%\" } ```","properties":{"args":{"description":"Optional. Ordered list of arguments the given function expects.","items":{"$ref":"#/$defs/Value"},"type":"array"},"name":{"description":"Required. The name of the function to evaluate. **Requires:** * must be in snake case (lower case with underscore separator).","type":"string"},"options":{"additionalProperties":{"$ref":"#/$defs/Value"},"description":"Optional. Optional named arguments that certain functions may support.","type":"object"}},"required":["name"],"type":"object"},"LatLng":{"description":"An object that represents a latitude/longitude pair. This is expressed as a pair of doubles to represent degrees latitude and degrees longitude. Unless specified otherwise, this object must conform to the WGS84 standard <https://en.wikipedia.org/wiki/World_Geodetic_System#1984_version>. Values must be within normalized ranges.","properties":{"latitude":{"description":"The latitude in degrees. It must be in the range [-90.0, +90.0].","format":"double","type":"number"},"longitude":{"description":"The longitude in degrees. It must be in the range [-180.0, +180.0].","format":"double","type":"number"}},"type":"object"},"MapValue":{"description":"A map value.","properties":{"fields":{"additionalProperties":{"$ref":"#/$defs/Value"},"description":"The map's fields. The map keys represent field names. Field names matching the regular expression `__.*__` are reserved. Reserved field names are forbidden except in certain documented contexts. The map keys, represented as UTF-8, must not exceed 1,500 bytes and cannot be empty.","type":"object"}},"type":"object"},"Pipeline":{"description":"A Firestore query represented as an ordered list of operations / stages.","properties":{"stages":{"description":"Required. Ordered list of stages to evaluate.","items":{"$ref":"#/$defs/Stage"},"type":"array"}},"required":["stages"],"type":"object"},"Stage":{"description":"A single operation within a pipeline. A stage is made up of a unique name, and a list of arguments. The exact number of arguments & types is dependent on the stage type. To give an example, the stage `filter(state = \"MD\")` would be encoded as: ``` name: \"filter\" args { function_value { name: \"eq\" args { field_reference_value: \"state\" } args { string_value: \"MD\" } } } ``` See public documentation for the full list.","properties":{"args":{"description":"Optional. Ordered list of arguments the given stage expects.","items":{"$ref":"#/$defs/Value"},"type":"array"},"name":{"description":"Required. The name of the stage to evaluate. **Requires:** * must be in snake case (lower case with underscore separator).","type":"string"},"options":{"additionalProperties":{"$ref":"#/$defs/Value"},"description":"Optional. Optional named arguments that certain functions may support.","type":"object"}},"required":["name"],"type":"object"},"Value":{"description":"A message that can hold any of the supported value types.","properties":{"arrayValue":{"$ref":"#/$defs/ArrayValue","description":"An array value. Cannot directly contain another array value, though can contain a map which contains another array."},"booleanValue":{"description":"A boolean value.","type":"boolean"},"bytesValue":{"description":"A bytes value. Must not exceed 1 MiB - 89 bytes. Only the first 1,500 bytes are considered by queries.","format":"byte","type":"string"},"doubleValue":{"description":"A double value.","format":"double","type":"number"},"fieldReferenceValue":{"description":"Value which references a field. This is considered relative (vs absolute) since it only refers to a field and not a field within a particular document. **Requires:** * Must follow field reference limitations. * Not allowed to be used when writing documents.","type":"string"},"functionValue":{"$ref":"#/$defs/Function","description":"A value that represents an unevaluated expression. **Requires:** * Not allowed to be used when writing documents."},"geoPointValue":{"$ref":"#/$defs/LatLng","description":"A geo point value representing a point on the surface of Earth."},"integerValue":{"description":"An integer value.","format":"int64","type":"string"},"mapValue":{"$ref":"#/$defs/MapValue","description":"A map value."},"nullValue":{"description":"A null value.","enum":["NULL_VALUE"],"type":"string","x-google-enum-descriptions":["Null value."]},"pipelineValue":{"$ref":"#/$defs/Pipeline","description":"A value that represents an unevaluated pipeline. **Requires:** * Not allowed to be used when writing documents."},"referenceValue":{"description":"A reference to a document. For example: `projects/{project_id}/databases/{database_id}/documents/{document_path}`.","type":"string"},"stringValue":{"description":"A string value. The string, represented as UTF-8, must not exceed 1 MiB - 89 bytes. Only the first 1,500 bytes of the UTF-8 representation are considered by queries.","type":"string"},"timestampValue":{"description":"A timestamp value. Precise only to microseconds. When stored, any additional precision is rounded down.","format":"date-time","type":"string"},"variableReferenceValue":{"description":"Pointer to a variable defined elsewhere in a pipeline. Unlike `field_reference_value` which references a field within a document, this refers to a variable, defined in a separate namespace than the fields of a document.","type":"string"}},"type":"object"}},"description":"The request for Firestore.CreateDocument.","properties":{"collectionId":{"description":"Required. The collection ID, relative to `parent`, to list. For example: `chatrooms`.","type":"string"},"document":{"$ref":"#/$defs/Document","description":"Required. The document to create. `name` must not be set."},"documentId":{"description":"The client-assigned document ID to use for this document. Optional. If not specified, an ID will be assigned by the service.","type":"string"},"mask":{"$ref":"#/$defs/DocumentMask","description":"The fields to return. If not set, returns all fields. If the document has a field that is not present in this mask, that field will not be returned in the response."},"parent":{"description":"Required. The parent resource. For example: `projects/{project_id}/databases/{database_id}/documents` or `projects/{project_id}/databases/{database_id}/documents/chatrooms/{chatroom_id}`","type":"string"}},"required":["parent","collectionId","document"],"type":"object"},"name":"add_document","outputSchema":{"$defs":{"ArrayValue":{"description":"An array value.","properties":{"values":{"description":"Values in the array.","items":{"$ref":"#/$defs/Value"},"type":"array"}},"type":"object"},"Function":{"description":"Represents an unevaluated scalar expression. For example, the expression `like(user_name, \"%alice%\")` is represented as: ``` name: \"like\" args { field_reference: \"user_name\" } args { string_value: \"%alice%\" } ```","properties":{"args":{"description":"Optional. Ordered list of arguments the given function expects.","items":{"$ref":"#/$defs/Value"},"type":"array"},"name":{"description":"Required. The name of the function to evaluate. **Requires:** * must be in snake case (lower case with underscore separator).","type":"string"},"options":{"additionalProperties":{"$ref":"#/$defs/Value"},"description":"Optional. Optional named arguments that certain functions may support.","type":"object"}},"type":"object"},"LatLng":{"description":"An object that represents a latitude/longitude pair. This is expressed as a pair of doubles to represent degrees latitude and degrees longitude. Unless specified otherwise, this object must conform to the WGS84 standard <https://en.wikipedia.org/wiki/World_Geodetic_System#1984_version>. Values must be within normalized ranges.","properties":{"latitude":{"description":"The latitude in degrees. It must be in the range [-90.0, +90.0].","format":"double","type":"number"},"longitude":{"description":"The longitude in degrees. It must be in the range [-180.0, +180.0].","format":"double","type":"number"}},"type":"object"},"MapValue":{"description":"A map value.","properties":{"fields":{"additionalProperties":{"$ref":"#/$defs/Value"},"description":"The map's fields. The map keys represent field names. Field names matching the regular expression `__.*__` are reserved. Reserved field names are forbidden except in certain documented contexts. The map keys, represented as UTF-8, must not exceed 1,500 bytes and cannot be empty.","type":"object"}},"type":"object"},"Pipeline":{"description":"A Firestore query represented as an ordered list of operations / stages.","properties":{"stages":{"description":"Required. Ordered list of stages to evaluate.","items":{"$ref":"#/$defs/Stage"},"type":"array"}},"type":"object"},"Stage":{"description":"A single operation within a pipeline. A stage is made up of a unique name, and a list of arguments. The exact number of arguments & types is dependent on the stage type. To give an example, the stage `filter(state = \"MD\")` would be encoded as: ``` name: \"filter\" args { function_value { name: \"eq\" args { field_reference_value: \"state\" } args { string_value: \"MD\" } } } ``` See public documentation for the full list.","properties":{"args":{"description":"Optional. Ordered list of arguments the given stage expects.","items":{"$ref":"#/$defs/Value"},"type":"array"},"name":{"description":"Required. The name of the stage to evaluate. **Requires:** * must be in snake case (lower case with underscore separator).","type":"string"},"options":{"additionalProperties":{"$ref":"#/$defs/Value"},"description":"Optional. Optional named arguments that certain functions may support.","type":"object"}},"type":"object"},"Value":{"description":"A message that can hold any of the supported value types.","properties":{"arrayValue":{"$ref":"#/$defs/ArrayValue","description":"An array value. Cannot directly contain another array value, though can contain a map which contains another array."},"booleanValue":{"description":"A boolean value.","type":"boolean"},"bytesValue":{"description":"A bytes value. Must not exceed 1 MiB - 89 bytes. Only the first 1,500 bytes are considered by queries.","format":"byte","type":"string"},"doubleValue":{"description":"A double value.","format":"double","type":"number"},"fieldReferenceValue":{"description":"Value which references a field. This is considered relative (vs absolute) since it only refers to a field and not a field within a particular document. **Requires:** * Must follow field reference limitations. * Not allowed to be used when writing documents.","type":"string"},"functionValue":{"$ref":"#/$defs/Function","description":"A value that represents an unevaluated expression. **Requires:** * Not allowed to be used when writing documents."},"geoPointValue":{"$ref":"#/$defs/LatLng","description":"A geo point value representing a point on the surface of Earth."},"integerValue":{"description":"An integer value.","format":"int64","type":"string"},"mapValue":{"$ref":"#/$defs/MapValue","description":"A map value."},"nullValue":{"description":"A null value.","enum":["NULL_VALUE"],"type":"string","x-google-enum-descriptions":["Null value."]},"pipelineValue":{"$ref":"#/$defs/Pipeline","description":"A value that represents an unevaluated pipeline. **Requires:** * Not allowed to be used when writing documents."},"referenceValue":{"description":"A reference to a document. For example: `projects/{project_id}/databases/{database_id}/documents/{document_path}`.","type":"string"},"stringValue":{"description":"A string value. The string, represented as UTF-8, must not exceed 1 MiB - 89 bytes. Only the first 1,500 bytes of the UTF-8 representation are considered by queries.","type":"string"},"timestampValue":{"description":"A timestamp value. Precise only to microseconds. When stored, any additional precision is rounded down.","format":"date-time","type":"string"},"variableReferenceValue":{"description":"Pointer to a variable defined elsewhere in a pipeline. Unlike `field_reference_value` which references a field within a document, this refers to a variable, defined in a separate namespace than the fields of a document.","type":"string"}},"type":"object"}},"description":"A Firestore document. Must not exceed 1 MiB - 4 bytes.","properties":{"createTime":{"description":"Output only. The time at which the document was created. This value increases monotonically when a document is deleted then recreated. It can also be compared to values from other documents and the `read_time` of a query.","format":"date-time","type":"string"},"fields":{"additionalProperties":{"$ref":"#/$defs/Value"},"description":"The document's fields. The map keys represent field names. Field names matching the regular expression `__.*__` are reserved. Reserved field names are forbidden except in certain documented contexts. The field names, represented as UTF-8, must not exceed 1,500 bytes and cannot be empty. Field paths may be used in other contexts to refer to structured fields defined here. For `map_value`, the field path is represented by a dot-delimited (`.`) string of segments. Each segment is either a simple field name (defined below) or a quoted field name. For example, the structured field `\"foo\" : { map_value: { \"x&y\" : { string_value: \"hello\" }}}` would be represented by the field path `` foo.`x&y` ``. A simple field name contains only characters `a` to `z`, `A` to `Z`, `0` to `9`, or `_`, and must not start with `0` to `9`. For example, `foo_bar_17`. A quoted field name starts and ends with `` ` `` and may contain any character. Some characters, including `` ` ``, must be escaped using a `\\`. For example, `` `x&y` `` represents `x&y` and `` `bak\\`tik` `` represents `` bak`tik ``.","type":"object"},"name":{"description":"The resource name of the document, for example `projects/{project_id}/databases/{database_id}/documents/{document_path}`.","type":"string"},"updateTime":{"description":"Output only. The time at which the document was last changed. This value is initially set to the `create_time` then increases monotonically with each change to the document. It can also be compared to values from other documents and the `read_time` of a query.","format":"date-time","type":"string"}},"type":"object"}},{"annotations":{"destructiveHint":false,"openWorldHint":false,"readOnlyHint":false},"description":"Update a document from a Firestore database.","inputSchema":{"$defs":{"ArrayValue":{"description":"An array value.","properties":{"values":{"description":"Values in the array.","items":{"$ref":"#/$defs/Value"},"type":"array"}},"type":"object"},"Document":{"description":"A Firestore document. Must not exceed 1 MiB - 4 bytes.","properties":{"createTime":{"description":"Output only. The time at which the document was created. This value increases monotonically when a document is deleted then recreated. It can also be compared to values from other documents and the `read_time` of a query.","format":"date-time","type":"string"},"fields":{"additionalProperties":{"$ref":"#/$defs/Value"},"description":"The document's fields. The map keys represent field names. Field names matching the regular expression `__.*__` are reserved. Reserved field names are forbidden except in certain documented contexts. The field names, represented as UTF-8, must not exceed 1,500 bytes and cannot be empty. Field paths may be used in other contexts to refer to structured fields defined here. For `map_value`, the field path is represented by a dot-delimited (`.`) string of segments. Each segment is either a simple field name (defined below) or a quoted field name. For example, the structured field `\"foo\" : { map_value: { \"x&y\" : { string_value: \"hello\" }}}` would be represented by the field path `` foo.`x&y` ``. A simple field name contains only characters `a` to `z`, `A` to `Z`, `0` to `9`, or `_`, and must not start with `0` to `9`. For example, `foo_bar_17`. A quoted field name starts and ends with `` ` `` and may contain any character. Some characters, including `` ` ``, must be escaped using a `\\`. For example, `` `x&y` `` represents `x&y` and `` `bak\\`tik` `` represents `` bak`tik ``.","type":"object"},"name":{"description":"The resource name of the document, for example `projects/{project_id}/databases/{database_id}/documents/{document_path}`.","type":"string"},"updateTime":{"description":"Output only. The time at which the document was last changed. This value is initially set to the `create_time` then increases monotonically with each change to the document. It can also be compared to values from other documents and the `read_time` of a query.","format":"date-time","type":"string"}},"type":"object"},"DocumentMask":{"description":"A set of field paths on a document. Used to restrict a get or update operation on a document to a subset of its fields. This is different from standard field masks, as this is always scoped to a Document, and takes in account the dynamic nature of Value.","properties":{"fieldPaths":{"description":"The list of field paths in the mask. See Document.fields for a field path syntax reference.","items":{"type":"string"},"type":"array"}},"type":"object"},"Function":{"description":"Represents an unevaluated scalar expression. For example, the expression `like(user_name, \"%alice%\")` is represented as: ``` name: \"like\" args { field_reference: \"user_name\" } args { string_value: \"%alice%\" } ```","properties":{"args":{"description":"Optional. Ordered list of arguments the given function expects.","items":{"$ref":"#/$defs/Value"},"type":"array"},"name":{"description":"Required. The name of the function to evaluate. **Requires:** * must be in snake case (lower case with underscore separator).","type":"string"},"options":{"additionalProperties":{"$ref":"#/$defs/Value"},"description":"Optional. Optional named arguments that certain functions may support.","type":"object"}},"required":["name"],"type":"object"},"LatLng":{"description":"An object that represents a latitude/longitude pair. This is expressed as a pair of doubles to represent degrees latitude and degrees longitude. Unless specified otherwise, this object must conform to the WGS84 standard <https://en.wikipedia.org/wiki/World_Geodetic_System#1984_version>. Values must be within normalized ranges.","properties":{"latitude":{"description":"The latitude in degrees. It must be in the range [-90.0, +90.0].","format":"double","type":"number"},"longitude":{"description":"The longitude in degrees. It must be in the range [-180.0, +180.0].","format":"double","type":"number"}},"type":"object"},"MapValue":{"description":"A map value.","properties":{"fields":{"additionalProperties":{"$ref":"#/$defs/Value"},"description":"The map's fields. The map keys represent field names. Field names matching the regular expression `__.*__` are reserved. Reserved field names are forbidden except in certain documented contexts. The map keys, represented as UTF-8, must not exceed 1,500 bytes and cannot be empty.","type":"object"}},"type":"object"},"Pipeline":{"description":"A Firestore query represented as an ordered list of operations / stages.","properties":{"stages":{"description":"Required. Ordered list of stages to evaluate.","items":{"$ref":"#/$defs/Stage"},"type":"array"}},"required":["stages"],"type":"object"},"Precondition":{"description":"A precondition on a document, used for conditional operations.","properties":{"exists":{"description":"When set to `true`, the target document must exist. When set to `false`, the target document must not exist.","type":"boolean"},"updateTime":{"description":"When set, the target document must exist and have been last updated at that time. Timestamp must be microsecond aligned.","format":"date-time","type":"string"}},"type":"object"},"Stage":{"description":"A single operation within a pipeline. A stage is made up of a unique name, and a list of arguments. The exact number of arguments & types is dependent on the stage type. To give an example, the stage `filter(state = \"MD\")` would be encoded as: ``` name: \"filter\" args { function_value { name: \"eq\" args { field_reference_value: \"state\" } args { string_value: \"MD\" } } } ``` See public documentation for the full list.","properties":{"args":{"description":"Optional. Ordered list of arguments the given stage expects.","items":{"$ref":"#/$defs/Value"},"type":"array"},"name":{"description":"Required. The name of the stage to evaluate. **Requires:** * must be in snake case (lower case with underscore separator).","type":"string"},"options":{"additionalProperties":{"$ref":"#/$defs/Value"},"description":"Optional. Optional named arguments that certain functions may support.","type":"object"}},"required":["name"],"type":"object"},"Value":{"description":"A message that can hold any of the supported value types.","properties":{"arrayValue":{"$ref":"#/$defs/ArrayValue","description":"An array value. Cannot directly contain another array value, though can contain a map which contains another array."},"booleanValue":{"description":"A boolean value.","type":"boolean"},"bytesValue":{"description":"A bytes value. Must not exceed 1 MiB - 89 bytes. Only the first 1,500 bytes are considered by queries.","format":"byte","type":"string"},"doubleValue":{"description":"A double value.","format":"double","type":"number"},"fieldReferenceValue":{"description":"Value which references a field. This is considered relative (vs absolute) since it only refers to a field and not a field within a particular document. **Requires:** * Must follow field reference limitations. * Not allowed to be used when writing documents.","type":"string"},"functionValue":{"$ref":"#/$defs/Function","description":"A value that represents an unevaluated expression. **Requires:** * Not allowed to be used when writing documents."},"geoPointValue":{"$ref":"#/$defs/LatLng","description":"A geo point value representing a point on the surface of Earth."},"integerValue":{"description":"An integer value.","format":"int64","type":"string"},"mapValue":{"$ref":"#/$defs/MapValue","description":"A map value."},"nullValue":{"description":"A null value.","enum":["NULL_VALUE"],"type":"string","x-google-enum-descriptions":["Null value."]},"pipelineValue":{"$ref":"#/$defs/Pipeline","description":"A value that represents an unevaluated pipeline. **Requires:** * Not allowed to be used when writing documents."},"referenceValue":{"description":"A reference to a document. For example: `projects/{project_id}/databases/{database_id}/documents/{document_path}`.","type":"string"},"stringValue":{"description":"A string value. The string, represented as UTF-8, must not exceed 1 MiB - 89 bytes. Only the first 1,500 bytes of the UTF-8 representation are considered by queries.","type":"string"},"timestampValue":{"description":"A timestamp value. Precise only to microseconds. When stored, any additional precision is rounded down.","format":"date-time","type":"string"},"variableReferenceValue":{"description":"Pointer to a variable defined elsewhere in a pipeline. Unlike `field_reference_value` which references a field within a document, this refers to a variable, defined in a separate namespace than the fields of a document.","type":"string"}},"type":"object"}},"description":"The request for Firestore.UpdateDocument.","properties":{"currentDocument":{"$ref":"#/$defs/Precondition","description":"An optional precondition on the document. The request will fail if this is set and not met by the target document."},"document":{"$ref":"#/$defs/Document","description":"Required. The updated document. Creates the document if it does not already exist."},"mask":{"$ref":"#/$defs/DocumentMask","description":"The fields to return. If not set, returns all fields. If the document has a field that is not present in this mask, that field will not be returned in the response."},"updateMask":{"$ref":"#/$defs/DocumentMask","description":"The fields to update. None of the field paths in the mask may contain a reserved name. If the document exists on the server and has fields not referenced in the mask, they are left unchanged. Fields referenced in the mask, but not present in the input document, are deleted from the document on the server."}},"required":["document"],"type":"object"},"name":"update_document","outputSchema":{"$defs":{"ArrayValue":{"description":"An array value.","properties":{"values":{"description":"Values in the array.","items":{"$ref":"#/$defs/Value"},"type":"array"}},"type":"object"},"Function":{"description":"Represents an unevaluated scalar expression. For example, the expression `like(user_name, \"%alice%\")` is represented as: ``` name: \"like\" args { field_reference: \"user_name\" } args { string_value: \"%alice%\" } ```","properties":{"args":{"description":"Optional. Ordered list of arguments the given function expects.","items":{"$ref":"#/$defs/Value"},"type":"array"},"name":{"description":"Required. The name of the function to evaluate. **Requires:** * must be in snake case (lower case with underscore separator).","type":"string"},"options":{"additionalProperties":{"$ref":"#/$defs/Value"},"description":"Optional. Optional named arguments that certain functions may support.","type":"object"}},"type":"object"},"LatLng":{"description":"An object that represents a latitude/longitude pair. This is expressed as a pair of doubles to represent degrees latitude and degrees longitude. Unless specified otherwise, this object must conform to the WGS84 standard <https://en.wikipedia.org/wiki/World_Geodetic_System#1984_version>. Values must be within normalized ranges.","properties":{"latitude":{"description":"The latitude in degrees. It must be in the range [-90.0, +90.0].","format":"double","type":"number"},"longitude":{"description":"The longitude in degrees. It must be in the range [-180.0, +180.0].","format":"double","type":"number"}},"type":"object"},"MapValue":{"description":"A map value.","properties":{"fields":{"additionalProperties":{"$ref":"#/$defs/Value"},"description":"The map's fields. The map keys represent field names. Field names matching the regular expression `__.*__` are reserved. Reserved field names are forbidden except in certain documented contexts. The map keys, represented as UTF-8, must not exceed 1,500 bytes and cannot be empty.","type":"object"}},"type":"object"},"Pipeline":{"description":"A Firestore query represented as an ordered list of operations / stages.","properties":{"stages":{"description":"Required. Ordered list of stages to evaluate.","items":{"$ref":"#/$defs/Stage"},"type":"array"}},"type":"object"},"Stage":{"description":"A single operation within a pipeline. A stage is made up of a unique name, and a list of arguments. The exact number of arguments & types is dependent on the stage type. To give an example, the stage `filter(state = \"MD\")` would be encoded as: ``` name: \"filter\" args { function_value { name: \"eq\" args { field_reference_value: \"state\" } args { string_value: \"MD\" } } } ``` See public documentation for the full list.","properties":{"args":{"description":"Optional. Ordered list of arguments the given stage expects.","items":{"$ref":"#/$defs/Value"},"type":"array"},"name":{"description":"Required. The name of the stage to evaluate. **Requires:** * must be in snake case (lower case with underscore separator).","type":"string"},"options":{"additionalProperties":{"$ref":"#/$defs/Value"},"description":"Optional. Optional named arguments that certain functions may support.","type":"object"}},"type":"object"},"Value":{"description":"A message that can hold any of the supported value types.","properties":{"arrayValue":{"$ref":"#/$defs/ArrayValue","description":"An array value. Cannot directly contain another array value, though can contain a map which contains another array."},"booleanValue":{"description":"A boolean value.","type":"boolean"},"bytesValue":{"description":"A bytes value. Must not exceed 1 MiB - 89 bytes. Only the first 1,500 bytes are considered by queries.","format":"byte","type":"string"},"doubleValue":{"description":"A double value.","format":"double","type":"number"},"fieldReferenceValue":{"description":"Value which references a field. This is considered relative (vs absolute) since it only refers to a field and not a field within a particular document. **Requires:** * Must follow field reference limitations. * Not allowed to be used when writing documents.","type":"string"},"functionValue":{"$ref":"#/$defs/Function","description":"A value that represents an unevaluated expression. **Requires:** * Not allowed to be used when writing documents."},"geoPointValue":{"$ref":"#/$defs/LatLng","description":"A geo point value representing a point on the surface of Earth."},"integerValue":{"description":"An integer value.","format":"int64","type":"string"},"mapValue":{"$ref":"#/$defs/MapValue","description":"A map value."},"nullValue":{"description":"A null value.","enum":["NULL_VALUE"],"type":"string","x-google-enum-descriptions":["Null value."]},"pipelineValue":{"$ref":"#/$defs/Pipeline","description":"A value that represents an unevaluated pipeline. **Requires:** * Not allowed to be used when writing documents."},"referenceValue":{"description":"A reference to a document. For example: `projects/{project_id}/databases/{database_id}/documents/{document_path}`.","type":"string"},"stringValue":{"description":"A string value. The string, represented as UTF-8, must not exceed 1 MiB - 89 bytes. Only the first 1,500 bytes of the UTF-8 representation are considered by queries.","type":"string"},"timestampValue":{"description":"A timestamp value. Precise only to microseconds. When stored, any additional precision is rounded down.","format":"date-time","type":"string"},"variableReferenceValue":{"description":"Pointer to a variable defined elsewhere in a pipeline. Unlike `field_reference_value` which references a field within a document, this refers to a variable, defined in a separate namespace than the fields of a document.","type":"string"}},"type":"object"}},"description":"A Firestore document. Must not exceed 1 MiB - 4 bytes.","properties":{"createTime":{"description":"Output only. The time at which the document was created. This value increases monotonically when a document is deleted then recreated. It can also be compared to values from other documents and the `read_time` of a query.","format":"date-time","type":"string"},"fields":{"additionalProperties":{"$ref":"#/$defs/Value"},"description":"The document's fields. The map keys represent field names. Field names matching the regular expression `__.*__` are reserved. Reserved field names are forbidden except in certain documented contexts. The field names, represented as UTF-8, must not exceed 1,500 bytes and cannot be empty. Field paths may be used in other contexts to refer to structured fields defined here. For `map_value`, the field path is represented by a dot-delimited (`.`) string of segments. Each segment is either a simple field name (defined below) or a quoted field name. For example, the structured field `\"foo\" : { map_value: { \"x&y\" : { string_value: \"hello\" }}}` would be represented by the field path `` foo.`x&y` ``. A simple field name contains only characters `a` to `z`, `A` to `Z`, `0` to `9`, or `_`, and must not start with `0` to `9`. For example, `foo_bar_17`. A quoted field name starts and ends with `` ` `` and may contain any character. Some characters, including `` ` ``, must be escaped using a `\\`. For example, `` `x&y` `` represents `x&y` and `` `bak\\`tik` `` represents `` bak`tik ``.","type":"object"},"name":{"description":"The resource name of the document, for example `projects/{project_id}/databases/{database_id}/documents/{document_path}`.","type":"string"},"updateTime":{"description":"Output only. The time at which the document was last changed. This value is initially set to the `create_time` then increases monotonically with each change to the document. It can also be compared to values from other documents and the `read_time` of a query.","format":"date-time","type":"string"}},"type":"object"}},{"annotations":{"destructiveHint":true,"openWorldHint":false,"readOnlyHint":false},"description":"Delete a document from a Firestore database.","inputSchema":{"$defs":{"Precondition":{"description":"A precondition on a document, used for conditional operations.","properties":{"exists":{"description":"When set to `true`, the target document must exist. When set to `false`, the target document must not exist.","type":"boolean"},"updateTime":{"description":"When set, the target document must exist and have been last updated at that time. Timestamp must be microsecond aligned.","format":"date-time","type":"string"}},"type":"object"}},"description":"The request for Firestore.DeleteDocument.","properties":{"currentDocument":{"$ref":"#/$defs/Precondition","description":"An optional precondition on the document. The request will fail if this is set and not met by the target document."},"name":{"description":"Required. The resource name of the Document to delete. In the format: `projects/{project_id}/databases/{database_id}/documents/{document_path}`.","type":"string"}},"required":["name"],"type":"object"},"name":"delete_document","outputSchema":{"description":"A generic empty message that you can re-use to avoid defining duplicated empty messages in your APIs. A typical example is to use it as the request or the response type of an API method. For instance: service Foo { rpc Bar(google.protobuf.Empty) returns (google.protobuf.Empty); }","type":"object"}},{"annotations":{"destructiveHint":false,"openWorldHint":false,"readOnlyHint":true},"description":"List documents from a Firestore database.","inputSchema":{"$defs":{"DocumentMask":{"description":"A set of field paths on a document. Used to restrict a get or update operation on a document to a subset of its fields. This is different from standard field masks, as this is always scoped to a Document, and takes in account the dynamic nature of Value.","properties":{"fieldPaths":{"description":"The list of field paths in the mask. See Document.fields for a field path syntax reference.","items":{"type":"string"},"type":"array"}},"type":"object"}},"description":"The request for Firestore.ListDocuments.","properties":{"collectionId":{"description":"Optional. The collection ID, relative to `parent`, to list. For example: `chatrooms` or `messages`. This is optional, and when not provided, Firestore will list documents from all collections under the provided `parent`.","type":"string"},"mask":{"$ref":"#/$defs/DocumentMask","description":"Optional. The fields to return. If not set, returns all fields. If a document has a field that is not present in this mask, that field will not be returned in the response."},"orderBy":{"description":"Optional. The optional ordering of the documents to return. For example: `priority desc, __name__ desc`. This mirrors the `ORDER BY` used in Firestore queries but in a string representation. When absent, documents are ordered based on `__name__ ASC`.","type":"string"},"pageSize":{"description":"Optional. The maximum number of documents to return in a single response. Firestore may return fewer than this value.","format":"int32","type":"integer"},"pageToken":{"description":"Optional. A page token, received from a previous `ListDocuments` response. Provide this to retrieve the subsequent page. When paginating, all other parameters (with the exception of `page_size`) must match the values set in the request that generated the page token.","type":"string"},"parent":{"description":"Required. The parent resource name. In the format: `projects/{project_id}/databases/{database_id}/documents` or `projects/{project_id}/databases/{database_id}/documents/{document_path}`. For example: `projects/my-project/databases/my-database/documents` or `projects/my-project/databases/my-database/documents/chatrooms/my-chatroom`","type":"string"},"readTime":{"description":"Perform the read at the provided time. This must be a microsecond precision timestamp within the past one hour, or if Point-in-Time Recovery is enabled, can additionally be a whole minute timestamp within the past 7 days.","format":"date-time","type":"string"},"showMissing":{"description":"If the list should show missing documents. A document is missing if it does not exist, but there are sub-documents nested underneath it. When true, such missing documents will be returned with a key but will not have fields, `create_time`, or `update_time` set. Requests with `show_missing` may not specify `where` or `order_by`.","type":"boolean"},"transaction":{"description":"Perform the read as part of an already active transaction.","format":"byte","type":"string"}},"required":["parent"],"type":"object"},"name":"list_documents","outputSchema":{"$defs":{"ArrayValue":{"description":"An array value.","properties":{"values":{"description":"Values in the array.","items":{"$ref":"#/$defs/Value"},"type":"array"}},"type":"object"},"Document":{"description":"A Firestore document. Must not exceed 1 MiB - 4 bytes.","properties":{"createTime":{"description":"Output only. The time at which the document was created. This value increases monotonically when a document is deleted then recreated. It can also be compared to values from other documents and the `read_time` of a query.","format":"date-time","type":"string"},"fields":{"additionalProperties":{"$ref":"#/$defs/Value"},"description":"The document's fields. The map keys represent field names. Field names matching the regular expression `__.*__` are reserved. Reserved field names are forbidden except in certain documented contexts. The field names, represented as UTF-8, must not exceed 1,500 bytes and cannot be empty. Field paths may be used in other contexts to refer to structured fields defined here. For `map_value`, the field path is represented by a dot-delimited (`.`) string of segments. Each segment is either a simple field name (defined below) or a quoted field name. For example, the structured field `\"foo\" : { map_value: { \"x&y\" : { string_value: \"hello\" }}}` would be represented by the field path `` foo.`x&y` ``. A simple field name contains only characters `a` to `z`, `A` to `Z`, `0` to `9`, or `_`, and must not start with `0` to `9`. For example, `foo_bar_17`. A quoted field name starts and ends with `` ` `` and may contain any character. Some characters, including `` ` ``, must be escaped using a `\\`. For example, `` `x&y` `` represents `x&y` and `` `bak\\`tik` `` represents `` bak`tik ``.","type":"object"},"name":{"description":"The resource name of the document, for example `projects/{project_id}/databases/{database_id}/documents/{document_path}`.","type":"string"},"updateTime":{"description":"Output only. The time at which the document was last changed. This value is initially set to the `create_time` then increases monotonically with each change to the document. It can also be compared to values from other documents and the `read_time` of a query.","format":"date-time","type":"string"}},"type":"object"},"Function":{"description":"Represents an unevaluated scalar expression. For example, the expression `like(user_name, \"%alice%\")` is represented as: ``` name: \"like\" args { field_reference: \"user_name\" } args { string_value: \"%alice%\" } ```","properties":{"args":{"description":"Optional. Ordered list of arguments the given function expects.","items":{"$ref":"#/$defs/Value"},"type":"array"},"name":{"description":"Required. The name of the function to evaluate. **Requires:** * must be in snake case (lower case with underscore separator).","type":"string"},"options":{"additionalProperties":{"$ref":"#/$defs/Value"},"description":"Optional. Optional named arguments that certain functions may support.","type":"object"}},"type":"object"},"LatLng":{"description":"An object that represents a latitude/longitude pair. This is expressed as a pair of doubles to represent degrees latitude and degrees longitude. Unless specified otherwise, this object must conform to the WGS84 standard <https://en.wikipedia.org/wiki/World_Geodetic_System#1984_version>. Values must be within normalized ranges.","properties":{"latitude":{"description":"The latitude in degrees. It must be in the range [-90.0, +90.0].","format":"double","type":"number"},"longitude":{"description":"The longitude in degrees. It must be in the range [-180.0, +180.0].","format":"double","type":"number"}},"type":"object"},"MapValue":{"description":"A map value.","properties":{"fields":{"additionalProperties":{"$ref":"#/$defs/Value"},"description":"The map's fields. The map keys represent field names. Field names matching the regular expression `__.*__` are reserved. Reserved field names are forbidden except in certain documented contexts. The map keys, represented as UTF-8, must not exceed 1,500 bytes and cannot be empty.","type":"object"}},"type":"object"},"Pipeline":{"description":"A Firestore query represented as an ordered list of operations / stages.","properties":{"stages":{"description":"Required. Ordered list of stages to evaluate.","items":{"$ref":"#/$defs/Stage"},"type":"array"}},"type":"object"},"Stage":{"description":"A single operation within a pipeline. A stage is made up of a unique name, and a list of arguments. The exact number of arguments & types is dependent on the stage type. To give an example, the stage `filter(state = \"MD\")` would be encoded as: ``` name: \"filter\" args { function_value { name: \"eq\" args { field_reference_value: \"state\" } args { string_value: \"MD\" } } } ``` See public documentation for the full list.","properties":{"args":{"description":"Optional. Ordered list of arguments the given stage expects.","items":{"$ref":"#/$defs/Value"},"type":"array"},"name":{"description":"Required. The name of the stage to evaluate. **Requires:** * must be in snake case (lower case with underscore separator).","type":"string"},"options":{"additionalProperties":{"$ref":"#/$defs/Value"},"description":"Optional. Optional named arguments that certain functions may support.","type":"object"}},"type":"object"},"Value":{"description":"A message that can hold any of the supported value types.","properties":{"arrayValue":{"$ref":"#/$defs/ArrayValue","description":"An array value. Cannot directly contain another array value, though can contain a map which contains another array."},"booleanValue":{"description":"A boolean value.","type":"boolean"},"bytesValue":{"description":"A bytes value. Must not exceed 1 MiB - 89 bytes. Only the first 1,500 bytes are considered by queries.","format":"byte","type":"string"},"doubleValue":{"description":"A double value.","format":"double","type":"number"},"fieldReferenceValue":{"description":"Value which references a field. This is considered relative (vs absolute) since it only refers to a field and not a field within a particular document. **Requires:** * Must follow field reference limitations. * Not allowed to be used when writing documents.","type":"string"},"functionValue":{"$ref":"#/$defs/Function","description":"A value that represents an unevaluated expression. **Requires:** * Not allowed to be used when writing documents."},"geoPointValue":{"$ref":"#/$defs/LatLng","description":"A geo point value representing a point on the surface of Earth."},"integerValue":{"description":"An integer value.","format":"int64","type":"string"},"mapValue":{"$ref":"#/$defs/MapValue","description":"A map value."},"nullValue":{"description":"A null value.","enum":["NULL_VALUE"],"type":"string","x-google-enum-descriptions":["Null value."]},"pipelineValue":{"$ref":"#/$defs/Pipeline","description":"A value that represents an unevaluated pipeline. **Requires:** * Not allowed to be used when writing documents."},"referenceValue":{"description":"A reference to a document. For example: `projects/{project_id}/databases/{database_id}/documents/{document_path}`.","type":"string"},"stringValue":{"description":"A string value. The string, represented as UTF-8, must not exceed 1 MiB - 89 bytes. Only the first 1,500 bytes of the UTF-8 representation are considered by queries.","type":"string"},"timestampValue":{"description":"A timestamp value. Precise only to microseconds. When stored, any additional precision is rounded down.","format":"date-time","type":"string"},"variableReferenceValue":{"description":"Pointer to a variable defined elsewhere in a pipeline. Unlike `field_reference_value` which references a field within a document, this refers to a variable, defined in a separate namespace than the fields of a document.","type":"string"}},"type":"object"}},"description":"The response for Firestore.ListDocuments.","properties":{"documents":{"description":"The Documents found.","items":{"$ref":"#/$defs/Document"},"type":"array"},"nextPageToken":{"description":"A token to retrieve the next page of documents. If this field is omitted, there are no subsequent pages.","type":"string"}},"type":"object"}},{"annotations":{"destructiveHint":false,"openWorldHint":false,"readOnlyHint":true},"description":"List all the collection IDs underneath a document.","inputSchema":{"description":"The request for Firestore.ListCollectionIds.","properties":{"pageSize":{"description":"The maximum number of results to return.","format":"int32","type":"integer"},"pageToken":{"description":"A page token. Must be a value from ListCollectionIdsResponse.","type":"string"},"parent":{"description":"Required. The parent document. In the format: `projects/{project_id}/databases/{database_id}/documents/{document_path}`. For example: `projects/my-project/databases/my-database/documents/chatrooms/my-chatroom`","type":"string"},"readTime":{"description":"Reads documents as they were at the given time. This must be a microsecond precision timestamp within the past one hour, or if Point-in-Time Recovery is enabled, can additionally be a whole minute timestamp within the past 7 days.","format":"date-time","type":"string"}},"required":["parent"],"type":"object"},"name":"list_collections","outputSchema":{"description":"The response from Firestore.ListCollectionIds.","properties":{"collectionIds":{"description":"The collection ids.","items":{"type":"string"},"type":"array"},"nextPageToken":{"description":"A page token that may be used to continue the list.","type":"string"}},"type":"object"}},{"annotations":{"destructiveHint":false,"openWorldHint":false,"readOnlyHint":false},"description":"Create a Firestore database.","inputSchema":{"$defs":{"BackupSource":{"description":"Information about a backup that was used to restore a database.","properties":{"backup":{"description":"The resource name of the backup that was used to restore this database. Format: `projects/{project}/locations/{location}/backups/{backup}`.","type":"string"}},"type":"object"},"CmekConfig":{"description":"The CMEK (Customer Managed Encryption Key) configuration for a Firestore database. If not present, the database is secured by the default Google encryption key.","properties":{"activeKeyVersion":{"description":"Output only. Currently in-use [KMS key versions](https://cloud.google.com/kms/docs/resource-hierarchy#key_versions). During [key rotation](https://cloud.google.com/kms/docs/key-rotation), there can be multiple in-use key versions. The expected format is `projects/{project_id}/locations/{kms_location}/keyRings/{key_ring}/cryptoKeys/{crypto_key}/cryptoKeyVersions/{key_version}`.","items":{"type":"string"},"readOnly":true,"type":"array"},"kmsKeyName":{"description":"Required. Only keys in the same location as this database are allowed to be used for encryption. For Firestore's nam5 multi-region, this corresponds to Cloud KMS multi-region us. For Firestore's eur3 multi-region, this corresponds to Cloud KMS multi-region europe. See https://cloud.google.com/kms/docs/locations. The expected format is `projects/{project_id}/locations/{kms_location}/keyRings/{key_ring}/cryptoKeys/{crypto_key}`.","type":"string"}},"required":["kmsKeyName"],"type":"object"},"Database":{"description":"A Cloud Firestore Database.","properties":{"appEngineIntegrationMode":{"description":"The App Engine integration mode to use for this database.","enum":["APP_ENGINE_INTEGRATION_MODE_UNSPECIFIED","ENABLED","DISABLED"],"type":"string","x-google-enum-descriptions":["Not used.","If an App Engine application exists in the same region as this database, App Engine configuration will impact this database. This includes disabling of the application & database, as well as disabling writes to the database.","App Engine has no effect on the ability of this database to serve requests. This is the default setting for databases created with the Firestore API."]},"cmekConfig":{"$ref":"#/$defs/CmekConfig","description":"Optional. Presence indicates CMEK is enabled for this database."},"concurrencyMode":{"description":"The concurrency control mode to use for this database. If unspecified in a CreateDatabase request, this will default based on the database edition: Optimistic for Enterprise and Pessimistic for all other databases.","enum":["CONCURRENCY_MODE_UNSPECIFIED","OPTIMISTIC","PESSIMISTIC","OPTIMISTIC_WITH_ENTITY_GROUPS"],"type":"string","x-google-enum-descriptions":["Not used.","Use optimistic concurrency control by default. This mode is available for Cloud Firestore databases. This is the default setting for Cloud Firestore Enterprise Edition databases.","Use pessimistic concurrency control by default. This mode is available for Cloud Firestore databases. This is the default setting for Cloud Firestore Standard Edition databases.","Use optimistic concurrency control with entity groups by default. This mode is enabled for some databases that were automatically upgraded from Cloud Datastore to Cloud Firestore with Datastore Mode. It is not recommended for any new databases, and not supported for Firestore Native databases."]},"createTime":{"description":"Output only. The timestamp at which this database was created. Databases created before 2016 do not populate create_time.","format":"date-time","readOnly":true,"type":"string"},"databaseEdition":{"description":"Immutable. The edition of the database.","enum":["DATABASE_EDITION_UNSPECIFIED","STANDARD","ENTERPRISE"],"type":"string","x-google-enum-descriptions":["Not used.","Standard edition. This is the default setting if not specified.","Enterprise edition."],"x-google-immutable":true},"deleteProtectionState":{"description":"State of delete protection for the database.","enum":["DELETE_PROTECTION_STATE_UNSPECIFIED","DELETE_PROTECTION_DISABLED","DELETE_PROTECTION_ENABLED"],"type":"string","x-google-enum-descriptions":["The default value. Delete protection type is not specified","Delete protection is disabled","Delete protection is enabled"]},"deleteTime":{"description":"Output only. The timestamp at which this database was deleted. Only set if the database has been deleted.","format":"date-time","readOnly":true,"type":"string"},"earliestVersionTime":{"description":"Output only. The earliest timestamp at which older versions of the data can be read from the database. See [version_retention_period] above; this field is populated with `now - version_retention_period`. This value is continuously updated, and becomes stale the moment it is queried. If you are using this value to recover data, make sure to account for the time from the moment when the value is queried to the moment when you initiate the recovery.","format":"date-time","readOnly":true,"type":"string"},"etag":{"description":"This checksum is computed by the server based on the value of other fields, and may be sent on update and delete requests to ensure the client has an up-to-date value before proceeding.","type":"string"},"firestoreDataAccessMode":{"description":"Optional. The Firestore API data access mode to use for this database. If not set on write: - the default value is DATA_ACCESS_MODE_DISABLED for Enterprise Edition. - the default value is DATA_ACCESS_MODE_ENABLED for Standard Edition.","enum":["DATA_ACCESS_MODE_UNSPECIFIED","DATA_ACCESS_MODE_ENABLED","DATA_ACCESS_MODE_DISABLED"],"type":"string","x-google-enum-descriptions":["Not Used.","Accessing the database through the API is allowed.","Accessing the database through the API is disallowed."]},"freeTier":{"description":"Output only. Background: Free tier is the ability of a Firestore database to use a small amount of resources every day without being charged. Once usage exceeds the free tier limit further usage is charged. Whether this database can make use of the free tier. Only one database per project can be eligible for the free tier. The first (or next) database that is created in a project without a free tier database will be marked as eligible for the free tier. Databases that are created while there is a free tier database will not be eligible for the free tier.","readOnly":true,"type":"boolean"},"keyPrefix":{"description":"Output only. The key_prefix for this database. This key_prefix is used, in combination with the project ID (\"~\") to construct the application ID that is returned from the Cloud Datastore APIs in Google App Engine first generation runtimes. This value may be empty in which case the appid to use for URL-encoded keys is the project_id (eg: foo instead of v~foo).","readOnly":true,"type":"string"},"locationId":{"description":"Required. The location of the database. Available locations are listed at https://cloud.google.com/firestore/docs/locations.","type":"string"},"mongodbCompatibleDataAccessMode":{"description":"Optional. The MongoDB compatible API data access mode to use for this database. If not set on write, the default value is DATA_ACCESS_MODE_ENABLED for Enterprise Edition. The value is always DATA_ACCESS_MODE_DISABLED for Standard Edition.","enum":["DATA_ACCESS_MODE_UNSPECIFIED","DATA_ACCESS_MODE_ENABLED","DATA_ACCESS_MODE_DISABLED"],"type":"string","x-google-enum-descriptions":["Not Used.","Accessing the database through the API is allowed.","Accessing the database through the API is disallowed."]},"name":{"description":"The resource name of the Database. Format: `projects/{project}/databases/{database}`","type":"string"},"pointInTimeRecoveryEnablement":{"description":"Whether to enable the PITR feature on this database.","enum":["POINT_IN_TIME_RECOVERY_ENABLEMENT_UNSPECIFIED","POINT_IN_TIME_RECOVERY_ENABLED","POINT_IN_TIME_RECOVERY_DISABLED"],"type":"string","x-google-enum-descriptions":["Not used.","Reads are supported on selected versions of the data from within the past 7 days: * Reads against any timestamp within the past hour * Reads against 1-minute snapshots beyond 1 hour and within 7 days `version_retention_period` and `earliest_version_time` can be used to determine the supported versions.","Reads are supported on any version of the data from within the past 1 hour."]},"previousId":{"description":"Output only. The database resource's prior database ID. This field is only populated for deleted databases.","readOnly":true,"type":"string"},"realtimeUpdatesMode":{"description":"Immutable. The default Realtime Updates mode to use for this database.","enum":["REALTIME_UPDATES_MODE_UNSPECIFIED","REALTIME_UPDATES_MODE_ENABLED","REALTIME_UPDATES_MODE_DISABLED"],"type":"string","x-google-enum-descriptions":["The Realtime Updates feature is not specified.","The Realtime Updates feature is enabled by default. This could potentially degrade write performance for the database.","The Realtime Updates feature is disabled by default."],"x-google-immutable":true},"sourceInfo":{"$ref":"#/$defs/SourceInfo","description":"Output only. Information about the provenance of this database.","readOnly":true},"tags":{"additionalProperties":{"type":"string"},"description":"Optional. Input only. Immutable. Tag keys/values directly bound to this resource. For example: \"123/environment\": \"production\", \"123/costCenter\": \"marketing\"","type":"object","writeOnly":true,"x-google-immutable":true},"type":{"description":"Required. The type of the database. See https://cloud.google.com/datastore/docs/firestore-or-datastore for information about how to choose.","enum":["DATABASE_TYPE_UNSPECIFIED","FIRESTORE_NATIVE","DATASTORE_MODE"],"type":"string","x-google-enum-descriptions":["Not used.","Firestore Native Mode","Firestore in Datastore Mode."]},"uid":{"description":"Output only. The system-generated UUID4 for this Database.","readOnly":true,"type":"string"},"updateTime":{"description":"Output only. The timestamp at which this database was most recently updated. Note this only includes updates to the database resource and not data contained by the database.","format":"date-time","readOnly":true,"type":"string"},"versionRetentionPeriod":{"description":"Output only. The period during which past versions of data are retained in the database. Any read or query can specify a `read_time` within this window, and will read the state of the database at that time. If the PITR feature is enabled, the retention period is 7 days. Otherwise, the retention period is 1 hour.","format":"google-duration","readOnly":true,"type":"string"}},"required":["locationId","type"],"type":"object"},"SourceInfo":{"description":"Information about the provenance of this database.","properties":{"backup":{"$ref":"#/$defs/BackupSource","description":"If set, this database was restored from the specified backup (or a snapshot thereof)."},"operation":{"description":"The associated long-running operation. This field may not be set after the operation has completed. Format: `projects/{project}/databases/{database}/operations/{operation}`.","type":"string"}},"type":"object"}},"description":"The request for FirestoreAdmin.CreateDatabase.","properties":{"database":{"$ref":"#/$defs/Database","description":"Required. The Database to create."},"databaseId":{"description":"Required. The ID to use for the database, which will become the final component of the database's resource name. This value should be 4-63 characters. Valid characters are /a-z-/ with first character a letter and the last a letter or a number. Must not be UUID-like /[0-9a-f]{8}(-[0-9a-f]{4}){3}-[0-9a-f]{12}/. \"(default)\" database ID is also valid if the database is Standard edition.","type":"string"},"parent":{"description":"Required. A parent name of the form `projects/{project_id}`","type":"string"}},"required":["parent","database","databaseId"],"type":"object"},"name":"create_database","outputSchema":{"$defs":{"Status":{"description":"The `Status` type defines a logical error model that is suitable for different programming environments, including REST APIs and RPC APIs. It is used by [gRPC](https://github.com/grpc). Each `Status` message contains three pieces of data: error code, error message, and error details. You can find out more about this error model and how to work with it in the [API Design Guide](https://cloud.google.com/apis/design/errors).","properties":{"code":{"description":"The status code, which should be an enum value of google.rpc.Code.","format":"int32","type":"integer"},"details":{"description":"A list of messages that carry the error details. There is a common set of message types for APIs to use.","items":{"additionalProperties":{"description":"Properties of the object. Contains field @type with type URL."},"type":"object"},"type":"array"},"message":{"description":"A developer-facing error message, which should be in English. Any user-facing error message should be localized and sent in the google.rpc.Status.details field, or localized by the client.","type":"string"}},"type":"object"}},"description":"This resource represents a long-running operation that is the result of a network API call.","properties":{"done":{"description":"If the value is `false`, it means the operation is still in progress. If `true`, the operation is completed, and either `error` or `response` is available.","type":"boolean"},"error":{"$ref":"#/$defs/Status","description":"The error result of the operation in case of failure or cancellation."},"metadata":{"additionalProperties":{"description":"Properties of the object. Contains field @type with type URL."},"description":"Service-specific metadata associated with the operation. It typically contains progress information and common metadata such as create time. Some services might not provide such metadata. Any method that returns a long-running operation should document the metadata type, if any.","type":"object"},"name":{"description":"The server-assigned name, which is only unique within the same service that originally returns it. If you use the default HTTP mapping, the `name` should be a resource name ending with `operations/{unique_id}`.","type":"string"},"response":{"additionalProperties":{"description":"Properties of the object. Contains field @type with type URL."},"description":"The normal, successful response of the operation. If the original method returns no data on success, such as `Delete`, the response is `google.protobuf.Empty`. If the original method is standard `Get`/`Create`/`Update`, the response should be the resource. For other methods, the response should have the type `XxxResponse`, where `Xxx` is the original method name. For example, if the original method name is `TakeSnapshot()`, the inferred response type is `TakeSnapshotResponse`.","type":"object"}},"type":"object"}},{"annotations":{"destructiveHint":false,"openWorldHint":false,"readOnlyHint":true},"description":"Get a Firestore database.","inputSchema":{"description":"The request for FirestoreAdmin.GetDatabase.","properties":{"name":{"description":"Required. A name of the form `projects/{project_id}/databases/{database_id}`","type":"string"}},"required":["name"],"type":"object"},"name":"get_database","outputSchema":{"$defs":{"BackupSource":{"description":"Information about a backup that was used to restore a database.","properties":{"backup":{"description":"The resource name of the backup that was used to restore this database. Format: `projects/{project}/locations/{location}/backups/{backup}`.","type":"string"}},"type":"object"},"CmekConfig":{"description":"The CMEK (Customer Managed Encryption Key) configuration for a Firestore database. If not present, the database is secured by the default Google encryption key.","properties":{"activeKeyVersion":{"description":"Output only. Currently in-use [KMS key versions](https://cloud.google.com/kms/docs/resource-hierarchy#key_versions). During [key rotation](https://cloud.google.com/kms/docs/key-rotation), there can be multiple in-use key versions. The expected format is `projects/{project_id}/locations/{kms_location}/keyRings/{key_ring}/cryptoKeys/{crypto_key}/cryptoKeyVersions/{key_version}`.","items":{"type":"string"},"readOnly":true,"type":"array"},"kmsKeyName":{"description":"Required. Only keys in the same location as this database are allowed to be used for encryption. For Firestore's nam5 multi-region, this corresponds to Cloud KMS multi-region us. For Firestore's eur3 multi-region, this corresponds to Cloud KMS multi-region europe. See https://cloud.google.com/kms/docs/locations. The expected format is `projects/{project_id}/locations/{kms_location}/keyRings/{key_ring}/cryptoKeys/{crypto_key}`.","type":"string"}},"type":"object"},"SourceInfo":{"description":"Information about the provenance of this database.","properties":{"backup":{"$ref":"#/$defs/BackupSource","description":"If set, this database was restored from the specified backup (or a snapshot thereof)."},"operation":{"description":"The associated long-running operation. This field may not be set after the operation has completed. Format: `projects/{project}/databases/{database}/operations/{operation}`.","type":"string"}},"type":"object"}},"description":"A Cloud Firestore Database.","properties":{"appEngineIntegrationMode":{"description":"The App Engine integration mode to use for this database.","enum":["APP_ENGINE_INTEGRATION_MODE_UNSPECIFIED","ENABLED","DISABLED"],"type":"string","x-google-enum-descriptions":["Not used.","If an App Engine application exists in the same region as this database, App Engine configuration will impact this database. This includes disabling of the application & database, as well as disabling writes to the database.","App Engine has no effect on the ability of this database to serve requests. This is the default setting for databases created with the Firestore API."]},"cmekConfig":{"$ref":"#/$defs/CmekConfig","description":"Optional. Presence indicates CMEK is enabled for this database."},"concurrencyMode":{"description":"The concurrency control mode to use for this database. If unspecified in a CreateDatabase request, this will default based on the database edition: Optimistic for Enterprise and Pessimistic for all other databases.","enum":["CONCURRENCY_MODE_UNSPECIFIED","OPTIMISTIC","PESSIMISTIC","OPTIMISTIC_WITH_ENTITY_GROUPS"],"type":"string","x-google-enum-descriptions":["Not used.","Use optimistic concurrency control by default. This mode is available for Cloud Firestore databases. This is the default setting for Cloud Firestore Enterprise Edition databases.","Use pessimistic concurrency control by default. This mode is available for Cloud Firestore databases. This is the default setting for Cloud Firestore Standard Edition databases.","Use optimistic concurrency control with entity groups by default. This mode is enabled for some databases that were automatically upgraded from Cloud Datastore to Cloud Firestore with Datastore Mode. It is not recommended for any new databases, and not supported for Firestore Native databases."]},"createTime":{"description":"Output only. The timestamp at which this database was created. Databases created before 2016 do not populate create_time.","format":"date-time","readOnly":true,"type":"string"},"databaseEdition":{"description":"Immutable. The edition of the database.","enum":["DATABASE_EDITION_UNSPECIFIED","STANDARD","ENTERPRISE"],"type":"string","x-google-enum-descriptions":["Not used.","Standard edition. This is the default setting if not specified.","Enterprise edition."],"x-google-immutable":true},"deleteProtectionState":{"description":"State of delete protection for the database.","enum":["DELETE_PROTECTION_STATE_UNSPECIFIED","DELETE_PROTECTION_DISABLED","DELETE_PROTECTION_ENABLED"],"type":"string","x-google-enum-descriptions":["The default value. Delete protection type is not specified","Delete protection is disabled","Delete protection is enabled"]},"deleteTime":{"description":"Output only. The timestamp at which this database was deleted. Only set if the database has been deleted.","format":"date-time","readOnly":true,"type":"string"},"earliestVersionTime":{"description":"Output only. The earliest timestamp at which older versions of the data can be read from the database. See [version_retention_period] above; this field is populated with `now - version_retention_period`. This value is continuously updated, and becomes stale the moment it is queried. If you are using this value to recover data, make sure to account for the time from the moment when the value is queried to the moment when you initiate the recovery.","format":"date-time","readOnly":true,"type":"string"},"etag":{"description":"This checksum is computed by the server based on the value of other fields, and may be sent on update and delete requests to ensure the client has an up-to-date value before proceeding.","type":"string"},"firestoreDataAccessMode":{"description":"Optional. The Firestore API data access mode to use for this database. If not set on write: - the default value is DATA_ACCESS_MODE_DISABLED for Enterprise Edition. - the default value is DATA_ACCESS_MODE_ENABLED for Standard Edition.","enum":["DATA_ACCESS_MODE_UNSPECIFIED","DATA_ACCESS_MODE_ENABLED","DATA_ACCESS_MODE_DISABLED"],"type":"string","x-google-enum-descriptions":["Not Used.","Accessing the database through the API is allowed.","Accessing the database through the API is disallowed."]},"freeTier":{"description":"Output only. Background: Free tier is the ability of a Firestore database to use a small amount of resources every day without being charged. Once usage exceeds the free tier limit further usage is charged. Whether this database can make use of the free tier. Only one database per project can be eligible for the free tier. The first (or next) database that is created in a project without a free tier database will be marked as eligible for the free tier. Databases that are created while there is a free tier database will not be eligible for the free tier.","readOnly":true,"type":"boolean"},"keyPrefix":{"description":"Output only. The key_prefix for this database. This key_prefix is used, in combination with the project ID (\"~\") to construct the application ID that is returned from the Cloud Datastore APIs in Google App Engine first generation runtimes. This value may be empty in which case the appid to use for URL-encoded keys is the project_id (eg: foo instead of v~foo).","readOnly":true,"type":"string"},"locationId":{"description":"Required. The location of the database. Available locations are listed at https://cloud.google.com/firestore/docs/locations.","type":"string"},"mongodbCompatibleDataAccessMode":{"description":"Optional. The MongoDB compatible API data access mode to use for this database. If not set on write, the default value is DATA_ACCESS_MODE_ENABLED for Enterprise Edition. The value is always DATA_ACCESS_MODE_DISABLED for Standard Edition.","enum":["DATA_ACCESS_MODE_UNSPECIFIED","DATA_ACCESS_MODE_ENABLED","DATA_ACCESS_MODE_DISABLED"],"type":"string","x-google-enum-descriptions":["Not Used.","Accessing the database through the API is allowed.","Accessing the database through the API is disallowed."]},"name":{"description":"The resource name of the Database. Format: `projects/{project}/databases/{database}`","type":"string"},"pointInTimeRecoveryEnablement":{"description":"Whether to enable the PITR feature on this database.","enum":["POINT_IN_TIME_RECOVERY_ENABLEMENT_UNSPECIFIED","POINT_IN_TIME_RECOVERY_ENABLED","POINT_IN_TIME_RECOVERY_DISABLED"],"type":"string","x-google-enum-descriptions":["Not used.","Reads are supported on selected versions of the data from within the past 7 days: * Reads against any timestamp within the past hour * Reads against 1-minute snapshots beyond 1 hour and within 7 days `version_retention_period` and `earliest_version_time` can be used to determine the supported versions.","Reads are supported on any version of the data from within the past 1 hour."]},"previousId":{"description":"Output only. The database resource's prior database ID. This field is only populated for deleted databases.","readOnly":true,"type":"string"},"realtimeUpdatesMode":{"description":"Immutable. The default Realtime Updates mode to use for this database.","enum":["REALTIME_UPDATES_MODE_UNSPECIFIED","REALTIME_UPDATES_MODE_ENABLED","REALTIME_UPDATES_MODE_DISABLED"],"type":"string","x-google-enum-descriptions":["The Realtime Updates feature is not specified.","The Realtime Updates feature is enabled by default. This could potentially degrade write performance for the database.","The Realtime Updates feature is disabled by default."],"x-google-immutable":true},"sourceInfo":{"$ref":"#/$defs/SourceInfo","description":"Output only. Information about the provenance of this database.","readOnly":true},"tags":{"additionalProperties":{"type":"string"},"description":"Optional. Input only. Immutable. Tag keys/values directly bound to this resource. For example: \"123/environment\": \"production\", \"123/costCenter\": \"marketing\"","type":"object","writeOnly":true,"x-google-immutable":true},"type":{"description":"Required. The type of the database. See https://cloud.google.com/datastore/docs/firestore-or-datastore for information about how to choose.","enum":["DATABASE_TYPE_UNSPECIFIED","FIRESTORE_NATIVE","DATASTORE_MODE"],"type":"string","x-google-enum-descriptions":["Not used.","Firestore Native Mode","Firestore in Datastore Mode."]},"uid":{"description":"Output only. The system-generated UUID4 for this Database.","readOnly":true,"type":"string"},"updateTime":{"description":"Output only. The timestamp at which this database was most recently updated. Note this only includes updates to the database resource and not data contained by the database.","format":"date-time","readOnly":true,"type":"string"},"versionRetentionPeriod":{"description":"Output only. The period during which past versions of data are retained in the database. Any read or query can specify a `read_time` within this window, and will read the state of the database at that time. If the PITR feature is enabled, the retention period is 7 days. Otherwise, the retention period is 1 hour.","format":"google-duration","readOnly":true,"type":"string"}},"type":"object"}},{"annotations":{"destructiveHint":false,"openWorldHint":false,"readOnlyHint":true},"description":"List Firestore databases.","inputSchema":{"description":"A request to list the Firestore Databases in all locations for a project.","properties":{"parent":{"description":"Required. A parent name of the form `projects/{project_id}`","type":"string"},"showDeleted":{"description":"If true, also returns deleted resources.","type":"boolean"}},"required":["parent"],"type":"object"},"name":"list_databases","outputSchema":{"$defs":{"BackupSource":{"description":"Information about a backup that was used to restore a database.","properties":{"backup":{"description":"The resource name of the backup that was used to restore this database. Format: `projects/{project}/locations/{location}/backups/{backup}`.","type":"string"}},"type":"object"},"CmekConfig":{"description":"The CMEK (Customer Managed Encryption Key) configuration for a Firestore database. If not present, the database is secured by the default Google encryption key.","properties":{"activeKeyVersion":{"description":"Output only. Currently in-use [KMS key versions](https://cloud.google.com/kms/docs/resource-hierarchy#key_versions). During [key rotation](https://cloud.google.com/kms/docs/key-rotation), there can be multiple in-use key versions. The expected format is `projects/{project_id}/locations/{kms_location}/keyRings/{key_ring}/cryptoKeys/{crypto_key}/cryptoKeyVersions/{key_version}`.","items":{"type":"string"},"readOnly":true,"type":"array"},"kmsKeyName":{"description":"Required. Only keys in the same location as this database are allowed to be used for encryption. For Firestore's nam5 multi-region, this corresponds to Cloud KMS multi-region us. For Firestore's eur3 multi-region, this corresponds to Cloud KMS multi-region europe. See https://cloud.google.com/kms/docs/locations. The expected format is `projects/{project_id}/locations/{kms_location}/keyRings/{key_ring}/cryptoKeys/{crypto_key}`.","type":"string"}},"type":"object"},"Database":{"description":"A Cloud Firestore Database.","properties":{"appEngineIntegrationMode":{"description":"The App Engine integration mode to use for this database.","enum":["APP_ENGINE_INTEGRATION_MODE_UNSPECIFIED","ENABLED","DISABLED"],"type":"string","x-google-enum-descriptions":["Not used.","If an App Engine application exists in the same region as this database, App Engine configuration will impact this database. This includes disabling of the application & database, as well as disabling writes to the database.","App Engine has no effect on the ability of this database to serve requests. This is the default setting for databases created with the Firestore API."]},"cmekConfig":{"$ref":"#/$defs/CmekConfig","description":"Optional. Presence indicates CMEK is enabled for this database."},"concurrencyMode":{"description":"The concurrency control mode to use for this database. If unspecified in a CreateDatabase request, this will default based on the database edition: Optimistic for Enterprise and Pessimistic for all other databases.","enum":["CONCURRENCY_MODE_UNSPECIFIED","OPTIMISTIC","PESSIMISTIC","OPTIMISTIC_WITH_ENTITY_GROUPS"],"type":"string","x-google-enum-descriptions":["Not used.","Use optimistic concurrency control by default. This mode is available for Cloud Firestore databases. This is the default setting for Cloud Firestore Enterprise Edition databases.","Use pessimistic concurrency control by default. This mode is available for Cloud Firestore databases. This is the default setting for Cloud Firestore Standard Edition databases.","Use optimistic concurrency control with entity groups by default. This mode is enabled for some databases that were automatically upgraded from Cloud Datastore to Cloud Firestore with Datastore Mode. It is not recommended for any new databases, and not supported for Firestore Native databases."]},"createTime":{"description":"Output only. The timestamp at which this database was created. Databases created before 2016 do not populate create_time.","format":"date-time","readOnly":true,"type":"string"},"databaseEdition":{"description":"Immutable. The edition of the database.","enum":["DATABASE_EDITION_UNSPECIFIED","STANDARD","ENTERPRISE"],"type":"string","x-google-enum-descriptions":["Not used.","Standard edition. This is the default setting if not specified.","Enterprise edition."],"x-google-immutable":true},"deleteProtectionState":{"description":"State of delete protection for the database.","enum":["DELETE_PROTECTION_STATE_UNSPECIFIED","DELETE_PROTECTION_DISABLED","DELETE_PROTECTION_ENABLED"],"type":"string","x-google-enum-descriptions":["The default value. Delete protection type is not specified","Delete protection is disabled","Delete protection is enabled"]},"deleteTime":{"description":"Output only. The timestamp at which this database was deleted. Only set if the database has been deleted.","format":"date-time","readOnly":true,"type":"string"},"earliestVersionTime":{"description":"Output only. The earliest timestamp at which older versions of the data can be read from the database. See [version_retention_period] above; this field is populated with `now - version_retention_period`. This value is continuously updated, and becomes stale the moment it is queried. If you are using this value to recover data, make sure to account for the time from the moment when the value is queried to the moment when you initiate the recovery.","format":"date-time","readOnly":true,"type":"string"},"etag":{"description":"This checksum is computed by the server based on the value of other fields, and may be sent on update and delete requests to ensure the client has an up-to-date value before proceeding.","type":"string"},"firestoreDataAccessMode":{"description":"Optional. The Firestore API data access mode to use for this database. If not set on write: - the default value is DATA_ACCESS_MODE_DISABLED for Enterprise Edition. - the default value is DATA_ACCESS_MODE_ENABLED for Standard Edition.","enum":["DATA_ACCESS_MODE_UNSPECIFIED","DATA_ACCESS_MODE_ENABLED","DATA_ACCESS_MODE_DISABLED"],"type":"string","x-google-enum-descriptions":["Not Used.","Accessing the database through the API is allowed.","Accessing the database through the API is disallowed."]},"freeTier":{"description":"Output only. Background: Free tier is the ability of a Firestore database to use a small amount of resources every day without being charged. Once usage exceeds the free tier limit further usage is charged. Whether this database can make use of the free tier. Only one database per project can be eligible for the free tier. The first (or next) database that is created in a project without a free tier database will be marked as eligible for the free tier. Databases that are created while there is a free tier database will not be eligible for the free tier.","readOnly":true,"type":"boolean"},"keyPrefix":{"description":"Output only. The key_prefix for this database. This key_prefix is used, in combination with the project ID (\"~\") to construct the application ID that is returned from the Cloud Datastore APIs in Google App Engine first generation runtimes. This value may be empty in which case the appid to use for URL-encoded keys is the project_id (eg: foo instead of v~foo).","readOnly":true,"type":"string"},"locationId":{"description":"Required. The location of the database. Available locations are listed at https://cloud.google.com/firestore/docs/locations.","type":"string"},"mongodbCompatibleDataAccessMode":{"description":"Optional. The MongoDB compatible API data access mode to use for this database. If not set on write, the default value is DATA_ACCESS_MODE_ENABLED for Enterprise Edition. The value is always DATA_ACCESS_MODE_DISABLED for Standard Edition.","enum":["DATA_ACCESS_MODE_UNSPECIFIED","DATA_ACCESS_MODE_ENABLED","DATA_ACCESS_MODE_DISABLED"],"type":"string","x-google-enum-descriptions":["Not Used.","Accessing the database through the API is allowed.","Accessing the database through the API is disallowed."]},"name":{"description":"The resource name of the Database. Format: `projects/{project}/databases/{database}`","type":"string"},"pointInTimeRecoveryEnablement":{"description":"Whether to enable the PITR feature on this database.","enum":["POINT_IN_TIME_RECOVERY_ENABLEMENT_UNSPECIFIED","POINT_IN_TIME_RECOVERY_ENABLED","POINT_IN_TIME_RECOVERY_DISABLED"],"type":"string","x-google-enum-descriptions":["Not used.","Reads are supported on selected versions of the data from within the past 7 days: * Reads against any timestamp within the past hour * Reads against 1-minute snapshots beyond 1 hour and within 7 days `version_retention_period` and `earliest_version_time` can be used to determine the supported versions.","Reads are supported on any version of the data from within the past 1 hour."]},"previousId":{"description":"Output only. The database resource's prior database ID. This field is only populated for deleted databases.","readOnly":true,"type":"string"},"realtimeUpdatesMode":{"description":"Immutable. The default Realtime Updates mode to use for this database.","enum":["REALTIME_UPDATES_MODE_UNSPECIFIED","REALTIME_UPDATES_MODE_ENABLED","REALTIME_UPDATES_MODE_DISABLED"],"type":"string","x-google-enum-descriptions":["The Realtime Updates feature is not specified.","The Realtime Updates feature is enabled by default. This could potentially degrade write performance for the database.","The Realtime Updates feature is disabled by default."],"x-google-immutable":true},"sourceInfo":{"$ref":"#/$defs/SourceInfo","description":"Output only. Information about the provenance of this database.","readOnly":true},"tags":{"additionalProperties":{"type":"string"},"description":"Optional. Input only. Immutable. Tag keys/values directly bound to this resource. For example: \"123/environment\": \"production\", \"123/costCenter\": \"marketing\"","type":"object","writeOnly":true,"x-google-immutable":true},"type":{"description":"Required. The type of the database. See https://cloud.google.com/datastore/docs/firestore-or-datastore for information about how to choose.","enum":["DATABASE_TYPE_UNSPECIFIED","FIRESTORE_NATIVE","DATASTORE_MODE"],"type":"string","x-google-enum-descriptions":["Not used.","Firestore Native Mode","Firestore in Datastore Mode."]},"uid":{"description":"Output only. The system-generated UUID4 for this Database.","readOnly":true,"type":"string"},"updateTime":{"description":"Output only. The timestamp at which this database was most recently updated. Note this only includes updates to the database resource and not data contained by the database.","format":"date-time","readOnly":true,"type":"string"},"versionRetentionPeriod":{"description":"Output only. The period during which past versions of data are retained in the database. Any read or query can specify a `read_time` within this window, and will read the state of the database at that time. If the PITR feature is enabled, the retention period is 7 days. Otherwise, the retention period is 1 hour.","format":"google-duration","readOnly":true,"type":"string"}},"type":"object"},"SourceInfo":{"description":"Information about the provenance of this database.","properties":{"backup":{"$ref":"#/$defs/BackupSource","description":"If set, this database was restored from the specified backup (or a snapshot thereof)."},"operation":{"description":"The associated long-running operation. This field may not be set after the operation has completed. Format: `projects/{project}/databases/{database}/operations/{operation}`.","type":"string"}},"type":"object"}},"description":"The list of databases for a project.","properties":{"databases":{"description":"The databases in the project.","items":{"$ref":"#/$defs/Database"},"type":"array"},"unreachable":{"description":"In the event that data about individual databases cannot be listed they will be recorded here. An example entry might be: projects/some_project/locations/some_location This can happen if the Cloud Region that the Database resides in is currently unavailable. In this case we can't fetch all the details about the database. You may be able to get a more detailed error message (or possibly fetch the resource) by sending a 'Get' request for the resource or a 'List' request for the specific location.","items":{"type":"string"},"type":"array"}},"type":"object"}},{"annotations":{"destructiveHint":false,"openWorldHint":false,"readOnlyHint":false},"description":"Update a Firestore database.","inputSchema":{"$defs":{"BackupSource":{"description":"Information about a backup that was used to restore a database.","properties":{"backup":{"description":"The resource name of the backup that was used to restore this database. Format: `projects/{project}/locations/{location}/backups/{backup}`.","type":"string"}},"type":"object"},"CmekConfig":{"description":"The CMEK (Customer Managed Encryption Key) configuration for a Firestore database. If not present, the database is secured by the default Google encryption key.","properties":{"activeKeyVersion":{"description":"Output only. Currently in-use [KMS key versions](https://cloud.google.com/kms/docs/resource-hierarchy#key_versions). During [key rotation](https://cloud.google.com/kms/docs/key-rotation), there can be multiple in-use key versions. The expected format is `projects/{project_id}/locations/{kms_location}/keyRings/{key_ring}/cryptoKeys/{crypto_key}/cryptoKeyVersions/{key_version}`.","items":{"type":"string"},"readOnly":true,"type":"array"},"kmsKeyName":{"description":"Required. Only keys in the same location as this database are allowed to be used for encryption. For Firestore's nam5 multi-region, this corresponds to Cloud KMS multi-region us. For Firestore's eur3 multi-region, this corresponds to Cloud KMS multi-region europe. See https://cloud.google.com/kms/docs/locations. The expected format is `projects/{project_id}/locations/{kms_location}/keyRings/{key_ring}/cryptoKeys/{crypto_key}`.","type":"string"}},"required":["kmsKeyName"],"type":"object"},"Database":{"description":"A Cloud Firestore Database.","properties":{"appEngineIntegrationMode":{"description":"The App Engine integration mode to use for this database.","enum":["APP_ENGINE_INTEGRATION_MODE_UNSPECIFIED","ENABLED","DISABLED"],"type":"string","x-google-enum-descriptions":["Not used.","If an App Engine application exists in the same region as this database, App Engine configuration will impact this database. This includes disabling of the application & database, as well as disabling writes to the database.","App Engine has no effect on the ability of this database to serve requests. This is the default setting for databases created with the Firestore API."]},"cmekConfig":{"$ref":"#/$defs/CmekConfig","description":"Optional. Presence indicates CMEK is enabled for this database."},"concurrencyMode":{"description":"The concurrency control mode to use for this database. If unspecified in a CreateDatabase request, this will default based on the database edition: Optimistic for Enterprise and Pessimistic for all other databases.","enum":["CONCURRENCY_MODE_UNSPECIFIED","OPTIMISTIC","PESSIMISTIC","OPTIMISTIC_WITH_ENTITY_GROUPS"],"type":"string","x-google-enum-descriptions":["Not used.","Use optimistic concurrency control by default. This mode is available for Cloud Firestore databases. This is the default setting for Cloud Firestore Enterprise Edition databases.","Use pessimistic concurrency control by default. This mode is available for Cloud Firestore databases. This is the default setting for Cloud Firestore Standard Edition databases.","Use optimistic concurrency control with entity groups by default. This mode is enabled for some databases that were automatically upgraded from Cloud Datastore to Cloud Firestore with Datastore Mode. It is not recommended for any new databases, and not supported for Firestore Native databases."]},"createTime":{"description":"Output only. The timestamp at which this database was created. Databases created before 2016 do not populate create_time.","format":"date-time","readOnly":true,"type":"string"},"databaseEdition":{"description":"Immutable. The edition of the database.","enum":["DATABASE_EDITION_UNSPECIFIED","STANDARD","ENTERPRISE"],"type":"string","x-google-enum-descriptions":["Not used.","Standard edition. This is the default setting if not specified.","Enterprise edition."],"x-google-immutable":true},"deleteProtectionState":{"description":"State of delete protection for the database.","enum":["DELETE_PROTECTION_STATE_UNSPECIFIED","DELETE_PROTECTION_DISABLED","DELETE_PROTECTION_ENABLED"],"type":"string","x-google-enum-descriptions":["The default value. Delete protection type is not specified","Delete protection is disabled","Delete protection is enabled"]},"deleteTime":{"description":"Output only. The timestamp at which this database was deleted. Only set if the database has been deleted.","format":"date-time","readOnly":true,"type":"string"},"earliestVersionTime":{"description":"Output only. The earliest timestamp at which older versions of the data can be read from the database. See [version_retention_period] above; this field is populated with `now - version_retention_period`. This value is continuously updated, and becomes stale the moment it is queried. If you are using this value to recover data, make sure to account for the time from the moment when the value is queried to the moment when you initiate the recovery.","format":"date-time","readOnly":true,"type":"string"},"etag":{"description":"This checksum is computed by the server based on the value of other fields, and may be sent on update and delete requests to ensure the client has an up-to-date value before proceeding.","type":"string"},"firestoreDataAccessMode":{"description":"Optional. The Firestore API data access mode to use for this database. If not set on write: - the default value is DATA_ACCESS_MODE_DISABLED for Enterprise Edition. - the default value is DATA_ACCESS_MODE_ENABLED for Standard Edition.","enum":["DATA_ACCESS_MODE_UNSPECIFIED","DATA_ACCESS_MODE_ENABLED","DATA_ACCESS_MODE_DISABLED"],"type":"string","x-google-enum-descriptions":["Not Used.","Accessing the database through the API is allowed.","Accessing the database through the API is disallowed."]},"freeTier":{"description":"Output only. Background: Free tier is the ability of a Firestore database to use a small amount of resources every day without being charged. Once usage exceeds the free tier limit further usage is charged. Whether this database can make use of the free tier. Only one database per project can be eligible for the free tier. The first (or next) database that is created in a project without a free tier database will be marked as eligible for the free tier. Databases that are created while there is a free tier database will not be eligible for the free tier.","readOnly":true,"type":"boolean"},"keyPrefix":{"description":"Output only. The key_prefix for this database. This key_prefix is used, in combination with the project ID (\"~\") to construct the application ID that is returned from the Cloud Datastore APIs in Google App Engine first generation runtimes. This value may be empty in which case the appid to use for URL-encoded keys is the project_id (eg: foo instead of v~foo).","readOnly":true,"type":"string"},"locationId":{"description":"Required. The location of the database. Available locations are listed at https://cloud.google.com/firestore/docs/locations.","type":"string"},"mongodbCompatibleDataAccessMode":{"description":"Optional. The MongoDB compatible API data access mode to use for this database. If not set on write, the default value is DATA_ACCESS_MODE_ENABLED for Enterprise Edition. The value is always DATA_ACCESS_MODE_DISABLED for Standard Edition.","enum":["DATA_ACCESS_MODE_UNSPECIFIED","DATA_ACCESS_MODE_ENABLED","DATA_ACCESS_MODE_DISABLED"],"type":"string","x-google-enum-descriptions":["Not Used.","Accessing the database through the API is allowed.","Accessing the database through the API is disallowed."]},"name":{"description":"The resource name of the Database. Format: `projects/{project}/databases/{database}`","type":"string"},"pointInTimeRecoveryEnablement":{"description":"Whether to enable the PITR feature on this database.","enum":["POINT_IN_TIME_RECOVERY_ENABLEMENT_UNSPECIFIED","POINT_IN_TIME_RECOVERY_ENABLED","POINT_IN_TIME_RECOVERY_DISABLED"],"type":"string","x-google-enum-descriptions":["Not used.","Reads are supported on selected versions of the data from within the past 7 days: * Reads against any timestamp within the past hour * Reads against 1-minute snapshots beyond 1 hour and within 7 days `version_retention_period` and `earliest_version_time` can be used to determine the supported versions.","Reads are supported on any version of the data from within the past 1 hour."]},"previousId":{"description":"Output only. The database resource's prior database ID. This field is only populated for deleted databases.","readOnly":true,"type":"string"},"realtimeUpdatesMode":{"description":"Immutable. The default Realtime Updates mode to use for this database.","enum":["REALTIME_UPDATES_MODE_UNSPECIFIED","REALTIME_UPDATES_MODE_ENABLED","REALTIME_UPDATES_MODE_DISABLED"],"type":"string","x-google-enum-descriptions":["The Realtime Updates feature is not specified.","The Realtime Updates feature is enabled by default. This could potentially degrade write performance for the database.","The Realtime Updates feature is disabled by default."],"x-google-immutable":true},"sourceInfo":{"$ref":"#/$defs/SourceInfo","description":"Output only. Information about the provenance of this database.","readOnly":true},"tags":{"additionalProperties":{"type":"string"},"description":"Optional. Input only. Immutable. Tag keys/values directly bound to this resource. For example: \"123/environment\": \"production\", \"123/costCenter\": \"marketing\"","type":"object","writeOnly":true,"x-google-immutable":true},"type":{"description":"Required. The type of the database. See https://cloud.google.com/datastore/docs/firestore-or-datastore for information about how to choose.","enum":["DATABASE_TYPE_UNSPECIFIED","FIRESTORE_NATIVE","DATASTORE_MODE"],"type":"string","x-google-enum-descriptions":["Not used.","Firestore Native Mode","Firestore in Datastore Mode."]},"uid":{"description":"Output only. The system-generated UUID4 for this Database.","readOnly":true,"type":"string"},"updateTime":{"description":"Output only. The timestamp at which this database was most recently updated. Note this only includes updates to the database resource and not data contained by the database.","format":"date-time","readOnly":true,"type":"string"},"versionRetentionPeriod":{"description":"Output only. The period during which past versions of data are retained in the database. Any read or query can specify a `read_time` within this window, and will read the state of the database at that time. If the PITR feature is enabled, the retention period is 7 days. Otherwise, the retention period is 1 hour.","format":"google-duration","readOnly":true,"type":"string"}},"required":["locationId","type"],"type":"object"},"SourceInfo":{"description":"Information about the provenance of this database.","properties":{"backup":{"$ref":"#/$defs/BackupSource","description":"If set, this database was restored from the specified backup (or a snapshot thereof)."},"operation":{"description":"The associated long-running operation. This field may not be set after the operation has completed. Format: `projects/{project}/databases/{database}/operations/{operation}`.","type":"string"}},"type":"object"}},"description":"The request for FirestoreAdmin.UpdateDatabase.","properties":{"database":{"$ref":"#/$defs/Database","description":"Required. The database to update."},"updateMask":{"description":"The list of fields to be updated.","format":"google-fieldmask","pattern":"^(\\s*[^,\\s.]+(\\s*[,.]\\s*[^,\\s.]+)*)?$","type":"string"}},"required":["database"],"type":"object"},"name":"update_database","outputSchema":{"$defs":{"Status":{"description":"The `Status` type defines a logical error model that is suitable for different programming environments, including REST APIs and RPC APIs. It is used by [gRPC](https://github.com/grpc). Each `Status` message contains three pieces of data: error code, error message, and error details. You can find out more about this error model and how to work with it in the [API Design Guide](https://cloud.google.com/apis/design/errors).","properties":{"code":{"description":"The status code, which should be an enum value of google.rpc.Code.","format":"int32","type":"integer"},"details":{"description":"A list of messages that carry the error details. There is a common set of message types for APIs to use.","items":{"additionalProperties":{"description":"Properties of the object. Contains field @type with type URL."},"type":"object"},"type":"array"},"message":{"description":"A developer-facing error message, which should be in English. Any user-facing error message should be localized and sent in the google.rpc.Status.details field, or localized by the client.","type":"string"}},"type":"object"}},"description":"This resource represents a long-running operation that is the result of a network API call.","properties":{"done":{"description":"If the value is `false`, it means the operation is still in progress. If `true`, the operation is completed, and either `error` or `response` is available.","type":"boolean"},"error":{"$ref":"#/$defs/Status","description":"The error result of the operation in case of failure or cancellation."},"metadata":{"additionalProperties":{"description":"Properties of the object. Contains field @type with type URL."},"description":"Service-specific metadata associated with the operation. It typically contains progress information and common metadata such as create time. Some services might not provide such metadata. Any method that returns a long-running operation should document the metadata type, if any.","type":"object"},"name":{"description":"The server-assigned name, which is only unique within the same service that originally returns it. If you use the default HTTP mapping, the `name` should be a resource name ending with `operations/{unique_id}`.","type":"string"},"response":{"additionalProperties":{"description":"Properties of the object. Contains field @type with type URL."},"description":"The normal, successful response of the operation. If the original method returns no data on success, such as `Delete`, the response is `google.protobuf.Empty`. If the original method is standard `Get`/`Create`/`Update`, the response should be the resource. For other methods, the response should have the type `XxxResponse`, where `Xxx` is the original method name. For example, if the original method name is `TakeSnapshot()`, the inferred response type is `TakeSnapshotResponse`.","type":"object"}},"type":"object"}},{"annotations":{"destructiveHint":true,"openWorldHint":false,"readOnlyHint":false},"description":"Delete a Firestore database.","inputSchema":{"description":"The request for FirestoreAdmin.DeleteDatabase.","properties":{"etag":{"description":"The current etag of the Database. If an etag is provided and does not match the current etag of the database, deletion will be blocked and a FAILED_PRECONDITION error will be returned.","type":"string"},"name":{"description":"Required. A name of the form `projects/{project_id}/databases/{database_id}`","type":"string"}},"required":["name"],"type":"object"},"name":"delete_database","outputSchema":{"$defs":{"Status":{"description":"The `Status` type defines a logical error model that is suitable for different programming environments, including REST APIs and RPC APIs. It is used by [gRPC](https://github.com/grpc). Each `Status` message contains three pieces of data: error code, error message, and error details. You can find out more about this error model and how to work with it in the [API Design Guide](https://cloud.google.com/apis/design/errors).","properties":{"code":{"description":"The status code, which should be an enum value of google.rpc.Code.","format":"int32","type":"integer"},"details":{"description":"A list of messages that carry the error details. There is a common set of message types for APIs to use.","items":{"additionalProperties":{"description":"Properties of the object. Contains field @type with type URL."},"type":"object"},"type":"array"},"message":{"description":"A developer-facing error message, which should be in English. Any user-facing error message should be localized and sent in the google.rpc.Status.details field, or localized by the client.","type":"string"}},"type":"object"}},"description":"This resource represents a long-running operation that is the result of a network API call.","properties":{"done":{"description":"If the value is `false`, it means the operation is still in progress. If `true`, the operation is completed, and either `error` or `response` is available.","type":"boolean"},"error":{"$ref":"#/$defs/Status","description":"The error result of the operation in case of failure or cancellation."},"metadata":{"additionalProperties":{"description":"Properties of the object. Contains field @type with type URL."},"description":"Service-specific metadata associated with the operation. It typically contains progress information and common metadata such as create time. Some services might not provide such metadata. Any method that returns a long-running operation should document the metadata type, if any.","type":"object"},"name":{"description":"The server-assigned name, which is only unique within the same service that originally returns it. If you use the default HTTP mapping, the `name` should be a resource name ending with `operations/{unique_id}`.","type":"string"},"response":{"additionalProperties":{"description":"Properties of the object. Contains field @type with type URL."},"description":"The normal, successful response of the operation. If the original method returns no data on success, such as `Delete`, the response is `google.protobuf.Empty`. If the original method is standard `Get`/`Create`/`Update`, the response should be the resource. For other methods, the response should have the type `XxxResponse`, where `Xxx` is the original method name. For example, if the original method name is `TakeSnapshot()`, the inferred response type is `TakeSnapshotResponse`.","type":"object"}},"type":"object"}},{"annotations":{"destructiveHint":false,"openWorldHint":false,"readOnlyHint":false},"description":"Create a composite index.","inputSchema":{"$defs":{"Index":{"description":"Cloud Firestore indexes enable simple and complex queries against documents in a database.","properties":{"apiScope":{"description":"The API scope supported by this index.","enum":["ANY_API","DATASTORE_MODE_API","MONGODB_COMPATIBLE_API"],"type":"string","x-google-enum-descriptions":["The index can only be used by the Firestore Native query API. This is the default.","The index can only be used by the Firestore in Datastore Mode query API.","The index can only be used by the MONGODB_COMPATIBLE_API."]},"density":{"description":"Immutable. The density configuration of the index.","enum":["DENSITY_UNSPECIFIED","SPARSE_ALL","SPARSE_ANY","DENSE"],"type":"string","x-google-enum-descriptions":["Unspecified. It will use database default setting. This value is input only.","An index entry will only exist if ALL fields are present in the document. This is both the default and only allowed value for Standard Edition databases (for both Cloud Firestore `ANY_API` and Cloud Datastore `DATASTORE_MODE_API`). Take for example the following document: ``` { \"__name__\": \"...\", \"a\": 1, \"b\": 2, \"c\": 3 } ``` an index on `(a ASC, b ASC, c ASC, __name__ ASC)` will generate an index entry for this document since `a`, 'b', `c`, and `__name__` are all present but an index of `(a ASC, d ASC, __name__ ASC)` will not generate an index entry for this document since `d` is missing. This means that such indexes can only be used to serve a query when the query has either implicit or explicit requirements that all fields from the index are present.","An index entry will exist if ANY field are present in the document. This is used as the definition of a sparse index for Enterprise Edition databases. Take for example the following document: ``` { \"__name__\": \"...\", \"a\": 1, \"b\": 2, \"c\": 3 } ``` an index on `(a ASC, d ASC)` will generate an index entry for this document since `a` is present, and will fill in an `unset` value for `d`. An index on `(d ASC, e ASC)` will not generate any index entry as neither `d` nor `e` are present. An index that contains `__name__` will generate an index entry for all documents since Firestore guarantees that all documents have a `__name__` field.","An index entry will exist regardless of if the fields are present or not. This is the default density for an Enterprise Edition database. The index will store `unset` values for fields that are not present in the document."],"x-google-immutable":true},"fields":{"description":"A field in an index. The field_path describes which field is indexed, the value_mode describes how the field value is indexed.","items":{"$ref":"#/$defs/IndexField"},"type":"array"},"multikey":{"description":"Optional. Whether the index is multikey. By default, the index is not multikey. For non-multikey indexes, none of the paths in the index definition reach or traverse an array, except via an explicit array index. For multikey indexes, at most one of the paths in the index definition reach or traverse an array, except via an explicit array index. Violations will result in errors. Note this field only applies to index with MONGODB_COMPATIBLE_API ApiScope.","type":"boolean"},"name":{"description":"Output only. A server defined name for this index. The form of this name for composite indexes will be: `projects/{project_id}/databases/{database_id}/collectionGroups/{collection_id}/indexes/{composite_index_id}` For single field indexes, this field will be empty.","readOnly":true,"type":"string"},"queryScope":{"description":"Indexes with a collection query scope specified allow queries against a collection that is the child of a specific document, specified at query time, and that has the same collection ID. Indexes with a collection group query scope specified allow queries against all collections descended from a specific document, specified at query time, and that have the same collection ID as this index.","enum":["QUERY_SCOPE_UNSPECIFIED","COLLECTION","COLLECTION_GROUP","COLLECTION_RECURSIVE"],"type":"string","x-google-enum-descriptions":["The query scope is unspecified. Not a valid option.","Indexes with a collection query scope specified allow queries against a collection that is the child of a specific document, specified at query time, and that has the collection ID specified by the index.","Indexes with a collection group query scope specified allow queries against all collections that has the collection ID specified by the index.","Include all the collections's ancestor in the index. Only available for Datastore Mode databases."]},"shardCount":{"description":"Optional. The number of shards for the index.","format":"int32","type":"integer"},"state":{"description":"Output only. The serving state of the index.","enum":["STATE_UNSPECIFIED","CREATING","READY","NEEDS_REPAIR"],"type":"string","x-google-enum-descriptions":["The state is unspecified.","The index is being created. There is an active long-running operation for the index. The index is updated when writing a document. Some index data may exist.","The index is ready to be used. The index is updated when writing a document. The index is fully populated from all stored documents it applies to.","The index was being created, but something went wrong. There is no active long-running operation for the index, and the most recently finished long-running operation failed. The index is not updated when writing a document. Some index data may exist. Use the google.longrunning.Operations API to determine why the operation that last attempted to create this index failed, then re-create the index."]},"unique":{"description":"Optional. Whether it is an unique index. Unique index ensures all values for the indexed field(s) are unique across documents.","type":"boolean"}},"type":"object"},"IndexField":{"description":"The fields supported by this index. For composite indexes, this requires a minimum of 2 and a maximum of 100 fields. The last field entry is always for the field path `__name__`. If, on creation, `__name__` was not specified as the last field, it will be added automatically with the same direction as that of the last field defined. If the final field in a composite index is not directional, the `__name__` will be ordered ASCENDING (unless explicitly specified). For single field indexes, this will always be exactly one entry with a field path equal to the field path of the associated field.","properties":{"arrayConfig":{"description":"Indicates that this field supports operations on `array_value`s.","enum":["ARRAY_CONFIG_UNSPECIFIED","CONTAINS"],"type":"string","x-google-enum-descriptions":["The index does not support additional array queries.","The index supports array containment queries."]},"fieldPath":{"description":"Can be __name__. For single field indexes, this must match the name of the field or may be omitted.","type":"string"},"order":{"description":"Indicates that this field supports ordering by the specified order or comparing using =, !=, <, <=, >, >=.","enum":["ORDER_UNSPECIFIED","ASCENDING","DESCENDING"],"type":"string","x-google-enum-descriptions":["The ordering is unspecified. Not a valid option.","The field is ordered by ascending field value.","The field is ordered by descending field value."]},"vectorConfig":{"$ref":"#/$defs/VectorConfig","description":"Indicates that this field supports nearest neighbor and distance operations on vector."}},"type":"object"},"VectorConfig":{"description":"The index configuration to support vector search operations","properties":{"dimension":{"description":"The vector dimension this configuration applies to. The resulting index will only include vectors of this dimension, and can be used for vector search with the same dimension.","format":"int32","type":"integer"}},"type":"object"}},"description":"The request for FirestoreAdmin.CreateIndex.","properties":{"index":{"$ref":"#/$defs/Index","description":"Required. The composite index to create."},"parent":{"description":"Required. A parent name of the form `projects/{project_id}/databases/{database_id}/collectionGroups/{collection_id}`","type":"string"}},"required":["parent","index"],"type":"object"},"name":"create_index","outputSchema":{"$defs":{"Status":{"description":"The `Status` type defines a logical error model that is suitable for different programming environments, including REST APIs and RPC APIs. It is used by [gRPC](https://github.com/grpc). Each `Status` message contains three pieces of data: error code, error message, and error details. You can find out more about this error model and how to work with it in the [API Design Guide](https://cloud.google.com/apis/design/errors).","properties":{"code":{"description":"The status code, which should be an enum value of google.rpc.Code.","format":"int32","type":"integer"},"details":{"description":"A list of messages that carry the error details. There is a common set of message types for APIs to use.","items":{"additionalProperties":{"description":"Properties of the object. Contains field @type with type URL."},"type":"object"},"type":"array"},"message":{"description":"A developer-facing error message, which should be in English. Any user-facing error message should be localized and sent in the google.rpc.Status.details field, or localized by the client.","type":"string"}},"type":"object"}},"description":"This resource represents a long-running operation that is the result of a network API call.","properties":{"done":{"description":"If the value is `false`, it means the operation is still in progress. If `true`, the operation is completed, and either `error` or `response` is available.","type":"boolean"},"error":{"$ref":"#/$defs/Status","description":"The error result of the operation in case of failure or cancellation."},"metadata":{"additionalProperties":{"description":"Properties of the object. Contains field @type with type URL."},"description":"Service-specific metadata associated with the operation. It typically contains progress information and common metadata such as create time. Some services might not provide such metadata. Any method that returns a long-running operation should document the metadata type, if any.","type":"object"},"name":{"description":"The server-assigned name, which is only unique within the same service that originally returns it. If you use the default HTTP mapping, the `name` should be a resource name ending with `operations/{unique_id}`.","type":"string"},"response":{"additionalProperties":{"description":"Properties of the object. Contains field @type with type URL."},"description":"The normal, successful response of the operation. If the original method returns no data on success, such as `Delete`, the response is `google.protobuf.Empty`. If the original method is standard `Get`/`Create`/`Update`, the response should be the resource. For other methods, the response should have the type `XxxResponse`, where `Xxx` is the original method name. For example, if the original method name is `TakeSnapshot()`, the inferred response type is `TakeSnapshotResponse`.","type":"object"}},"type":"object"}},{"annotations":{"destructiveHint":false,"openWorldHint":false,"readOnlyHint":true},"description":"Get a Firestore index.","inputSchema":{"description":"The request for FirestoreAdmin.GetIndex.","properties":{"name":{"description":"Required. A name of the form `projects/{project_id}/databases/{database_id}/collectionGroups/{collection_id}/indexes/{index_id}`","type":"string"}},"required":["name"],"type":"object"},"name":"get_index","outputSchema":{"$defs":{"FlatIndex":{"description":"An index that stores vectors in a flat data structure, and supports exhaustive search.","type":"object"},"IndexField":{"description":"A field in an index. The field_path describes which field is indexed, the value_mode describes how the field value is indexed.","properties":{"arrayConfig":{"description":"Indicates that this field supports operations on `array_value`s.","enum":["ARRAY_CONFIG_UNSPECIFIED","CONTAINS"],"type":"string","x-google-enum-descriptions":["The index does not support additional array queries.","The index supports array containment queries."]},"fieldPath":{"description":"Can be __name__. For single field indexes, this must match the name of the field or may be omitted.","type":"string"},"order":{"description":"Indicates that this field supports ordering by the specified order or comparing using =, !=, <, <=, >, >=.","enum":["ORDER_UNSPECIFIED","ASCENDING","DESCENDING"],"type":"string","x-google-enum-descriptions":["The ordering is unspecified. Not a valid option.","The field is ordered by ascending field value.","The field is ordered by descending field value."]},"vectorConfig":{"$ref":"#/$defs/VectorConfig","description":"Indicates that this field supports nearest neighbor and distance operations on vector."}},"type":"object"},"VectorConfig":{"description":"The index configuration to support vector search operations","properties":{"dimension":{"description":"Required. The vector dimension this configuration applies to. The resulting index will only include vectors of this dimension, and can be used for vector search with the same dimension.","format":"int32","type":"integer"},"flat":{"$ref":"#/$defs/FlatIndex","description":"Indicates the vector index is a flat index."}},"type":"object"}},"description":"Cloud Firestore indexes enable simple and complex queries against documents in a database.","properties":{"apiScope":{"description":"The API scope supported by this index.","enum":["ANY_API","DATASTORE_MODE_API","MONGODB_COMPATIBLE_API"],"type":"string","x-google-enum-descriptions":["The index can only be used by the Firestore Native query API. This is the default.","The index can only be used by the Firestore in Datastore Mode query API.","The index can only be used by the MONGODB_COMPATIBLE_API."]},"density":{"description":"Immutable. The density configuration of the index.","enum":["DENSITY_UNSPECIFIED","SPARSE_ALL","SPARSE_ANY","DENSE"],"type":"string","x-google-enum-descriptions":["Unspecified. It will use database default setting. This value is input only.","An index entry will only exist if ALL fields are present in the document. This is both the default and only allowed value for Standard Edition databases (for both Cloud Firestore `ANY_API` and Cloud Datastore `DATASTORE_MODE_API`). Take for example the following document: ``` { \"__name__\": \"...\", \"a\": 1, \"b\": 2, \"c\": 3 } ``` an index on `(a ASC, b ASC, c ASC, __name__ ASC)` will generate an index entry for this document since `a`, 'b', `c`, and `__name__` are all present but an index of `(a ASC, d ASC, __name__ ASC)` will not generate an index entry for this document since `d` is missing. This means that such indexes can only be used to serve a query when the query has either implicit or explicit requirements that all fields from the index are present.","An index entry will exist if ANY field are present in the document. This is used as the definition of a sparse index for Enterprise Edition databases. Take for example the following document: ``` { \"__name__\": \"...\", \"a\": 1, \"b\": 2, \"c\": 3 } ``` an index on `(a ASC, d ASC)` will generate an index entry for this document since `a` is present, and will fill in an `unset` value for `d`. An index on `(d ASC, e ASC)` will not generate any index entry as neither `d` nor `e` are present. An index that contains `__name__` will generate an index entry for all documents since Firestore guarantees that all documents have a `__name__` field.","An index entry will exist regardless of if the fields are present or not. This is the default density for an Enterprise Edition database. The index will store `unset` values for fields that are not present in the document."],"x-google-immutable":true},"fields":{"description":"The fields supported by this index. For composite indexes, this requires a minimum of 2 and a maximum of 100 fields. The last field entry is always for the field path `__name__`. If, on creation, `__name__` was not specified as the last field, it will be added automatically with the same direction as that of the last field defined. If the final field in a composite index is not directional, the `__name__` will be ordered ASCENDING (unless explicitly specified). For single field indexes, this will always be exactly one entry with a field path equal to the field path of the associated field.","items":{"$ref":"#/$defs/IndexField"},"type":"array"},"multikey":{"description":"Optional. Whether the index is multikey. By default, the index is not multikey. For non-multikey indexes, none of the paths in the index definition reach or traverse an array, except via an explicit array index. For multikey indexes, at most one of the paths in the index definition reach or traverse an array, except via an explicit array index. Violations will result in errors. Note this field only applies to index with MONGODB_COMPATIBLE_API ApiScope.","type":"boolean"},"name":{"description":"Output only. A server defined name for this index. The form of this name for composite indexes will be: `projects/{project_id}/databases/{database_id}/collectionGroups/{collection_id}/indexes/{composite_index_id}` For single field indexes, this field will be empty.","type":"string"},"queryScope":{"description":"Indexes with a collection query scope specified allow queries against a collection that is the child of a specific document, specified at query time, and that has the same collection ID. Indexes with a collection group query scope specified allow queries against all collections descended from a specific document, specified at query time, and that have the same collection ID as this index.","enum":["QUERY_SCOPE_UNSPECIFIED","COLLECTION","COLLECTION_GROUP","COLLECTION_RECURSIVE"],"type":"string","x-google-enum-descriptions":["The query scope is unspecified. Not a valid option.","Indexes with a collection query scope specified allow queries against a collection that is the child of a specific document, specified at query time, and that has the collection ID specified by the index.","Indexes with a collection group query scope specified allow queries against all collections that has the collection ID specified by the index.","Include all the collections's ancestor in the index. Only available for Datastore Mode databases."]},"shardCount":{"description":"Optional. The number of shards for the index.","format":"int32","type":"integer"},"state":{"description":"Output only. The serving state of the index.","enum":["STATE_UNSPECIFIED","CREATING","READY","NEEDS_REPAIR"],"type":"string","x-google-enum-descriptions":["The state is unspecified.","The index is being created. There is an active long-running operation for the index. The index is updated when writing a document. Some index data may exist.","The index is ready to be used. The index is updated when writing a document. The index is fully populated from all stored documents it applies to.","The index was being created, but something went wrong. There is no active long-running operation for the index, and the most recently finished long-running operation failed. The index is not updated when writing a document. Some index data may exist. Use the google.longrunning.Operations API to determine why the operation that last attempted to create this index failed, then re-create the index."]},"unique":{"description":"Optional. Whether it is an unique index. Unique index ensures all values for the indexed field(s) are unique across documents.","type":"boolean"}},"type":"object"}},{"annotations":{"destructiveHint":false,"openWorldHint":false,"readOnlyHint":true},"description":"List Firestore indexes.","inputSchema":{"description":"The request for FirestoreAdmin.ListIndexes.","properties":{"filter":{"description":"The filter to apply to list results.","type":"string"},"pageSize":{"description":"The number of results to return.","format":"int32","type":"integer"},"pageToken":{"description":"A page token, returned from a previous call to FirestoreAdmin.ListIndexes, that may be used to get the next page of results.","type":"string"},"parent":{"description":"Required. A parent name of the form `projects/{project_id}/databases/{database_id}/collectionGroups/{collection_id}`","type":"string"}},"required":["parent"],"type":"object"},"name":"list_indexes","outputSchema":{"$defs":{"FlatIndex":{"description":"An index that stores vectors in a flat data structure, and supports exhaustive search.","type":"object"},"Index":{"description":"Cloud Firestore indexes enable simple and complex queries against documents in a database.","properties":{"apiScope":{"description":"The API scope supported by this index.","enum":["ANY_API","DATASTORE_MODE_API","MONGODB_COMPATIBLE_API"],"type":"string","x-google-enum-descriptions":["The index can only be used by the Firestore Native query API. This is the default.","The index can only be used by the Firestore in Datastore Mode query API.","The index can only be used by the MONGODB_COMPATIBLE_API."]},"density":{"description":"Immutable. The density configuration of the index.","enum":["DENSITY_UNSPECIFIED","SPARSE_ALL","SPARSE_ANY","DENSE"],"type":"string","x-google-enum-descriptions":["Unspecified. It will use database default setting. This value is input only.","An index entry will only exist if ALL fields are present in the document. This is both the default and only allowed value for Standard Edition databases (for both Cloud Firestore `ANY_API` and Cloud Datastore `DATASTORE_MODE_API`). Take for example the following document: ``` { \"__name__\": \"...\", \"a\": 1, \"b\": 2, \"c\": 3 } ``` an index on `(a ASC, b ASC, c ASC, __name__ ASC)` will generate an index entry for this document since `a`, 'b', `c`, and `__name__` are all present but an index of `(a ASC, d ASC, __name__ ASC)` will not generate an index entry for this document since `d` is missing. This means that such indexes can only be used to serve a query when the query has either implicit or explicit requirements that all fields from the index are present.","An index entry will exist if ANY field are present in the document. This is used as the definition of a sparse index for Enterprise Edition databases. Take for example the following document: ``` { \"__name__\": \"...\", \"a\": 1, \"b\": 2, \"c\": 3 } ``` an index on `(a ASC, d ASC)` will generate an index entry for this document since `a` is present, and will fill in an `unset` value for `d`. An index on `(d ASC, e ASC)` will not generate any index entry as neither `d` nor `e` are present. An index that contains `__name__` will generate an index entry for all documents since Firestore guarantees that all documents have a `__name__` field.","An index entry will exist regardless of if the fields are present or not. This is the default density for an Enterprise Edition database. The index will store `unset` values for fields that are not present in the document."],"x-google-immutable":true},"fields":{"description":"The fields supported by this index. For composite indexes, this requires a minimum of 2 and a maximum of 100 fields. The last field entry is always for the field path `__name__`. If, on creation, `__name__` was not specified as the last field, it will be added automatically with the same direction as that of the last field defined. If the final field in a composite index is not directional, the `__name__` will be ordered ASCENDING (unless explicitly specified). For single field indexes, this will always be exactly one entry with a field path equal to the field path of the associated field.","items":{"$ref":"#/$defs/IndexField"},"type":"array"},"multikey":{"description":"Optional. Whether the index is multikey. By default, the index is not multikey. For non-multikey indexes, none of the paths in the index definition reach or traverse an array, except via an explicit array index. For multikey indexes, at most one of the paths in the index definition reach or traverse an array, except via an explicit array index. Violations will result in errors. Note this field only applies to index with MONGODB_COMPATIBLE_API ApiScope.","type":"boolean"},"name":{"description":"Output only. A server defined name for this index. The form of this name for composite indexes will be: `projects/{project_id}/databases/{database_id}/collectionGroups/{collection_id}/indexes/{composite_index_id}` For single field indexes, this field will be empty.","type":"string"},"queryScope":{"description":"Indexes with a collection query scope specified allow queries against a collection that is the child of a specific document, specified at query time, and that has the same collection ID. Indexes with a collection group query scope specified allow queries against all collections descended from a specific document, specified at query time, and that have the same collection ID as this index.","enum":["QUERY_SCOPE_UNSPECIFIED","COLLECTION","COLLECTION_GROUP","COLLECTION_RECURSIVE"],"type":"string","x-google-enum-descriptions":["The query scope is unspecified. Not a valid option.","Indexes with a collection query scope specified allow queries against a collection that is the child of a specific document, specified at query time, and that has the collection ID specified by the index.","Indexes with a collection group query scope specified allow queries against all collections that has the collection ID specified by the index.","Include all the collections's ancestor in the index. Only available for Datastore Mode databases."]},"shardCount":{"description":"Optional. The number of shards for the index.","format":"int32","type":"integer"},"state":{"description":"Output only. The serving state of the index.","enum":["STATE_UNSPECIFIED","CREATING","READY","NEEDS_REPAIR"],"type":"string","x-google-enum-descriptions":["The state is unspecified.","The index is being created. There is an active long-running operation for the index. The index is updated when writing a document. Some index data may exist.","The index is ready to be used. The index is updated when writing a document. The index is fully populated from all stored documents it applies to.","The index was being created, but something went wrong. There is no active long-running operation for the index, and the most recently finished long-running operation failed. The index is not updated when writing a document. Some index data may exist. Use the google.longrunning.Operations API to determine why the operation that last attempted to create this index failed, then re-create the index."]},"unique":{"description":"Optional. Whether it is an unique index. Unique index ensures all values for the indexed field(s) are unique across documents.","type":"boolean"}},"type":"object"},"IndexField":{"description":"A field in an index. The field_path describes which field is indexed, the value_mode describes how the field value is indexed.","properties":{"arrayConfig":{"description":"Indicates that this field supports operations on `array_value`s.","enum":["ARRAY_CONFIG_UNSPECIFIED","CONTAINS"],"type":"string","x-google-enum-descriptions":["The index does not support additional array queries.","The index supports array containment queries."]},"fieldPath":{"description":"Can be __name__. For single field indexes, this must match the name of the field or may be omitted.","type":"string"},"order":{"description":"Indicates that this field supports ordering by the specified order or comparing using =, !=, <, <=, >, >=.","enum":["ORDER_UNSPECIFIED","ASCENDING","DESCENDING"],"type":"string","x-google-enum-descriptions":["The ordering is unspecified. Not a valid option.","The field is ordered by ascending field value.","The field is ordered by descending field value."]},"vectorConfig":{"$ref":"#/$defs/VectorConfig","description":"Indicates that this field supports nearest neighbor and distance operations on vector."}},"type":"object"},"VectorConfig":{"description":"The index configuration to support vector search operations","properties":{"dimension":{"description":"Required. The vector dimension this configuration applies to. The resulting index will only include vectors of this dimension, and can be used for vector search with the same dimension.","format":"int32","type":"integer"},"flat":{"$ref":"#/$defs/FlatIndex","description":"Indicates the vector index is a flat index."}},"type":"object"}},"description":"The response for FirestoreAdmin.ListIndexes.","properties":{"indexes":{"description":"The requested indexes.","items":{"$ref":"#/$defs/Index"},"type":"array"},"nextPageToken":{"description":"A page token that may be used to request another page of results. If blank, this is the last page.","type":"string"}},"type":"object"}},{"annotations":{"destructiveHint":true,"openWorldHint":false,"readOnlyHint":false},"description":"Delete a Firestore index.","inputSchema":{"description":"The request for FirestoreAdmin.DeleteIndex.","properties":{"name":{"description":"Required. A name of the form `projects/{project_id}/databases/{database_id}/collectionGroups/{collection_id}/indexes/{index_id}`","type":"string"}},"required":["name"],"type":"object"},"name":"delete_index","outputSchema":{"description":"A generic empty message that you can re-use to avoid defining duplicated empty messages in your APIs. A typical example is to use it as the request or the response type of an API method. For instance: service Foo { rpc Bar(google.protobuf.Empty) returns (google.protobuf.Empty); }","type":"object"}}]}}
[error] Failed to fetch Firebase Project from Studio Workspace because WORKSPACE_SLUG environment variable is empty
[debug] [2026-03-21T13:16:31.537Z] > command requires scopes: ["email","openid","https://www.googleapis.com/auth/cloudplatformprojects.readonly","https://www.googleapis.com/auth/firebase","https://www.googleapis.com/auth/cloud-platform","https://www.googleapis.com/auth/userinfo.email"]
[debug] [2026-03-21T13:16:31.537Z] > authorizing via signed-in user (ai729776@gmail.com)
